forecast_date,timestamp,location,y_true,y_pred
2023-03-20,2023-03-20 00:00:00,bergen,2.4655306458333333,3.1281916458333336
2023-03-20,2023-03-20 00:00:00,oslo,9.121438000000005,11.593316000000002
2023-03-20,2023-03-20 00:00:00,stavanger,4.379917999999999,5.4879359999999995
2023-03-20,2023-03-20 00:00:00,tromsø,1.664638,1.902129
2023-03-20,2023-03-20 00:00:00,trondheim,3.0202375944444446,3.5651454013888886
2023-03-20,2023-03-20 01:00:00,bergen,2.3984296458333336,3.0615396458333333
2023-03-20,2023-03-20 01:00:00,oslo,8.780819000000001,11.462101000000002
2023-03-20,2023-03-20 01:00:00,stavanger,4.251612,5.418108500000001
2023-03-20,2023-03-20 01:00:00,tromsø,1.639037,1.8711935000000002
2023-03-20,2023-03-20 01:00:00,trondheim,2.9092335944444443,3.4549249013888885
2023-03-20,2023-03-20 02:00:00,bergen,2.3690706458333337,3.010515145833333
2023-03-20,2023-03-20 02:00:00,oslo,8.614454,11.406278000000004
2023-03-20,2023-03-20 02:00:00,stavanger,4.188091,5.344246
2023-03-20,2023-03-20 02:00:00,tromsø,1.638632,1.8480480000000004
2023-03-20,2023-03-20 02:00:00,trondheim,2.8748345944444447,3.4131669013888883
2023-03-20,2023-03-20 03:00:00,bergen,2.3909326458333333,2.973901645833333
2023-03-20,2023-03-20 03:00:00,oslo,8.539573,11.345579
2023-03-20,2023-03-20 03:00:00,stavanger,4.105663,5.2715485
2023-03-20,2023-03-20 03:00:00,tromsø,1.6248740000000002,1.8574855000000001
2023-03-20,2023-03-20 03:00:00,trondheim,2.8425595944444444,3.3627714013888887
2023-03-20,2023-03-20 04:00:00,bergen,2.409034645833333,3.011256645833334
2023-03-20,2023-03-20 04:00:00,oslo,8.759818000000001,11.605075
2023-03-20,2023-03-20 04:00:00,stavanger,4.140187000000001,5.299845000000001
2023-03-20,2023-03-20 04:00:00,tromsø,1.6294170000000003,1.887593
2023-03-20,2023-03-20 04:00:00,trondheim,2.9480505944444446,3.3977764013888887
2023-03-20,2023-03-20 05:00:00,bergen,2.618958645833333,3.205734645833333
2023-03-20,2023-03-20 05:00:00,oslo,9.687841,12.589636499999997
2023-03-20,2023-03-20 05:00:00,stavanger,4.583711,5.65826
2023-03-20,2023-03-20 05:00:00,tromsø,1.7489939999999995,2.0069405000000002
2023-03-20,2023-03-20 05:00:00,trondheim,3.205335594444444,3.6490289013888884
2023-03-20,2023-03-20 06:00:00,bergen,2.8752276458333337,3.497306145833333
2023-03-20,2023-03-20 06:00:00,oslo,10.627337999999998,13.511008499999999
2023-03-20,2023-03-20 06:00:00,stavanger,5.061247000000002,6.1343105
2023-03-20,2023-03-20 06:00:00,tromsø,1.868585,2.1145245
2023-03-20,2023-03-20 06:00:00,trondheim,3.463657594444444,3.944385401388889
2023-03-20,2023-03-20 07:00:00,bergen,2.754693645833333,3.3400066458333333
2023-03-20,2023-03-20 07:00:00,oslo,10.279158000000002,12.877698500000003
2023-03-20,2023-03-20 07:00:00,stavanger,4.748801999999999,5.795350000000001
2023-03-20,2023-03-20 07:00:00,tromsø,1.78462,2.063676
2023-03-20,2023-03-20 07:00:00,trondheim,3.2543165944444445,3.750756901388889
2023-03-20,2023-03-20 08:00:00,bergen,2.6374796458333334,3.188260645833333
2023-03-20,2023-03-20 08:00:00,oslo,9.655314000000002,12.107077499999997
2023-03-20,2023-03-20 08:00:00,stavanger,4.422437,5.482695
2023-03-20,2023-03-20 08:00:00,tromsø,1.7042379999999997,1.9638225
2023-03-20,2023-03-20 08:00:00,trondheim,3.104901594444444,3.5792164013888885
2023-03-20,2023-03-20 09:00:00,bergen,2.499575645833333,3.078339645833333
2023-03-20,2023-03-20 09:00:00,oslo,9.439096,11.602721000000003
2023-03-20,2023-03-20 09:00:00,stavanger,4.304054999999999,5.293810000000001
2023-03-20,2023-03-20 09:00:00,tromsø,1.6076130000000002,1.8734055
2023-03-20,2023-03-20 09:00:00,trondheim,2.9235935944444447,3.434524401388889
2023-03-20,2023-03-20 10:00:00,bergen,2.452270645833333,2.995468145833333
2023-03-20,2023-03-20 10:00:00,oslo,9.157424000000002,11.161867000000003
2023-03-20,2023-03-20 10:00:00,stavanger,4.171532000000001,5.1958835
2023-03-20,2023-03-20 10:00:00,tromsø,1.562823,1.781743
2023-03-20,2023-03-20 10:00:00,trondheim,2.8464415944444443,3.354801901388889
2023-03-20,2023-03-20 11:00:00,bergen,2.4112156458333334,2.8939926458333334
2023-03-20,2023-03-20 11:00:00,oslo,8.96773,10.848474499999998
2023-03-20,2023-03-20 11:00:00,stavanger,4.075396,5.083011
2023-03-20,2023-03-20 11:00:00,tromsø,1.506854,1.7235024999999997
2023-03-20,2023-03-20 11:00:00,trondheim,2.6957865944444444,3.2581994013888886
2023-03-20,2023-03-20 12:00:00,bergen,2.412128645833333,2.8939216458333332
2023-03-20,2023-03-20 12:00:00,oslo,8.754596,10.704049000000001
2023-03-20,2023-03-20 12:00:00,stavanger,3.911826,4.994327499999999
2023-03-20,2023-03-20 12:00:00,tromsø,1.4830180000000004,1.6968164999999997
2023-03-20,2023-03-20 12:00:00,trondheim,2.5942805944444447,3.2007419013888887
2023-03-20,2023-03-20 13:00:00,bergen,2.438062645833333,2.906219145833333
2023-03-20,2023-03-20 13:00:00,oslo,8.701579,10.705734499999998
2023-03-20,2023-03-20 13:00:00,stavanger,3.834803000000001,5.0415434999999995
2023-03-20,2023-03-20 13:00:00,tromsø,1.565413,1.7157195
2023-03-20,2023-03-20 13:00:00,trondheim,2.6910585944444447,3.2486429013888882
2023-03-20,2023-03-20 14:00:00,bergen,2.6161456458333334,3.109159645833333
2023-03-20,2023-03-20 14:00:00,oslo,8.930722999999997,11.087601
2023-03-20,2023-03-20 14:00:00,stavanger,4.072387999999999,5.2275025
2023-03-20,2023-03-20 14:00:00,tromsø,1.6755430000000002,1.806079
2023-03-20,2023-03-20 14:00:00,trondheim,2.890956594444444,3.439363901388889
2023-03-20,2023-03-20 15:00:00,bergen,2.793428645833334,3.377999145833333
2023-03-20,2023-03-20 15:00:00,oslo,9.862787,11.876703999999998
2023-03-20,2023-03-20 15:00:00,stavanger,4.467918,5.596508
2023-03-20,2023-03-20 15:00:00,tromsø,1.798642,1.9942069999999998
2023-03-20,2023-03-20 15:00:00,trondheim,3.207143594444444,3.797578901388889
2023-03-20,2023-03-20 16:00:00,bergen,2.766281645833333,3.3980781458333333
2023-03-20,2023-03-20 16:00:00,oslo,10.355012000000002,12.513661999999997
2023-03-20,2023-03-20 16:00:00,stavanger,4.554132,5.7103755
2023-03-20,2023-03-20 16:00:00,tromsø,1.8198210000000004,2.0131354999999997
2023-03-20,2023-03-20 16:00:00,trondheim,3.306478594444444,3.9118409013888895
2023-03-20,2023-03-20 17:00:00,bergen,2.864706645833333,3.4827606458333333
2023-03-20,2023-03-20 17:00:00,oslo,10.972504,13.119162500000005
2023-03-20,2023-03-20 17:00:00,stavanger,4.769304999999999,5.875827999999999
2023-03-20,2023-03-20 17:00:00,tromsø,1.85599,2.066348
2023-03-20,2023-03-20 17:00:00,trondheim,3.3582155944444443,4.031672401388889
2023-03-20,2023-03-20 18:00:00,bergen,3.0967016458333334,3.6191071458333335
2023-03-20,2023-03-20 18:00:00,oslo,11.504692999999996,13.4393615
2023-03-20,2023-03-20 18:00:00,stavanger,5.123568000000001,6.1457345
2023-03-20,2023-03-20 18:00:00,tromsø,1.90818,2.135714
2023-03-20,2023-03-20 18:00:00,trondheim,3.502308594444444,4.15519640138889
2023-03-20,2023-03-20 19:00:00,bergen,3.198760645833333,3.723429645833333
2023-03-20,2023-03-20 19:00:00,oslo,11.720895999999998,13.588846500000002
2023-03-20,2023-03-20 19:00:00,stavanger,5.299764000000001,6.315534499999999
2023-03-20,2023-03-20 19:00:00,tromsø,1.9261440000000003,2.1708585000000005
2023-03-20,2023-03-20 19:00:00,trondheim,3.618194594444444,4.2138249013888895
2023-03-20,2023-03-20 20:00:00,bergen,3.329413645833333,3.806543645833333
2023-03-20,2023-03-20 20:00:00,oslo,11.76603,13.513906500000001
2023-03-20,2023-03-20 20:00:00,stavanger,5.3198880000000015,6.286189
2023-03-20,2023-03-20 20:00:00,tromsø,1.94316,2.1800314999999997
2023-03-20,2023-03-20 20:00:00,trondheim,3.645406594444444,4.242864401388889
2023-03-20,2023-03-20 21:00:00,bergen,3.2340506458333333,3.719594145833333
2023-03-20,2023-03-20 21:00:00,oslo,11.427874999999998,13.087727
2023-03-20,2023-03-20 21:00:00,stavanger,5.194330999999999,6.1071505
2023-03-20,2023-03-20 21:00:00,tromsø,1.917191,2.1457040000000003
2023-03-20,2023-03-20 21:00:00,trondheim,3.5333855944444443,4.127381901388889
2023-03-20,2023-03-20 22:00:00,bergen,3.037342645833333,3.506750145833333
2023-03-20,2023-03-20 22:00:00,oslo,10.757132,12.417619
2023-03-20,2023-03-20 22:00:00,stavanger,4.949699,5.808318
2023-03-20,2023-03-20 22:00:00,tromsø,1.87819,2.084663
2023-03-20,2023-03-20 22:00:00,trondheim,3.3514755944444445,3.8855254013888887
2023-03-20,2023-03-20 23:00:00,bergen,2.796221645833333,3.220926645833333
2023-03-20,2023-03-20 23:00:00,oslo,10.017063,11.905848499999998
2023-03-20,2023-03-20 23:00:00,stavanger,4.654878,5.5636425
2023-03-20,2023-03-20 23:00:00,tromsø,1.782862,1.9906345
2023-03-20,2023-03-20 23:00:00,trondheim,3.1473835944444444,3.580300094444444
2023-03-21,2023-03-21 00:00:00,bergen,2.679765645833333,3.0963471458333336
2023-03-21,2023-03-21 00:00:00,oslo,9.818641,11.577896500000001
2023-03-21,2023-03-21 00:00:00,stavanger,4.536927000000001,5.354725500000001
2023-03-21,2023-03-21 00:00:00,tromsø,1.712717,1.8931315
2023-03-21,2023-03-21 00:00:00,trondheim,2.9644585944444453,3.452567094444444
2023-03-21,2023-03-21 01:00:00,bergen,2.574681645833333,3.0492896458333334
2023-03-21,2023-03-21 01:00:00,oslo,9.640180999999998,11.468370499999999
2023-03-21,2023-03-21 01:00:00,stavanger,4.421733,5.3334505
2023-03-21,2023-03-21 01:00:00,tromsø,1.7155170000000004,1.907689
2023-03-21,2023-03-21 01:00:00,trondheim,2.8863215944444445,3.361463094444444
2023-03-21,2023-03-21 02:00:00,bergen,2.583486645833333,3.0253636458333335
2023-03-21,2023-03-21 02:00:00,oslo,9.640861000000005,11.430792999999998
2023-03-21,2023-03-21 02:00:00,stavanger,4.386659999999998,5.329915000000001
2023-03-21,2023-03-21 02:00:00,tromsø,1.6626330000000002,1.88593
2023-03-21,2023-03-21 02:00:00,trondheim,2.8253985944444446,3.3473290944444445
2023-03-21,2023-03-21 03:00:00,bergen,2.576236645833333,3.007736645833333
2023-03-21,2023-03-21 03:00:00,oslo,9.70594,11.465422500000003
2023-03-21,2023-03-21 03:00:00,stavanger,4.401505,5.324286999999999
2023-03-21,2023-03-21 03:00:00,tromsø,1.680689,1.8830615
2023-03-21,2023-03-21 03:00:00,trondheim,2.8033485944444445,3.353661594444444
2023-03-21,2023-03-21 04:00:00,bergen,2.590247645833333,3.0783036458333335
2023-03-21,2023-03-21 04:00:00,oslo,9.962572999999995,11.794933499999999
2023-03-21,2023-03-21 04:00:00,stavanger,4.469528,5.3246475
2023-03-21,2023-03-21 04:00:00,tromsø,1.691237,1.882307
2023-03-21,2023-03-21 04:00:00,trondheim,2.896371594444444,3.4406135944444447
2023-03-21,2023-03-21 05:00:00,bergen,2.8126836458333333,3.2596546458333333
2023-03-21,2023-03-21 05:00:00,oslo,10.840767,12.6878535
2023-03-21,2023-03-21 05:00:00,stavanger,4.839207000000001,5.7527705
2023-03-21,2023-03-21 05:00:00,tromsø,1.7860520000000002,1.9936924999999999
2023-03-21,2023-03-21 05:00:00,trondheim,3.136013594444444,3.6836040944444446
2023-03-21,2023-03-21 06:00:00,bergen,3.0591986458333333,3.519759645833333
2023-03-21,2023-03-21 06:00:00,oslo,11.808823,13.648792499999997
2023-03-21,2023-03-21 06:00:00,stavanger,5.262537,6.1382625
2023-03-21,2023-03-21 06:00:00,tromsø,1.897346,2.1063460000000003
2023-03-21,2023-03-21 06:00:00,trondheim,3.3816335944444447,3.976519094444445
2023-03-21,2023-03-21 07:00:00,bergen,2.872216645833334,3.353629145833333
2023-03-21,2023-03-21 07:00:00,oslo,11.297338999999996,12.884094999999999
2023-03-21,2023-03-21 07:00:00,stavanger,5.050383,5.866269000000001
2023-03-21,2023-03-21 07:00:00,tromsø,1.846113,2.0333125
2023-03-21,2023-03-21 07:00:00,trondheim,3.301216594444444,3.794189594444445
2023-03-21,2023-03-21 08:00:00,bergen,2.755841645833333,3.1540276458333336
2023-03-21,2023-03-21 08:00:00,oslo,10.635970000000002,11.9322595
2023-03-21,2023-03-21 08:00:00,stavanger,4.835766,5.628176999999999
2023-03-21,2023-03-21 08:00:00,tromsø,1.768491,1.9231470000000002
2023-03-21,2023-03-21 08:00:00,trondheim,3.039039594444444,3.526283594444444
2023-03-21,2023-03-21 09:00:00,bergen,2.677295645833333,3.0224296458333333
2023-03-21,2023-03-21 09:00:00,oslo,10.321048000000005,11.357229499999999
2023-03-21,2023-03-21 09:00:00,stavanger,4.772728000000001,5.432710999999999
2023-03-21,2023-03-21 09:00:00,tromsø,1.739318,1.8216535
2023-03-21,2023-03-21 09:00:00,trondheim,2.8669875944444447,3.372400094444445
2023-03-21,2023-03-21 10:00:00,bergen,2.632543645833333,2.984095645833333
2023-03-21,2023-03-21 10:00:00,oslo,10.208547000000005,11.014312
2023-03-21,2023-03-21 10:00:00,stavanger,4.677881,5.317480000000001
2023-03-21,2023-03-21 10:00:00,tromsø,1.7113440000000002,1.7679045
2023-03-21,2023-03-21 10:00:00,trondheim,2.798428594444445,3.2601050944444445
2023-03-21,2023-03-21 11:00:00,bergen,2.607063645833333,2.959010145833333
2023-03-21,2023-03-21 11:00:00,oslo,10.152257999999998,10.665633
2023-03-21,2023-03-21 11:00:00,stavanger,4.652796000000001,5.2038075
2023-03-21,2023-03-21 11:00:00,tromsø,1.6826020000000002,1.7574825
2023-03-21,2023-03-21 11:00:00,trondheim,2.7302775944444444,3.1139940944444446
2023-03-21,2023-03-21 12:00:00,bergen,2.652655645833333,3.006770645833333
2023-03-21,2023-03-21 12:00:00,oslo,10.080754,10.351649499999999
2023-03-21,2023-03-21 12:00:00,stavanger,4.642385999999998,5.121798
2023-03-21,2023-03-21 12:00:00,tromsø,1.627034,1.7039364999999997
2023-03-21,2023-03-21 12:00:00,trondheim,2.6763115944444444,3.0443485944444446
2023-03-21,2023-03-21 13:00:00,bergen,2.724008645833333,3.0942581458333334
2023-03-21,2023-03-21 13:00:00,oslo,10.210095,10.383455
2023-03-21,2023-03-21 13:00:00,stavanger,4.78551,5.1930065
2023-03-21,2023-03-21 13:00:00,tromsø,1.6623420000000002,1.729451
2023-03-21,2023-03-21 13:00:00,trondheim,2.7099225944444445,3.054418594444445
2023-03-21,2023-03-21 14:00:00,bergen,2.930811645833333,3.3158351458333333
2023-03-21,2023-03-21 14:00:00,oslo,10.741455000000004,10.715303500000001
2023-03-21,2023-03-21 14:00:00,stavanger,5.136158,5.4958335
2023-03-21,2023-03-21 14:00:00,tromsø,1.769056,1.829774
2023-03-21,2023-03-21 14:00:00,trondheim,2.900579594444445,3.2278045944444447
2023-03-21,2023-03-21 15:00:00,bergen,3.1372376458333333,3.6242141458333332
2023-03-21,2023-03-21 15:00:00,oslo,11.816281000000004,11.662992999999997
2023-03-21,2023-03-21 15:00:00,stavanger,5.558339,5.882213500000001
2023-03-21,2023-03-21 15:00:00,tromsø,1.865101,1.958701
2023-03-21,2023-03-21 15:00:00,trondheim,3.183712594444444,3.5745460944444445
2023-03-21,2023-03-21 16:00:00,bergen,3.290130645833333,3.7316831458333333
2023-03-21,2023-03-21 16:00:00,oslo,12.238803,12.362662499999999
2023-03-21,2023-03-21 16:00:00,stavanger,5.582639,6.008213999999999
2023-03-21,2023-03-21 16:00:00,tromsø,1.9001080000000004,2.035976
2023-03-21,2023-03-21 16:00:00,trondheim,3.3032025944444445,3.713747094444445
2023-03-21,2023-03-21 17:00:00,bergen,3.219897645833333,3.820354645833333
2023-03-21,2023-03-21 17:00:00,oslo,12.437959,12.8566915
2023-03-21,2023-03-21 17:00:00,stavanger,5.699384000000001,6.2547225
2023-03-21,2023-03-21 17:00:00,tromsø,1.946063,2.1018610000000004
2023-03-21,2023-03-21 17:00:00,trondheim,3.438750594444445,3.868946594444445
2023-03-21,2023-03-21 18:00:00,bergen,3.324040645833333,3.860846145833333
2023-03-21,2023-03-21 18:00:00,oslo,12.662386999999995,13.2533095
2023-03-21,2023-03-21 18:00:00,stavanger,5.798971999999999,6.443752
2023-03-21,2023-03-21 18:00:00,tromsø,2.03718,2.1342175
2023-03-21,2023-03-21 18:00:00,trondheim,3.698176594444445,4.002306594444445
2023-03-21,2023-03-21 19:00:00,bergen,3.345742645833333,3.9028241458333333
2023-03-21,2023-03-21 19:00:00,oslo,12.776857,13.424205999999995
2023-03-21,2023-03-21 19:00:00,stavanger,5.827285,6.562806499999999
2023-03-21,2023-03-21 19:00:00,tromsø,2.086818,2.1562075
2023-03-21,2023-03-21 19:00:00,trondheim,3.790910594444444,4.047321594444444
2023-03-21,2023-03-21 20:00:00,bergen,3.333325645833334,3.956805645833333
2023-03-21,2023-03-21 20:00:00,oslo,12.628946,13.4616085
2023-03-21,2023-03-21 20:00:00,stavanger,5.722876,6.49097
2023-03-21,2023-03-21 20:00:00,tromsø,2.0624960000000003,2.151484
2023-03-21,2023-03-21 20:00:00,trondheim,3.7524495944444447,4.120335094444444
2023-03-21,2023-03-21 21:00:00,bergen,3.2055986458333336,3.8652456458333333
2023-03-21,2023-03-21 21:00:00,oslo,12.058131,13.1625825
2023-03-21,2023-03-21 21:00:00,stavanger,5.60763,6.283203
2023-03-21,2023-03-21 21:00:00,tromsø,2.029148,2.1464105
2023-03-21,2023-03-21 21:00:00,trondheim,3.660191594444444,4.078062094444444
2023-03-21,2023-03-21 22:00:00,bergen,2.9811296458333336,3.623149145833333
2023-03-21,2023-03-21 22:00:00,oslo,11.281252999999998,12.55515
2023-03-21,2023-03-21 22:00:00,stavanger,5.201764,5.971788499999999
2023-03-21,2023-03-21 22:00:00,tromsø,1.98825,2.0853149999999996
2023-03-21,2023-03-21 22:00:00,trondheim,3.4667725944444445,3.870877094444444
2023-03-21,2023-03-21 23:00:00,bergen,2.7071886458333334,3.3350916458333337
2023-03-21,2023-03-21 23:00:00,oslo,10.516459000000005,11.914801500000001
2023-03-21,2023-03-21 23:00:00,stavanger,4.846963999999999,5.698546499999999
2023-03-21,2023-03-21 23:00:00,tromsø,1.904738,1.9844425
2023-03-21,2023-03-21 23:00:00,trondheim,3.2428525944444444,3.589017594444445
2023-03-22,2023-03-22 00:00:00,bergen,2.5469546458333334,3.1560731458333335
2023-03-22,2023-03-22 00:00:00,oslo,10.07041,11.513348
2023-03-22,2023-03-22 00:00:00,stavanger,4.693671,5.4855920000000005
2023-03-22,2023-03-22 00:00:00,tromsø,1.808466,1.9270209999999999
2023-03-22,2023-03-22 00:00:00,trondheim,3.054970594444444,3.433387094444444
2023-03-22,2023-03-22 01:00:00,bergen,2.4787026458333328,3.0584501458333335
2023-03-22,2023-03-22 01:00:00,oslo,9.859688000000002,11.357078
2023-03-22,2023-03-22 01:00:00,stavanger,4.563931999999999,5.345319
2023-03-22,2023-03-22 01:00:00,tromsø,1.7778159999999998,1.8969455000000002
2023-03-22,2023-03-22 01:00:00,trondheim,2.9618985944444445,3.3361220944444447
2023-03-22,2023-03-22 02:00:00,bergen,2.3900266458333337,2.9688956458333333
2023-03-22,2023-03-22 02:00:00,oslo,9.580334000000004,11.243823000000003
2023-03-22,2023-03-22 02:00:00,stavanger,4.546125000000002,5.2573665
2023-03-22,2023-03-22 02:00:00,tromsø,1.752525,1.8862850000000002
2023-03-22,2023-03-22 02:00:00,trondheim,2.8770145944444443,3.2946190944444442
2023-03-22,2023-03-22 03:00:00,bergen,2.398364645833333,2.897499145833333
2023-03-22,2023-03-22 03:00:00,oslo,9.382524000000002,11.200711
2023-03-22,2023-03-22 03:00:00,stavanger,4.434607,5.210163
2023-03-22,2023-03-22 03:00:00,tromsø,1.7739969999999998,1.8849505
2023-03-22,2023-03-22 03:00:00,trondheim,2.914210594444444,3.2579570944444445
2023-03-22,2023-03-22 04:00:00,bergen,2.4015416458333334,2.9145101458333333
2023-03-22,2023-03-22 04:00:00,oslo,9.525670000000002,11.4215855
2023-03-22,2023-03-22 04:00:00,stavanger,4.379912,5.2348040000000005
2023-03-22,2023-03-22 04:00:00,tromsø,1.769822,1.925575
2023-03-22,2023-03-22 04:00:00,trondheim,2.9434535944444447,3.2975705944444447
2023-03-22,2023-03-22 05:00:00,bergen,2.5643036458333333,3.103924145833333
2023-03-22,2023-03-22 05:00:00,oslo,10.364797,12.354716500000002
2023-03-22,2023-03-22 05:00:00,stavanger,4.7157,5.5596844999999995
2023-03-22,2023-03-22 05:00:00,tromsø,1.892432,2.037202
2023-03-22,2023-03-22 05:00:00,trondheim,3.215224594444444,3.5128290944444442
2023-03-22,2023-03-22 06:00:00,bergen,2.7800096458333328,3.414152645833333
2023-03-22,2023-03-22 06:00:00,oslo,11.185307,13.229827
2023-03-22,2023-03-22 06:00:00,stavanger,5.135886999999999,6.0277995
2023-03-22,2023-03-22 06:00:00,tromsø,1.989994,2.1526490000000003
2023-03-22,2023-03-22 06:00:00,trondheim,3.4879145944444447,3.8040775944444443
2023-03-22,2023-03-22 07:00:00,bergen,2.6573176458333334,3.254382645833333
2023-03-22,2023-03-22 07:00:00,oslo,10.643257,12.695139500000003
2023-03-22,2023-03-22 07:00:00,stavanger,4.883341,5.744821
2023-03-22,2023-03-22 07:00:00,tromsø,1.91638,2.1044555000000003
2023-03-22,2023-03-22 07:00:00,trondheim,3.316975594444444,3.657176594444444
2023-03-22,2023-03-22 08:00:00,bergen,2.545477645833333,3.098750145833333
2023-03-22,2023-03-22 08:00:00,oslo,10.145214,11.962301499999999
2023-03-22,2023-03-22 08:00:00,stavanger,4.779301,5.436083000000001
2023-03-22,2023-03-22 08:00:00,tromsø,1.7999119999999995,1.9753720000000001
2023-03-22,2023-03-22 08:00:00,trondheim,3.1199025944444454,3.514109094444444
2023-03-22,2023-03-22 09:00:00,bergen,2.511685645833333,2.967354645833333
2023-03-22,2023-03-22 09:00:00,oslo,9.932887999999997,11.517091
2023-03-22,2023-03-22 09:00:00,stavanger,4.743064,5.287317000000001
2023-03-22,2023-03-22 09:00:00,tromsø,1.704792,1.8883830000000001
2023-03-22,2023-03-22 09:00:00,trondheim,3.0474185944444447,3.4274570944444447
2023-03-22,2023-03-22 10:00:00,bergen,2.536898645833333,2.8762681458333335
2023-03-22,2023-03-22 10:00:00,oslo,9.916505000000004,11.146685500000004
2023-03-22,2023-03-22 10:00:00,stavanger,4.713136,5.1717830000000005
2023-03-22,2023-03-22 10:00:00,tromsø,1.6327519999999995,1.8124615
2023-03-22,2023-03-22 10:00:00,trondheim,2.986393594444445,3.3245075944444444
2023-03-22,2023-03-22 11:00:00,bergen,2.5548076458333333,2.840908145833333
2023-03-22,2023-03-22 11:00:00,oslo,9.822701999999998,10.86904
2023-03-22,2023-03-22 11:00:00,stavanger,4.752278,5.057057
2023-03-22,2023-03-22 11:00:00,tromsø,1.590143,1.7601315
2023-03-22,2023-03-22 11:00:00,trondheim,2.898877594444445,3.2288100944444444
2023-03-22,2023-03-22 12:00:00,bergen,2.604298645833333,2.8297921458333333
2023-03-22,2023-03-22 12:00:00,oslo,9.749079999999998,10.693356500000004
2023-03-22,2023-03-22 12:00:00,stavanger,4.7519100000000005,4.965098
2023-03-22,2023-03-22 12:00:00,tromsø,1.5651860000000002,1.7495805
2023-03-22,2023-03-22 12:00:00,trondheim,2.859445594444444,3.1568095944444443
2023-03-22,2023-03-22 13:00:00,bergen,2.632428645833333,2.854264645833333
2023-03-22,2023-03-22 13:00:00,oslo,9.841156000000002,10.664502
2023-03-22,2023-03-22 13:00:00,stavanger,4.707394999999999,5.0174425
2023-03-22,2023-03-22 13:00:00,tromsø,1.619414,1.763833
2023-03-22,2023-03-22 13:00:00,trondheim,2.8867625944444444,3.2203770944444443
2023-03-22,2023-03-22 14:00:00,bergen,2.8619036458333333,3.0193296458333334
2023-03-22,2023-03-22 14:00:00,oslo,10.281411,10.994075500000001
2023-03-22,2023-03-22 14:00:00,stavanger,4.921714,5.186503999999999
2023-03-22,2023-03-22 14:00:00,tromsø,1.7370069999999995,1.835979
2023-03-22,2023-03-22 14:00:00,trondheim,3.217921594444444,3.3723935944444445
2023-03-22,2023-03-22 15:00:00,bergen,3.098596645833333,3.222146145833333
2023-03-22,2023-03-22 15:00:00,oslo,11.413688,11.742785999999999
2023-03-22,2023-03-22 15:00:00,stavanger,5.188809,5.520313
2023-03-22,2023-03-22 15:00:00,tromsø,1.826388,2.008116
2023-03-22,2023-03-22 15:00:00,trondheim,3.5634705944444445,3.6272590944444447
2023-03-22,2023-03-22 16:00:00,bergen,3.100588645833333,3.282191645833333
2023-03-22,2023-03-22 16:00:00,oslo,11.829386000000005,12.322206499999997
2023-03-22,2023-03-22 16:00:00,stavanger,5.18081,5.609275
2023-03-22,2023-03-22 16:00:00,tromsø,1.8786780000000003,2.0497984999999996
2023-03-22,2023-03-22 16:00:00,trondheim,3.658163594444445,3.7540290944444443
2023-03-22,2023-03-22 17:00:00,bergen,3.096873645833333,3.3334291458333336
2023-03-22,2023-03-22 17:00:00,oslo,11.907932,12.832541500000001
2023-03-22,2023-03-22 17:00:00,stavanger,5.245272,5.770594
2023-03-22,2023-03-22 17:00:00,tromsø,1.943552,2.1252750000000002
2023-03-22,2023-03-22 17:00:00,trondheim,3.6535995944444446,3.8942370944444447
2023-03-22,2023-03-22 18:00:00,bergen,3.168997645833333,3.424186645833333
2023-03-22,2023-03-22 18:00:00,oslo,12.073997,13.031303499999998
2023-03-22,2023-03-22 18:00:00,stavanger,5.495622,5.982148
2023-03-22,2023-03-22 18:00:00,tromsø,2.0687290000000003,2.173253
2023-03-22,2023-03-22 18:00:00,trondheim,3.724633594444444,4.007066594444445
2023-03-22,2023-03-22 19:00:00,bergen,3.245111645833333,3.485300145833333
2023-03-22,2023-03-22 19:00:00,oslo,12.043115999999998,12.945652000000003
2023-03-22,2023-03-22 19:00:00,stavanger,5.617414999999999,6.033009
2023-03-22,2023-03-22 19:00:00,tromsø,2.079376,2.1804015000000003
2023-03-22,2023-03-22 19:00:00,trondheim,3.803472594444445,4.010085594444444
2023-03-22,2023-03-22 20:00:00,bergen,3.2431466458333333,3.5162261458333335
2023-03-22,2023-03-22 20:00:00,oslo,12.044754,12.677929500000001
2023-03-22,2023-03-22 20:00:00,stavanger,5.567972,5.957155500000001
2023-03-22,2023-03-22 20:00:00,tromsø,2.117115,2.1593929999999997
2023-03-22,2023-03-22 20:00:00,trondheim,3.8562905944444448,3.945955094444445
2023-03-22,2023-03-22 21:00:00,bergen,3.1590836458333333,3.415477145833333
2023-03-22,2023-03-22 21:00:00,oslo,11.625614000000002,12.336582
2023-03-22,2023-03-22 21:00:00,stavanger,5.448836000000001,5.759257
2023-03-22,2023-03-22 21:00:00,tromsø,2.124044,2.092004
2023-03-22,2023-03-22 21:00:00,trondheim,3.701972594444445,3.859050094444444
2023-03-22,2023-03-22 22:00:00,bergen,2.851557645833333,3.295625145833333
2023-03-22,2023-03-22 22:00:00,oslo,10.814942000000002,11.866845499999998
2023-03-22,2023-03-22 22:00:00,stavanger,5.09414,5.535533
2023-03-22,2023-03-22 22:00:00,tromsø,2.066161,2.0414145
2023-03-22,2023-03-22 22:00:00,trondheim,3.4579775944444453,3.663396594444444
2023-03-22,2023-03-22 23:00:00,bergen,2.640232645833333,3.0871736458333334
2023-03-22,2023-03-22 23:00:00,oslo,10.140570999999996,11.304068999999997
2023-03-22,2023-03-22 23:00:00,stavanger,4.798089999999999,5.33597
2023-03-22,2023-03-22 23:00:00,tromsø,1.99936,1.9661710000000001
2023-03-22,2023-03-22 23:00:00,trondheim,3.2087265944444443,3.455634094444444
2023-03-23,2023-03-23 00:00:00,bergen,2.5098346458333336,2.966915645833333
2023-03-23,2023-03-23 00:00:00,oslo,9.776657000000002,10.9511665
2023-03-23,2023-03-23 00:00:00,stavanger,4.567926,5.104029000000001
2023-03-23,2023-03-23 00:00:00,tromsø,1.961594,1.888687
2023-03-23,2023-03-23 00:00:00,trondheim,3.0781505944444443,3.3191335944444447
2023-03-23,2023-03-23 01:00:00,bergen,2.447016645833333,2.919610645833333
2023-03-23,2023-03-23 01:00:00,oslo,9.538022000000002,10.758844500000002
2023-03-23,2023-03-23 01:00:00,stavanger,4.528455999999999,5.0311710000000005
2023-03-23,2023-03-23 01:00:00,tromsø,1.916413,1.8648609999999999
2023-03-23,2023-03-23 01:00:00,trondheim,2.987487594444445,3.2344200944444443
2023-03-23,2023-03-23 02:00:00,bergen,2.3619866458333334,2.9000651458333335
2023-03-23,2023-03-23 02:00:00,oslo,9.459114000000003,10.592962499999999
2023-03-23,2023-03-23 02:00:00,stavanger,4.486483,4.9793655
2023-03-23,2023-03-23 02:00:00,tromsø,1.911836,1.852999
2023-03-23,2023-03-23 02:00:00,trondheim,2.906247594444445,3.2216545944444444
2023-03-23,2023-03-23 03:00:00,bergen,2.319239645833333,2.8851831458333335
2023-03-23,2023-03-23 03:00:00,oslo,9.350421,10.624618000000002
2023-03-23,2023-03-23 03:00:00,stavanger,4.478243,4.9349834999999995
2023-03-23,2023-03-23 03:00:00,tromsø,1.919749,1.823186
2023-03-23,2023-03-23 03:00:00,trondheim,2.871475594444445,3.2287260944444443
2023-03-23,2023-03-23 04:00:00,bergen,2.3405056458333333,2.9071036458333332
2023-03-23,2023-03-23 04:00:00,oslo,9.345342,10.769291999999997
2023-03-23,2023-03-23 04:00:00,stavanger,4.326789,4.948513
2023-03-23,2023-03-23 04:00:00,tromsø,1.921247,1.8217605
2023-03-23,2023-03-23 04:00:00,trondheim,2.9431985944444445,3.2714185944444445
2023-03-23,2023-03-23 05:00:00,bergen,2.5223986458333334,3.0588456458333333
2023-03-23,2023-03-23 05:00:00,oslo,10.192755000000002,11.3435125
2023-03-23,2023-03-23 05:00:00,stavanger,4.606946,5.204551500000001
2023-03-23,2023-03-23 05:00:00,tromsø,2.036239,1.8942459999999999
2023-03-23,2023-03-23 05:00:00,trondheim,3.1430675944444446,3.4421130944444442
2023-03-23,2023-03-23 06:00:00,bergen,2.754948645833333,3.261217145833333
2023-03-23,2023-03-23 06:00:00,oslo,10.987749999999997,12.096392499999997
2023-03-23,2023-03-23 06:00:00,stavanger,5.0023290000000005,5.492495999999999
2023-03-23,2023-03-23 06:00:00,tromsø,2.1071530000000003,1.978633
2023-03-23,2023-03-23 06:00:00,trondheim,3.432937594444444,3.6491430944444447
2023-03-23,2023-03-23 07:00:00,bergen,2.639872645833333,3.2555191458333335
2023-03-23,2023-03-23 07:00:00,oslo,10.376934,12.047382500000001
2023-03-23,2023-03-23 07:00:00,stavanger,4.813842999999999,5.5157415
2023-03-23,2023-03-23 07:00:00,tromsø,1.982012,1.9613625
2023-03-23,2023-03-23 07:00:00,trondheim,3.282974594444444,3.6211795944444445
2023-03-23,2023-03-23 08:00:00,bergen,2.438371645833333,3.2114741458333333
2023-03-23,2023-03-23 08:00:00,oslo,9.831550999999996,11.847894500000002
2023-03-23,2023-03-23 08:00:00,stavanger,4.692991,5.5769305
2023-03-23,2023-03-23 08:00:00,tromsø,1.907081,1.9253725
2023-03-23,2023-03-23 08:00:00,trondheim,3.0935935944444446,3.570437594444444
2023-03-23,2023-03-23 09:00:00,bergen,2.385803645833333,3.159361645833333
2023-03-23,2023-03-23 09:00:00,oslo,9.617064,11.5671185
2023-03-23,2023-03-23 09:00:00,stavanger,4.629859,5.5648675
2023-03-23,2023-03-23 09:00:00,tromsø,1.7804169999999997,1.8664990000000001
2023-03-23,2023-03-23 09:00:00,trondheim,2.9870155944444443,3.4609885944444447
2023-03-23,2023-03-23 10:00:00,bergen,2.4061466458333336,3.061217145833333
2023-03-23,2023-03-23 10:00:00,oslo,9.491479000000002,11.248908499999999
2023-03-23,2023-03-23 10:00:00,stavanger,4.5532390000000005,5.484571500000001
2023-03-23,2023-03-23 10:00:00,tromsø,1.6980589999999995,1.8336455
2023-03-23,2023-03-23 10:00:00,trondheim,2.936744594444445,3.3258105944444445
2023-03-23,2023-03-23 11:00:00,bergen,2.419877645833333,3.0027061458333333
2023-03-23,2023-03-23 11:00:00,oslo,9.474940000000002,10.955284999999996
2023-03-23,2023-03-23 11:00:00,stavanger,4.5320350000000005,5.414820500000001
2023-03-23,2023-03-23 11:00:00,tromsø,1.643158,1.8218010000000002
2023-03-23,2023-03-23 11:00:00,trondheim,2.8394375944444445,3.1797145944444445
2023-03-23,2023-03-23 12:00:00,bergen,2.470837645833333,3.0000981458333333
2023-03-23,2023-03-23 12:00:00,oslo,9.463167,10.692583500000001
2023-03-23,2023-03-23 12:00:00,stavanger,4.509565,5.320705500000001
2023-03-23,2023-03-23 12:00:00,tromsø,1.6328619999999998,1.763867
2023-03-23,2023-03-23 12:00:00,trondheim,2.822218594444444,3.0957010944444443
2023-03-23,2023-03-23 13:00:00,bergen,2.563952645833333,2.9635431458333334
2023-03-23,2023-03-23 13:00:00,oslo,9.598496999999998,10.64771
2023-03-23,2023-03-23 13:00:00,stavanger,4.538307,5.296412
2023-03-23,2023-03-23 13:00:00,tromsø,1.6531709999999995,1.759265
2023-03-23,2023-03-23 13:00:00,trondheim,2.8688175944444447,3.060901594444444
2023-03-23,2023-03-23 14:00:00,bergen,2.748995645833334,3.110174145833333
2023-03-23,2023-03-23 14:00:00,oslo,10.079766,10.813728000000001
2023-03-23,2023-03-23 14:00:00,stavanger,4.743855999999999,5.433724999999999
2023-03-23,2023-03-23 14:00:00,tromsø,1.766367,1.8375365000000001
2023-03-23,2023-03-23 14:00:00,trondheim,3.0076125944444443,3.1748460944444443
2023-03-23,2023-03-23 15:00:00,bergen,3.0706456458333333,3.294217645833333
2023-03-23,2023-03-23 15:00:00,oslo,11.003559,11.455563499999997
2023-03-23,2023-03-23 15:00:00,stavanger,5.083257,5.7328079999999995
2023-03-23,2023-03-23 15:00:00,tromsø,1.873483,1.9551325
2023-03-23,2023-03-23 15:00:00,trondheim,3.338992594444444,3.4185900944444443
2023-03-23,2023-03-23 16:00:00,bergen,3.0646046458333336,3.4034131458333334
2023-03-23,2023-03-23 16:00:00,oslo,11.492855,12.024634500000001
2023-03-23,2023-03-23 16:00:00,stavanger,5.127202,5.879034000000001
2023-03-23,2023-03-23 16:00:00,tromsø,1.9685570000000003,2.0138595
2023-03-23,2023-03-23 16:00:00,trondheim,3.3443135944444444,3.6214405944444445
2023-03-23,2023-03-23 17:00:00,bergen,3.1829176458333333,3.5098521458333334
2023-03-23,2023-03-23 17:00:00,oslo,11.707337000000004,12.526449000000001
2023-03-23,2023-03-23 17:00:00,stavanger,5.1822360000000005,6.097999
2023-03-23,2023-03-23 17:00:00,tromsø,2.069939,2.0779025000000004
2023-03-23,2023-03-23 17:00:00,trondheim,3.436704594444445,3.8245240944444445
2023-03-23,2023-03-23 18:00:00,bergen,3.2422096458333334,3.597745145833333
2023-03-23,2023-03-23 18:00:00,oslo,11.970072,12.751565
2023-03-23,2023-03-23 18:00:00,stavanger,5.457037,6.176661
2023-03-23,2023-03-23 18:00:00,tromsø,2.1626860000000008,2.092978
2023-03-23,2023-03-23 18:00:00,trondheim,3.558226594444444,3.859182594444445
2023-03-23,2023-03-23 19:00:00,bergen,3.274419645833333,3.5700236458333334
2023-03-23,2023-03-23 19:00:00,oslo,11.947639999999998,12.543108499999999
2023-03-23,2023-03-23 19:00:00,stavanger,5.563661000000001,6.100384999999999
2023-03-23,2023-03-23 19:00:00,tromsø,2.205992,2.0730440000000003
2023-03-23,2023-03-23 19:00:00,trondheim,3.664816594444444,3.8350705944444443
2023-03-23,2023-03-23 20:00:00,bergen,3.287001645833333,3.5180546458333333
2023-03-23,2023-03-23 20:00:00,oslo,11.867195,12.320545999999997
2023-03-23,2023-03-23 20:00:00,stavanger,5.47368,5.910531000000001
2023-03-23,2023-03-23 20:00:00,tromsø,2.227741,2.059215
2023-03-23,2023-03-23 20:00:00,trondheim,3.667346594444444,3.8158915944444445
2023-03-23,2023-03-23 21:00:00,bergen,3.191279645833333,3.378348145833333
2023-03-23,2023-03-23 21:00:00,oslo,11.482067,12.026463499999998
2023-03-23,2023-03-23 21:00:00,stavanger,5.312309,5.717496500000001
2023-03-23,2023-03-23 21:00:00,tromsø,2.200698,2.0357635
2023-03-23,2023-03-23 21:00:00,trondheim,3.6083735944444446,3.6971965944444443
2023-03-23,2023-03-23 22:00:00,bergen,2.970652645833333,3.2284236458333333
2023-03-23,2023-03-23 22:00:00,oslo,10.747536,11.484604000000001
2023-03-23,2023-03-23 22:00:00,stavanger,4.975716,5.4392914999999995
2023-03-23,2023-03-23 22:00:00,tromsø,2.161698,1.9861674999999999
2023-03-23,2023-03-23 22:00:00,trondheim,3.464412594444444,3.577653094444444
2023-03-23,2023-03-23 23:00:00,bergen,2.702363645833333,3.0122516458333335
2023-03-23,2023-03-23 23:00:00,oslo,10.057968000000002,10.965175000000002
2023-03-23,2023-03-23 23:00:00,stavanger,4.692823000000001,5.176273999999999
2023-03-23,2023-03-23 23:00:00,tromsø,2.038521,1.899759
2023-03-23,2023-03-23 23:00:00,trondheim,3.2057495944444447,3.411488594444445
2023-03-24,2023-03-24 00:00:00,bergen,2.530370645833333,2.8649876458333337
2023-03-24,2023-03-24 00:00:00,oslo,9.634453,10.625839
2023-03-24,2023-03-24 00:00:00,stavanger,4.4676100000000005,4.9805265
2023-03-24,2023-03-24 00:00:00,tromsø,1.994999,1.8393629999999996
2023-03-24,2023-03-24 00:00:00,trondheim,3.039718594444444,3.3049025944444446
2023-03-24,2023-03-24 01:00:00,bergen,2.441920645833333,2.7658251458333334
2023-03-24,2023-03-24 01:00:00,oslo,9.28477,10.3607735
2023-03-24,2023-03-24 01:00:00,stavanger,4.328538,4.832951999999999
2023-03-24,2023-03-24 01:00:00,tromsø,1.968758,1.8136835
2023-03-24,2023-03-24 01:00:00,trondheim,2.9359005944444445,3.213854594444445
2023-03-24,2023-03-24 02:00:00,bergen,2.384769645833333,2.682544645833333
2023-03-24,2023-03-24 02:00:00,oslo,9.162326000000002,10.2292715
2023-03-24,2023-03-24 02:00:00,stavanger,4.267641,4.734131
2023-03-24,2023-03-24 02:00:00,tromsø,1.95463,1.808227
2023-03-24,2023-03-24 02:00:00,trondheim,2.8784445944444443,3.180471094444444
2023-03-24,2023-03-24 03:00:00,bergen,2.400863645833333,2.6128776458333327
2023-03-24,2023-03-24 03:00:00,oslo,9.012385000000002,10.0704775
2023-03-24,2023-03-24 03:00:00,stavanger,4.239219,4.639640999999999
2023-03-24,2023-03-24 03:00:00,tromsø,1.979845,1.7992279999999998
2023-03-24,2023-03-24 03:00:00,trondheim,2.8203205944444445,3.1634720944444448
2023-03-24,2023-03-24 04:00:00,bergen,2.3999556458333333,2.580030145833333
2023-03-24,2023-03-24 04:00:00,oslo,9.127208,10.097833000000001
2023-03-24,2023-03-24 04:00:00,stavanger,4.21296,4.6101455
2023-03-24,2023-03-24 04:00:00,tromsø,1.982447,1.8378934999999998
2023-03-24,2023-03-24 04:00:00,trondheim,2.8816215944444443,3.1759500944444445
2023-03-24,2023-03-24 05:00:00,bergen,2.5586716458333334,2.6780696458333333
2023-03-24,2023-03-24 05:00:00,oslo,9.819854,10.572364000000002
2023-03-24,2023-03-24 05:00:00,stavanger,4.492001999999999,4.7695865
2023-03-24,2023-03-24 05:00:00,tromsø,2.065018,1.9052645
2023-03-24,2023-03-24 05:00:00,trondheim,3.108417594444444,3.3109525944444442
2023-03-24,2023-03-24 06:00:00,bergen,2.7937726458333336,2.887379645833333
2023-03-24,2023-03-24 06:00:00,oslo,10.557558000000004,11.1891915
2023-03-24,2023-03-24 06:00:00,stavanger,4.856605,5.073542
2023-03-24,2023-03-24 06:00:00,tromsø,2.179717,1.9809665
2023-03-24,2023-03-24 06:00:00,trondheim,3.376216594444444,3.478629594444444
2023-03-24,2023-03-24 07:00:00,bergen,2.669954645833333,2.916745645833333
2023-03-24,2023-03-24 07:00:00,oslo,10.344269999999998,11.323203000000003
2023-03-24,2023-03-24 07:00:00,stavanger,4.686667,5.184045500000001
2023-03-24,2023-03-24 07:00:00,tromsø,2.081637,1.973293
2023-03-24,2023-03-24 07:00:00,trondheim,3.314588594444445,3.483907594444444
2023-03-24,2023-03-24 08:00:00,bergen,2.571720645833333,2.974496145833333
2023-03-24,2023-03-24 08:00:00,oslo,9.852873,11.4889905
2023-03-24,2023-03-24 08:00:00,stavanger,4.56068,5.321785500000001
2023-03-24,2023-03-24 08:00:00,tromsø,1.9764,1.9020730000000001
2023-03-24,2023-03-24 08:00:00,trondheim,3.141357594444444,3.463503594444444
2023-03-24,2023-03-24 09:00:00,bergen,2.479609645833334,3.0068846458333334
2023-03-24,2023-03-24 09:00:00,oslo,9.541627000000002,11.681783
2023-03-24,2023-03-24 09:00:00,stavanger,4.536214000000001,5.4209015
2023-03-24,2023-03-24 09:00:00,tromsø,1.892003,1.8742855
2023-03-24,2023-03-24 09:00:00,trondheim,3.0254335944444444,3.4631065944444446
2023-03-24,2023-03-24 10:00:00,bergen,2.4845016458333333,3.014130145833333
2023-03-24,2023-03-24 10:00:00,oslo,9.445062,11.775391000000003
2023-03-24,2023-03-24 10:00:00,stavanger,4.587458999999999,5.446902
2023-03-24,2023-03-24 10:00:00,tromsø,1.845318,1.833078
2023-03-24,2023-03-24 10:00:00,trondheim,3.0203635944444445,3.3722520944444447
2023-03-24,2023-03-24 11:00:00,bergen,2.396376645833333,3.071288645833333
2023-03-24,2023-03-24 11:00:00,oslo,9.411363,11.714440999999999
2023-03-24,2023-03-24 11:00:00,stavanger,4.594604,5.4436065000000005
2023-03-24,2023-03-24 11:00:00,tromsø,1.7569340000000002,1.7912515
2023-03-24,2023-03-24 11:00:00,trondheim,2.974645594444444,3.3014645944444445
2023-03-24,2023-03-24 12:00:00,bergen,2.4357426458333333,3.123444645833333
2023-03-24,2023-03-24 12:00:00,oslo,9.296692999999998,11.710038
2023-03-24,2023-03-24 12:00:00,stavanger,4.622678,5.438629500000001
2023-03-24,2023-03-24 12:00:00,tromsø,1.767626,1.7773915
2023-03-24,2023-03-24 12:00:00,trondheim,2.9879205944444447,3.263957094444444
2023-03-24,2023-03-24 13:00:00,bergen,2.455833645833333,3.1395541458333334
2023-03-24,2023-03-24 13:00:00,oslo,9.490378999999995,11.7022655
2023-03-24,2023-03-24 13:00:00,stavanger,4.730028,5.448335
2023-03-24,2023-03-24 13:00:00,tromsø,1.7991449999999996,1.7837465
2023-03-24,2023-03-24 13:00:00,trondheim,3.0711365944444444,3.343519094444444
2023-03-24,2023-03-24 14:00:00,bergen,2.588876645833333,3.2330701458333335
2023-03-24,2023-03-24 14:00:00,oslo,10.019019000000002,11.923279000000003
2023-03-24,2023-03-24 14:00:00,stavanger,4.915693000000001,5.572148499999999
2023-03-24,2023-03-24 14:00:00,tromsø,1.86009,1.8486095
2023-03-24,2023-03-24 14:00:00,trondheim,3.2716275944444444,3.4653695944444447
2023-03-24,2023-03-24 15:00:00,bergen,2.8466186458333333,3.352418145833333
2023-03-24,2023-03-24 15:00:00,oslo,10.840745999999998,12.423453000000002
2023-03-24,2023-03-24 15:00:00,stavanger,5.290305,5.724112
2023-03-24,2023-03-24 15:00:00,tromsø,1.949366,1.9746009999999998
2023-03-24,2023-03-24 15:00:00,trondheim,3.5293265944444445,3.5938165944444442
2023-03-24,2023-03-24 16:00:00,bergen,2.9311346458333336,3.397305145833333
2023-03-24,2023-03-24 16:00:00,oslo,11.379188,12.8096165
2023-03-24,2023-03-24 16:00:00,stavanger,5.472555,5.788292
2023-03-24,2023-03-24 16:00:00,tromsø,2.015354,2.011319
2023-03-24,2023-03-24 16:00:00,trondheim,3.743993594444444,3.6958255944444445
2023-03-24,2023-03-24 17:00:00,bergen,3.004170645833333,3.3867901458333334
2023-03-24,2023-03-24 17:00:00,oslo,11.743514,13.020153
2023-03-24,2023-03-24 17:00:00,stavanger,5.536125,5.889454000000001
2023-03-24,2023-03-24 17:00:00,tromsø,2.09405,2.0897880000000004
2023-03-24,2023-03-24 17:00:00,trondheim,3.780020594444444,3.8014325944444445
2023-03-24,2023-03-24 18:00:00,bergen,3.062853645833333,3.420467645833333
2023-03-24,2023-03-24 18:00:00,oslo,11.807193000000002,12.953645499999997
2023-03-24,2023-03-24 18:00:00,stavanger,5.497646999999999,5.896366499999999
2023-03-24,2023-03-24 18:00:00,tromsø,2.200035,2.1238465
2023-03-24,2023-03-24 18:00:00,trondheim,3.951216594444445,3.8998620944444444
2023-03-24,2023-03-24 19:00:00,bergen,3.003984645833333,3.349725645833333
2023-03-24,2023-03-24 19:00:00,oslo,11.301107,12.525285
2023-03-24,2023-03-24 19:00:00,stavanger,5.353945,5.7969405
2023-03-24,2023-03-24 19:00:00,tromsø,2.1668229999999995,2.111841
2023-03-24,2023-03-24 19:00:00,trondheim,3.8883715944444446,3.876210094444444
2023-03-24,2023-03-24 20:00:00,bergen,2.932535645833333,3.278749645833334
2023-03-24,2023-03-24 20:00:00,oslo,10.950385,12.022859000000002
2023-03-24,2023-03-24 20:00:00,stavanger,5.217475,5.624823999999999
2023-03-24,2023-03-24 20:00:00,tromsø,2.1201670000000004,2.075091
2023-03-24,2023-03-24 20:00:00,trondheim,3.755833594444443,3.793878594444444
2023-03-24,2023-03-24 21:00:00,bergen,2.8235116458333334,3.1899536458333335
2023-03-24,2023-03-24 21:00:00,oslo,10.63549,11.5182795
2023-03-24,2023-03-24 21:00:00,stavanger,5.000711999999999,5.387937000000001
2023-03-24,2023-03-24 21:00:00,tromsø,2.0943879999999995,2.007679
2023-03-24,2023-03-24 21:00:00,trondheim,3.646478594444445,3.6673495944444445
2023-03-24,2023-03-24 22:00:00,bergen,2.735817645833333,3.031567645833333
2023-03-24,2023-03-24 22:00:00,oslo,10.234834,10.871055
2023-03-24,2023-03-24 22:00:00,stavanger,4.851448,5.120657
2023-03-24,2023-03-24 22:00:00,tromsø,2.06806,1.943333
2023-03-24,2023-03-24 22:00:00,trondheim,3.5500925944444446,3.470269594444444
2023-03-24,2023-03-24 23:00:00,bergen,2.5748076458333333,2.8115751458333333
2023-03-24,2023-03-24 23:00:00,oslo,9.820865,10.1383845
2023-03-24,2023-03-24 23:00:00,stavanger,4.644884,4.854478500000001
2023-03-24,2023-03-24 23:00:00,tromsø,2.018324,1.8538804999999998
2023-03-24,2023-03-24 23:00:00,trondheim,3.379427594444444,3.254824594444445
2023-03-25,2023-03-25 00:00:00,bergen,2.4231806458333334,2.651069145833333
2023-03-25,2023-03-25 00:00:00,oslo,9.335717999999998,9.654069000000002
2023-03-25,2023-03-25 00:00:00,stavanger,4.432893,4.614765499999999
2023-03-25,2023-03-25 00:00:00,tromsø,1.959684,1.7974105
2023-03-25,2023-03-25 00:00:00,trondheim,3.204444594444445,3.1016260944444447
2023-03-25,2023-03-25 01:00:00,bergen,2.3888026458333336,2.5818476458333333
2023-03-25,2023-03-25 01:00:00,oslo,9.062074,9.307058500000004
2023-03-25,2023-03-25 01:00:00,stavanger,4.392447,4.4762515
2023-03-25,2023-03-25 01:00:00,tromsø,1.9473040000000004,1.760993
2023-03-25,2023-03-25 01:00:00,trondheim,3.129307594444444,2.9998475944444447
2023-03-25,2023-03-25 02:00:00,bergen,2.340942645833333,2.5645026458333335
2023-03-25,2023-03-25 02:00:00,oslo,9.082017,9.062486
2023-03-25,2023-03-25 02:00:00,stavanger,4.362468999999999,4.389711
2023-03-25,2023-03-25 02:00:00,tromsø,1.934922,1.7589744999999999
2023-03-25,2023-03-25 02:00:00,trondheim,3.128248594444445,2.9758400944444445
2023-03-25,2023-03-25 03:00:00,bergen,2.3181946458333336,2.586698645833333
2023-03-25,2023-03-25 03:00:00,oslo,9.150119,8.975363000000002
2023-03-25,2023-03-25 03:00:00,stavanger,4.348569000000001,4.2971445
2023-03-25,2023-03-25 03:00:00,tromsø,1.907366,1.73408
2023-03-25,2023-03-25 03:00:00,trondheim,3.157170594444445,2.944254094444444
2023-03-25,2023-03-25 04:00:00,bergen,2.297418645833333,2.579162145833333
2023-03-25,2023-03-25 04:00:00,oslo,9.003595,9.069821000000001
2023-03-25,2023-03-25 04:00:00,stavanger,4.289341,4.307241
2023-03-25,2023-03-25 04:00:00,tromsø,1.934479,1.7330935000000003
2023-03-25,2023-03-25 04:00:00,trondheim,3.178646594444444,2.9986055944444443
2023-03-25,2023-03-25 05:00:00,bergen,2.3039846458333333,2.7247951458333333
2023-03-25,2023-03-25 05:00:00,oslo,9.041253,9.6084435
2023-03-25,2023-03-25 05:00:00,stavanger,4.266093000000001,4.5601935000000005
2023-03-25,2023-03-25 05:00:00,tromsø,1.956761,1.8153199999999998
2023-03-25,2023-03-25 05:00:00,trondheim,3.2629945944444447,3.147407094444444
2023-03-25,2023-03-25 06:00:00,bergen,2.4671886458333336,2.9288196458333333
2023-03-25,2023-03-25 06:00:00,oslo,9.599034,10.350027999999998
2023-03-25,2023-03-25 06:00:00,stavanger,4.413298,4.872079000000001
2023-03-25,2023-03-25 06:00:00,tromsø,1.9749160000000003,1.893546
2023-03-25,2023-03-25 06:00:00,trondheim,3.4261325944444447,3.325075594444444
2023-03-25,2023-03-25 07:00:00,bergen,2.6639346458333333,2.947104645833333
2023-03-25,2023-03-25 07:00:00,oslo,10.236043,10.552117500000001
2023-03-25,2023-03-25 07:00:00,stavanger,4.687583,4.8846254999999985
2023-03-25,2023-03-25 07:00:00,tromsø,1.999121,1.8664575
2023-03-25,2023-03-25 07:00:00,trondheim,3.5010235944444443,3.3285070944444444
2023-03-25,2023-03-25 08:00:00,bergen,2.8342326458333336,2.9274321458333334
2023-03-25,2023-03-25 08:00:00,oslo,10.757644,10.561586000000002
2023-03-25,2023-03-25 08:00:00,stavanger,4.960578999999999,4.8667285
2023-03-25,2023-03-25 08:00:00,tromsø,2.000255,1.8530174999999998
2023-03-25,2023-03-25 08:00:00,trondheim,3.558779594444444,3.360166094444444
2023-03-25,2023-03-25 09:00:00,bergen,2.8951906458333334,2.854124645833333
2023-03-25,2023-03-25 09:00:00,oslo,11.011088999999998,10.503256499999999
2023-03-25,2023-03-25 09:00:00,stavanger,5.006025999999999,4.873531
2023-03-25,2023-03-25 09:00:00,tromsø,1.953874,1.795016
2023-03-25,2023-03-25 09:00:00,trondheim,3.476833594444445,3.2582530944444446
2023-03-25,2023-03-25 10:00:00,bergen,2.8970196458333333,2.737740645833333
2023-03-25,2023-03-25 10:00:00,oslo,10.957083,10.2574325
2023-03-25,2023-03-25 10:00:00,stavanger,5.04612,4.7804985
2023-03-25,2023-03-25 10:00:00,tromsø,1.903634,1.7690605000000001
2023-03-25,2023-03-25 10:00:00,trondheim,3.3574125944444444,3.1632765944444445
2023-03-25,2023-03-25 11:00:00,bergen,2.8244996458333333,2.6637191458333334
2023-03-25,2023-03-25 11:00:00,oslo,10.912621000000003,9.971663499999998
2023-03-25,2023-03-25 11:00:00,stavanger,4.969520999999999,4.6926235
2023-03-25,2023-03-25 11:00:00,tromsø,1.853962,1.728419
2023-03-25,2023-03-25 11:00:00,trondheim,3.180756594444444,3.0358705944444444
2023-03-25,2023-03-25 12:00:00,bergen,2.8407566458333333,2.6179996458333332
2023-03-25,2023-03-25 12:00:00,oslo,10.774831,9.714341000000001
2023-03-25,2023-03-25 12:00:00,stavanger,4.848484,4.5160195000000005
2023-03-25,2023-03-25 12:00:00,tromsø,1.803907,1.6807065000000003
2023-03-25,2023-03-25 12:00:00,trondheim,3.151940594444445,2.9375670944444443
2023-03-25,2023-03-25 13:00:00,bergen,2.8696556458333338,2.557481145833333
2023-03-25,2023-03-25 13:00:00,oslo,10.668882999999996,9.538931000000002
2023-03-25,2023-03-25 13:00:00,stavanger,4.791341999999999,4.3863295
2023-03-25,2023-03-25 13:00:00,tromsø,1.7536700000000005,1.7094205
2023-03-25,2023-03-25 13:00:00,trondheim,3.0514915944444443,2.9589115944444444
2023-03-25,2023-03-25 14:00:00,bergen,2.8505066458333337,2.6623336458333333
2023-03-25,2023-03-25 14:00:00,oslo,10.880036,9.611959499999998
2023-03-25,2023-03-25 14:00:00,stavanger,4.954544,4.489493999999999
2023-03-25,2023-03-25 14:00:00,tromsø,1.832647,1.7927570000000002
2023-03-25,2023-03-25 14:00:00,trondheim,3.049901594444445,3.0708500944444443
2023-03-25,2023-03-25 15:00:00,bergen,2.9422436458333334,2.7952261458333334
2023-03-25,2023-03-25 15:00:00,oslo,11.183717,10.2047505
2023-03-25,2023-03-25 15:00:00,stavanger,5.056007999999999,4.741213999999999
2023-03-25,2023-03-25 15:00:00,tromsø,1.964598,1.9046335
2023-03-25,2023-03-25 15:00:00,trondheim,3.1483565944444445,3.300205594444444
2023-03-25,2023-03-25 16:00:00,bergen,3.0862166458333333,2.838315145833333
2023-03-25,2023-03-25 16:00:00,oslo,11.844971999999997,10.664162500000003
2023-03-25,2023-03-25 16:00:00,stavanger,5.258738999999999,4.8860455
2023-03-25,2023-03-25 16:00:00,tromsø,2.046958,1.9271690000000001
2023-03-25,2023-03-25 16:00:00,trondheim,3.3804425944444443,3.4600575944444447
2023-03-25,2023-03-25 17:00:00,bergen,3.153502645833333,2.9891606458333335
2023-03-25,2023-03-25 17:00:00,oslo,12.530758000000002,11.272334000000003
2023-03-25,2023-03-25 17:00:00,stavanger,5.534641999999999,5.127168999999999
2023-03-25,2023-03-25 17:00:00,tromsø,2.1526630000000004,1.9669725000000002
2023-03-25,2023-03-25 17:00:00,trondheim,3.628519594444444,3.598939094444445
2023-03-25,2023-03-25 18:00:00,bergen,3.240883645833333,3.187997145833333
2023-03-25,2023-03-25 18:00:00,oslo,12.410043000000002,11.683304999999997
2023-03-25,2023-03-25 18:00:00,stavanger,5.591307,5.344788
2023-03-25,2023-03-25 18:00:00,tromsø,2.1404680000000003,1.9964780000000002
2023-03-25,2023-03-25 18:00:00,trondheim,3.784077594444444,3.6535465944444443
2023-03-25,2023-03-25 19:00:00,bergen,3.138149645833334,3.2026346458333332
2023-03-25,2023-03-25 19:00:00,oslo,11.92254,11.5689225
2023-03-25,2023-03-25 19:00:00,stavanger,5.374687000000001,5.3336925
2023-03-25,2023-03-25 19:00:00,tromsø,2.128128,1.9720555000000002
2023-03-25,2023-03-25 19:00:00,trondheim,3.710298594444444,3.658242094444444
2023-03-25,2023-03-25 20:00:00,bergen,3.030010645833333,3.1982956458333334
2023-03-25,2023-03-25 20:00:00,oslo,11.421882999999996,11.397372999999998
2023-03-25,2023-03-25 20:00:00,stavanger,5.169859,5.225583500000001
2023-03-25,2023-03-25 20:00:00,tromsø,2.076287,1.96089
2023-03-25,2023-03-25 20:00:00,trondheim,3.634904594444444,3.616297094444444
2023-03-25,2023-03-25 21:00:00,bergen,2.952497645833333,3.0738096458333333
2023-03-25,2023-03-25 21:00:00,oslo,11.166739000000002,11.088769999999998
2023-03-25,2023-03-25 21:00:00,stavanger,4.999663999999999,5.1037595
2023-03-25,2023-03-25 21:00:00,tromsø,2.032824,1.9173845
2023-03-25,2023-03-25 21:00:00,trondheim,3.546848594444444,3.4711020944444444
2023-03-25,2023-03-25 22:00:00,bergen,2.848527645833333,2.9309981458333327
2023-03-25,2023-03-25 22:00:00,oslo,10.854571000000002,10.555059500000002
2023-03-25,2023-03-25 22:00:00,stavanger,4.944285999999999,4.855308
2023-03-25,2023-03-25 22:00:00,tromsø,1.961562,1.873675
2023-03-25,2023-03-25 22:00:00,trondheim,3.5115865944444447,3.366061594444444
2023-03-25,2023-03-25 23:00:00,bergen,2.7293966458333334,2.734824645833333
2023-03-25,2023-03-25 23:00:00,oslo,10.602636999999996,10.0018425
2023-03-25,2023-03-25 23:00:00,stavanger,4.863903,4.615573499999999
2023-03-25,2023-03-25 23:00:00,tromsø,1.946432,1.79253
2023-03-25,2023-03-25 23:00:00,trondheim,3.416189594444444,3.2161475944444446
2023-03-26,2023-03-26 00:00:00,bergen,2.686500645833333,2.6345821458333334
2023-03-26,2023-03-26 00:00:00,oslo,10.360518000000004,9.794602999999999
2023-03-26,2023-03-26 00:00:00,stavanger,4.741552,4.478058500000001
2023-03-26,2023-03-26 00:00:00,tromsø,1.89979,1.7249804999999998
2023-03-26,2023-03-26 00:00:00,trondheim,3.394976594444444,3.076288094444445
2023-03-26,2023-03-26 01:00:00,bergen,2.606382645833333,2.539568145833333
2023-03-26,2023-03-26 01:00:00,oslo,10.263785,9.567443999999998
2023-03-26,2023-03-26 01:00:00,stavanger,4.657625,4.3862594999999995
2023-03-26,2023-03-26 01:00:00,tromsø,1.87964,1.7116790000000002
2023-03-26,2023-03-26 01:00:00,trondheim,3.4228945944444447,2.994895094444445
2023-03-26,2023-03-26 02:00:00,bergen,2.6058546458333334,2.514604645833333
2023-03-26,2023-03-26 02:00:00,oslo,10.199984,9.531832000000001
2023-03-26,2023-03-26 02:00:00,stavanger,4.666595,4.314929499999999
2023-03-26,2023-03-26 02:00:00,tromsø,1.849327,1.6756190000000002
2023-03-26,2023-03-26 02:00:00,trondheim,3.420886594444444,2.949220094444444
2023-03-26,2023-03-26 03:00:00,bergen,2.623561645833333,2.4883986458333327
2023-03-26,2023-03-26 03:00:00,oslo,10.238265,9.467646000000002
2023-03-26,2023-03-26 03:00:00,stavanger,4.6428840000000005,4.278546
2023-03-26,2023-03-26 03:00:00,tromsø,1.85049,1.6807689999999997
2023-03-26,2023-03-26 03:00:00,trondheim,3.436386594444444,2.9454260944444446
2023-03-26,2023-03-26 04:00:00,bergen,2.6457936458333333,2.465699645833333
2023-03-26,2023-03-26 04:00:00,oslo,10.224077,9.591531999999997
2023-03-26,2023-03-26 04:00:00,stavanger,4.678426000000001,4.278923
2023-03-26,2023-03-26 04:00:00,tromsø,1.82881,1.7017630000000001
2023-03-26,2023-03-26 04:00:00,trondheim,3.5245455944444446,2.9874200944444445
2023-03-26,2023-03-26 05:00:00,bergen,2.7359086458333333,2.587761645833333
2023-03-26,2023-03-26 05:00:00,oslo,10.455362999999998,10.1176865
2023-03-26,2023-03-26 05:00:00,stavanger,4.774565,4.499688000000001
2023-03-26,2023-03-26 05:00:00,tromsø,1.868492,1.7645089999999999
2023-03-26,2023-03-26 05:00:00,trondheim,3.5541665944444447,3.146438094444444
2023-03-26,2023-03-26 06:00:00,bergen,2.864697645833333,2.773803145833333
2023-03-26,2023-03-26 06:00:00,oslo,10.845659999999992,10.775624
2023-03-26,2023-03-26 06:00:00,stavanger,4.959825,4.796047999999999
2023-03-26,2023-03-26 06:00:00,tromsø,1.875634,1.839652
2023-03-26,2023-03-26 06:00:00,trondheim,3.673675594444444,3.2941715944444443
2023-03-26,2023-03-26 07:00:00,bergen,2.9591956458333333,2.7672801458333334
2023-03-26,2023-03-26 07:00:00,oslo,11.227605999999996,10.790904999999999
2023-03-26,2023-03-26 07:00:00,stavanger,5.328527,4.88576
2023-03-26,2023-03-26 07:00:00,tromsø,1.926797,1.824841
2023-03-26,2023-03-26 07:00:00,trondheim,3.811003594444444,3.3297685944444444
2023-03-26,2023-03-26 08:00:00,bergen,3.0668966458333333,2.8199016458333332
2023-03-26,2023-03-26 08:00:00,oslo,11.64115,10.833785
2023-03-26,2023-03-26 08:00:00,stavanger,5.461078,4.9931935
2023-03-26,2023-03-26 08:00:00,tromsø,1.9199520000000003,1.79759
2023-03-26,2023-03-26 08:00:00,trondheim,3.827523594444445,3.248937094444444
2023-03-26,2023-03-26 09:00:00,bergen,3.049421645833333,2.8543036458333333
2023-03-26,2023-03-26 09:00:00,oslo,11.709950999999998,10.922698500000003
2023-03-26,2023-03-26 09:00:00,stavanger,5.5250140000000005,5.0739875
2023-03-26,2023-03-26 09:00:00,tromsø,1.929736,1.7860015000000002
2023-03-26,2023-03-26 09:00:00,trondheim,3.727225594444445,3.1718515944444445
2023-03-26,2023-03-26 10:00:00,bergen,2.9885336458333334,2.851283645833333
2023-03-26,2023-03-26 10:00:00,oslo,11.657442,11.007580000000003
2023-03-26,2023-03-26 10:00:00,stavanger,5.481016,5.0497605
2023-03-26,2023-03-26 10:00:00,tromsø,1.867359,1.764319
2023-03-26,2023-03-26 10:00:00,trondheim,3.618790594444444,3.1116755944444447
2023-03-26,2023-03-26 11:00:00,bergen,2.9152626458333333,2.883502145833333
2023-03-26,2023-03-26 11:00:00,oslo,11.326359000000002,10.950240499999998
2023-03-26,2023-03-26 11:00:00,stavanger,5.438903000000001,5.058867500000002
2023-03-26,2023-03-26 11:00:00,tromsø,1.795628,1.737547
2023-03-26,2023-03-26 11:00:00,trondheim,3.5460315944444445,3.0522035944444443
2023-03-26,2023-03-26 12:00:00,bergen,2.8700056458333334,2.9415556458333327
2023-03-26,2023-03-26 12:00:00,oslo,11.049868999999996,10.911052999999999
2023-03-26,2023-03-26 12:00:00,stavanger,5.444786000000001,5.047791499999999
2023-03-26,2023-03-26 12:00:00,tromsø,1.7580950000000002,1.6995525
2023-03-26,2023-03-26 12:00:00,trondheim,3.5245475944444444,3.0123120944444444
2023-03-26,2023-03-26 13:00:00,bergen,2.909818645833333,2.9714876458333332
2023-03-26,2023-03-26 13:00:00,oslo,11.003155,10.954026499999998
2023-03-26,2023-03-26 13:00:00,stavanger,5.392857,5.109912
2023-03-26,2023-03-26 13:00:00,tromsø,1.782701,1.7235459999999998
2023-03-26,2023-03-26 13:00:00,trondheim,3.553265594444444,3.0484280944444446
2023-03-26,2023-03-26 14:00:00,bergen,2.882499645833333,3.087916145833333
2023-03-26,2023-03-26 14:00:00,oslo,11.152569000000002,11.223932000000001
2023-03-26,2023-03-26 14:00:00,stavanger,5.33272,5.29458
2023-03-26,2023-03-26 14:00:00,tromsø,1.846647,1.822627
2023-03-26,2023-03-26 14:00:00,trondheim,3.579005594444444,3.2168595944444447
2023-03-26,2023-03-26 15:00:00,bergen,2.907063645833333,3.229521645833333
2023-03-26,2023-03-26 15:00:00,oslo,11.318699999999998,11.915027000000002
2023-03-26,2023-03-26 15:00:00,stavanger,5.318415,5.5040525
2023-03-26,2023-03-26 15:00:00,tromsø,1.846723,1.9137705
2023-03-26,2023-03-26 15:00:00,trondheim,3.5700265944444447,3.391952094444444
2023-03-26,2023-03-26 16:00:00,bergen,3.0592746458333333,3.313429145833333
2023-03-26,2023-03-26 16:00:00,oslo,11.6438,12.28269
2023-03-26,2023-03-26 16:00:00,stavanger,5.475716,5.5485585
2023-03-26,2023-03-26 16:00:00,tromsø,1.924264,1.9255755000000003
2023-03-26,2023-03-26 16:00:00,trondheim,3.723605594444445,3.4809235944444445
2023-03-26,2023-03-26 17:00:00,bergen,3.1835636458333334,3.2648246458333334
2023-03-26,2023-03-26 17:00:00,oslo,12.410225,12.5054155
2023-03-26,2023-03-26 17:00:00,stavanger,5.676252000000001,5.700498500000001
2023-03-26,2023-03-26 17:00:00,tromsø,1.981428,1.975152
2023-03-26,2023-03-26 17:00:00,trondheim,3.934104594444445,3.594943094444445
2023-03-26,2023-03-26 18:00:00,bergen,3.401134645833333,3.3676261458333334
2023-03-26,2023-03-26 18:00:00,oslo,12.856381,12.658481999999996
2023-03-26,2023-03-26 18:00:00,stavanger,6.052909999999999,5.755428499999999
2023-03-26,2023-03-26 18:00:00,tromsø,2.084384,2.0381615
2023-03-26,2023-03-26 18:00:00,trondheim,4.070419594444446,3.786908594444445
2023-03-26,2023-03-26 19:00:00,bergen,3.390737645833333,3.342800645833333
2023-03-26,2023-03-26 19:00:00,oslo,13.010337999999996,12.569614999999999
2023-03-26,2023-03-26 19:00:00,stavanger,6.060453999999999,5.7665204999999995
2023-03-26,2023-03-26 19:00:00,tromsø,2.095099,2.057817
2023-03-26,2023-03-26 19:00:00,trondheim,4.090973594444445,3.8580540944444444
2023-03-26,2023-03-26 20:00:00,bergen,3.328193645833333,3.3039111458333337
2023-03-26,2023-03-26 20:00:00,oslo,12.738356,12.252450000000001
2023-03-26,2023-03-26 20:00:00,stavanger,5.875634,5.654607
2023-03-26,2023-03-26 20:00:00,tromsø,2.076341,2.0234755
2023-03-26,2023-03-26 20:00:00,trondheim,3.993153594444444,3.831223594444445
2023-03-26,2023-03-26 21:00:00,bergen,3.126720645833333,3.2089701458333337
2023-03-26,2023-03-26 21:00:00,oslo,12.134655000000004,11.688759000000001
2023-03-26,2023-03-26 21:00:00,stavanger,5.622819999999999,5.472424
2023-03-26,2023-03-26 21:00:00,tromsø,2.018333,1.977527
2023-03-26,2023-03-26 21:00:00,trondheim,3.754420594444445,3.7101710944444446
2023-03-26,2023-03-26 22:00:00,bergen,2.875871645833333,2.9742111458333333
2023-03-26,2023-03-26 22:00:00,oslo,11.37405,10.881687499999998
2023-03-26,2023-03-26 22:00:00,stavanger,5.316112,5.0891575
2023-03-26,2023-03-26 22:00:00,tromsø,1.930439,1.9117715
2023-03-26,2023-03-26 22:00:00,trondheim,3.560711594444445,3.488544594444444
2023-03-26,2023-03-26 23:00:00,bergen,2.714885645833333,2.679660145833333
2023-03-26,2023-03-26 23:00:00,oslo,11.110799,10.086324500000003
2023-03-26,2023-03-26 23:00:00,stavanger,5.14931,4.7320174999999995
2023-03-26,2023-03-26 23:00:00,tromsø,1.878353,1.8113289999999997
2023-03-26,2023-03-26 23:00:00,trondheim,3.4092265944444446,3.2151940944444446
2023-03-27,2023-03-27 00:00:00,bergen,2.594189645833334,2.5062426458333333
2023-03-27,2023-03-27 00:00:00,oslo,11.031430999999998,9.595924000000004
2023-03-27,2023-03-27 00:00:00,stavanger,5.060188999999999,4.536794499999999
2023-03-27,2023-03-27 00:00:00,tromsø,1.839563,1.736552
2023-03-27,2023-03-27 00:00:00,trondheim,3.355028594444444,3.0376040944444442
2023-03-27,2023-03-27 01:00:00,bergen,2.581976645833333,2.438566145833333
2023-03-27,2023-03-27 01:00:00,oslo,10.957935000000004,9.320253500000002
2023-03-27,2023-03-27 01:00:00,stavanger,5.070298,4.407772
2023-03-27,2023-03-27 01:00:00,tromsø,1.8542700000000003,1.7084264999999998
2023-03-27,2023-03-27 01:00:00,trondheim,3.2932795944444435,2.9355660944444444
2023-03-27,2023-03-27 02:00:00,bergen,2.577723645833333,2.3795486458333337
2023-03-27,2023-03-27 02:00:00,oslo,11.010061,9.097394000000001
2023-03-27,2023-03-27 02:00:00,stavanger,5.111998000000001,4.367108000000001
2023-03-27,2023-03-27 02:00:00,tromsø,1.869365,1.6955785
2023-03-27,2023-03-27 02:00:00,trondheim,3.310991594444445,2.8759245944444443
2023-03-27,2023-03-27 03:00:00,bergen,2.6112526458333334,2.394648645833333
2023-03-27,2023-03-27 03:00:00,oslo,11.243349999999998,8.9610485
2023-03-27,2023-03-27 03:00:00,stavanger,5.152579,4.270135
2023-03-27,2023-03-27 03:00:00,tromsø,1.909901,1.6994354999999999
2023-03-27,2023-03-27 03:00:00,trondheim,3.367247594444444,2.878385094444444
2023-03-27,2023-03-27 04:00:00,bergen,2.839073645833333,2.4052881458333335
2023-03-27,2023-03-27 04:00:00,oslo,12.238191,9.142744
2023-03-27,2023-03-27 04:00:00,stavanger,5.565282,4.260049500000001
2023-03-27,2023-03-27 04:00:00,tromsø,2.010429,1.6996195000000003
2023-03-27,2023-03-27 04:00:00,trondheim,3.633831594444444,2.945752094444445
2023-03-27,2023-03-27 05:00:00,bergen,3.080826645833333,2.5916311458333334
2023-03-27,2023-03-27 05:00:00,oslo,13.310613,10.026319
2023-03-27,2023-03-27 05:00:00,stavanger,6.106829000000001,4.6497055
2023-03-27,2023-03-27 05:00:00,tromsø,2.156495,1.8207129999999996
2023-03-27,2023-03-27 05:00:00,trondheim,3.895425594444444,3.2102800944444443
2023-03-27,2023-03-27 06:00:00,bergen,3.046370645833333,2.827618645833333
2023-03-27,2023-03-27 06:00:00,oslo,12.752983000000002,10.906322499999998
2023-03-27,2023-03-27 06:00:00,stavanger,5.783221999999999,5.098567000000001
2023-03-27,2023-03-27 06:00:00,tromsø,2.105176,1.9292894999999999
2023-03-27,2023-03-27 06:00:00,trondheim,3.792799594444444,3.4757860944444445
2023-03-27,2023-03-27 07:00:00,bergen,2.8494706458333336,2.7060056458333333
2023-03-27,2023-03-27 07:00:00,oslo,11.964814,10.4612075
2023-03-27,2023-03-27 07:00:00,stavanger,5.443588999999999,4.8160715
2023-03-27,2023-03-27 07:00:00,tromsø,1.980132,1.8505
2023-03-27,2023-03-27 07:00:00,trondheim,3.5746365944444447,3.285646094444444
2023-03-27,2023-03-27 08:00:00,bergen,2.7041756458333337,2.591478645833333
2023-03-27,2023-03-27 08:00:00,oslo,11.250303999999998,9.900264
2023-03-27,2023-03-27 08:00:00,stavanger,5.171692,4.600869
2023-03-27,2023-03-27 08:00:00,tromsø,1.883053,1.7520749999999996
2023-03-27,2023-03-27 08:00:00,trondheim,3.335851594444444,3.1124020944444446
2023-03-27,2023-03-27 09:00:00,bergen,2.617651645833333,2.505630645833333
2023-03-27,2023-03-27 09:00:00,oslo,10.942158999999998,9.685991999999999
2023-03-27,2023-03-27 09:00:00,stavanger,4.984775999999999,4.523559499999999
2023-03-27,2023-03-27 09:00:00,tromsø,1.7778820000000002,1.6562025
2023-03-27,2023-03-27 09:00:00,trondheim,3.147334594444445,2.9855060944444447
2023-03-27,2023-03-27 10:00:00,bergen,2.5728636458333334,2.494584645833333
2023-03-27,2023-03-27 10:00:00,oslo,10.634228,9.536964500000003
2023-03-27,2023-03-27 10:00:00,stavanger,4.846594,4.442334000000001
2023-03-27,2023-03-27 10:00:00,tromsø,1.6689440000000002,1.5977875
2023-03-27,2023-03-27 10:00:00,trondheim,3.023989594444444,2.916417594444445
2023-03-27,2023-03-27 11:00:00,bergen,2.4934436458333336,2.4830116458333333
2023-03-27,2023-03-27 11:00:00,oslo,10.253932,9.395215999999998
2023-03-27,2023-03-27 11:00:00,stavanger,4.647679999999999,4.413836999999999
2023-03-27,2023-03-27 11:00:00,tromsø,1.645426,1.5484985
2023-03-27,2023-03-27 11:00:00,trondheim,2.9232775944444445,2.7973320944444446
2023-03-27,2023-03-27 12:00:00,bergen,2.5024896458333328,2.508213645833333
2023-03-27,2023-03-27 12:00:00,oslo,10.117112,9.251838
2023-03-27,2023-03-27 12:00:00,stavanger,4.743316,4.331868
2023-03-27,2023-03-27 12:00:00,tromsø,1.660984,1.5241020000000003
2023-03-27,2023-03-27 12:00:00,trondheim,2.8527945944444446,2.726863094444444
2023-03-27,2023-03-27 13:00:00,bergen,2.589547645833333,2.5352456458333332
2023-03-27,2023-03-27 13:00:00,oslo,10.367462999999995,9.2713675
2023-03-27,2023-03-27 13:00:00,stavanger,4.900423,4.2710989999999995
2023-03-27,2023-03-27 13:00:00,tromsø,1.705607,1.5924135
2023-03-27,2023-03-27 13:00:00,trondheim,3.0061145944444445,2.7889105944444443
2023-03-27,2023-03-27 14:00:00,bergen,2.7502776458333336,2.739024645833333
2023-03-27,2023-03-27 14:00:00,oslo,11.174927999999998,9.606067
2023-03-27,2023-03-27 14:00:00,stavanger,5.199857,4.497050999999999
2023-03-27,2023-03-27 14:00:00,tromsø,1.827624,1.7062749999999998
2023-03-27,2023-03-27 14:00:00,trondheim,3.2234785944444435,3.0544390944444437
2023-03-27,2023-03-27 15:00:00,bergen,2.793265645833333,2.9460126458333336
2023-03-27,2023-03-27 15:00:00,oslo,11.672787999999995,10.6382375
2023-03-27,2023-03-27 15:00:00,stavanger,5.241340999999999,4.8283635
2023-03-27,2023-03-27 15:00:00,tromsø,1.84623,1.8125149999999999
2023-03-27,2023-03-27 15:00:00,trondheim,3.2846475944444444,3.3853070944444443
2023-03-27,2023-03-27 16:00:00,bergen,2.7204426458333333,2.933435145833333
2023-03-27,2023-03-27 16:00:00,oslo,11.914497000000004,11.092199000000004
2023-03-27,2023-03-27 16:00:00,stavanger,5.31304,4.867471
2023-03-27,2023-03-27 16:00:00,tromsø,1.813343,1.8492495000000004
2023-03-27,2023-03-27 16:00:00,trondheim,3.325357594444444,3.4823210944444445
2023-03-27,2023-03-27 17:00:00,bergen,2.870546645833333,2.980790145833333
2023-03-27,2023-03-27 17:00:00,oslo,12.587060000000005,11.440218000000002
2023-03-27,2023-03-27 17:00:00,stavanger,5.655925999999999,5.0072885
2023-03-27,2023-03-27 17:00:00,tromsø,1.921552,1.8997709999999999
2023-03-27,2023-03-27 17:00:00,trondheim,3.509517594444444,3.5059075944444444
2023-03-27,2023-03-27 18:00:00,bergen,3.068236645833333,3.1328496458333333
2023-03-27,2023-03-27 18:00:00,oslo,13.135707,11.789344999999997
2023-03-27,2023-03-27 18:00:00,stavanger,5.937053,5.309595
2023-03-27,2023-03-27 18:00:00,tromsø,2.027314,1.9884545
2023-03-27,2023-03-27 18:00:00,trondheim,3.739665594444444,3.613471094444444
2023-03-27,2023-03-27 19:00:00,bergen,3.243747645833333,3.2219361458333333
2023-03-27,2023-03-27 19:00:00,oslo,13.339669000000002,11.882005999999997
2023-03-27,2023-03-27 19:00:00,stavanger,6.018238,5.4585895
2023-03-27,2023-03-27 19:00:00,tromsø,2.1055369999999995,2.0027600000000003
2023-03-27,2023-03-27 19:00:00,trondheim,3.918063594444445,3.7108335944444444
2023-03-27,2023-03-27 20:00:00,bergen,3.267860645833333,3.2862801458333335
2023-03-27,2023-03-27 20:00:00,oslo,13.023539,11.905391999999999
2023-03-27,2023-03-27 20:00:00,stavanger,5.907937,5.443930000000001
2023-03-27,2023-03-27 20:00:00,tromsø,2.1098289999999995,2.0301375
2023-03-27,2023-03-27 20:00:00,trondheim,3.926529594444444,3.7508485944444443
2023-03-27,2023-03-27 21:00:00,bergen,3.077427645833333,3.1965671458333333
2023-03-27,2023-03-27 21:00:00,oslo,12.332533000000003,11.5267445
2023-03-27,2023-03-27 21:00:00,stavanger,5.593681,5.3215835
2023-03-27,2023-03-27 21:00:00,tromsø,2.0566890000000004,2.0206175
2023-03-27,2023-03-27 21:00:00,trondheim,3.778815594444444,3.6176790944444446
2023-03-27,2023-03-27 22:00:00,bergen,2.844878645833333,2.9444501458333328
2023-03-27,2023-03-27 22:00:00,oslo,11.776119,10.786037
2023-03-27,2023-03-27 22:00:00,stavanger,5.303888,5.0219195
2023-03-27,2023-03-27 22:00:00,tromsø,1.959744,1.9721755
2023-03-27,2023-03-27 22:00:00,trondheim,3.5478255944444443,3.404726594444445
2023-03-27,2023-03-27 23:00:00,bergen,2.7619266458333334,2.718227145833333
2023-03-27,2023-03-27 23:00:00,oslo,11.540977000000003,10.078816999999997
2023-03-27,2023-03-27 23:00:00,stavanger,5.256028,4.726483999999999
2023-03-27,2023-03-27 23:00:00,tromsø,1.94196,1.891111
2023-03-27,2023-03-27 23:00:00,trondheim,3.4019795944444446,3.1780550944444443
2023-03-28,2023-03-28 00:00:00,bergen,2.6561416458333333,2.594800145833333
2023-03-28,2023-03-28 00:00:00,oslo,11.396780999999995,9.797649
2023-03-28,2023-03-28 00:00:00,stavanger,5.234244,4.552426500000001
2023-03-28,2023-03-28 00:00:00,tromsø,1.88922,1.8371555000000002
2023-03-28,2023-03-28 00:00:00,trondheim,3.448513594444444,3.0213045944444445
2023-03-28,2023-03-28 01:00:00,bergen,2.6378756458333337,2.5108491458333333
2023-03-28,2023-03-28 01:00:00,oslo,11.359926,9.5891015
2023-03-28,2023-03-28 01:00:00,stavanger,5.201435,4.475094499999999
2023-03-28,2023-03-28 01:00:00,tromsø,1.891963,1.8159650000000003
2023-03-28,2023-03-28 01:00:00,trondheim,3.4469055944444444,2.936904594444445
2023-03-28,2023-03-28 02:00:00,bergen,2.6144296458333334,2.4727366458333333
2023-03-28,2023-03-28 02:00:00,oslo,11.527617,9.549987500000004
2023-03-28,2023-03-28 02:00:00,stavanger,5.204949000000001,4.4365714999999994
2023-03-28,2023-03-28 02:00:00,tromsø,1.915761,1.7872345000000003
2023-03-28,2023-03-28 02:00:00,trondheim,3.509867594444444,2.865823094444445
2023-03-28,2023-03-28 03:00:00,bergen,2.6615496458333334,2.447738145833333
2023-03-28,2023-03-28 03:00:00,oslo,11.732683000000002,9.528180500000001
2023-03-28,2023-03-28 03:00:00,stavanger,5.287841000000001,4.439874
2023-03-28,2023-03-28 03:00:00,tromsø,1.957608,1.800219
2023-03-28,2023-03-28 03:00:00,trondheim,3.657221594444445,2.8374120944444448
2023-03-28,2023-03-28 04:00:00,bergen,2.8727626458333333,2.465376645833333
2023-03-28,2023-03-28 04:00:00,oslo,12.775399,9.653957499999997
2023-03-28,2023-03-28 04:00:00,stavanger,5.672228999999999,4.3981585
2023-03-28,2023-03-28 04:00:00,tromsø,2.0571749999999995,1.8062420000000001
2023-03-28,2023-03-28 04:00:00,trondheim,3.896949594444444,2.9197850944444443
2023-03-28,2023-03-28 05:00:00,bergen,3.181417645833333,2.6675411458333333
2023-03-28,2023-03-28 05:00:00,oslo,13.708071000000002,10.516761
2023-03-28,2023-03-28 05:00:00,stavanger,6.170097,4.7230765
2023-03-28,2023-03-28 05:00:00,tromsø,2.144062,1.9111455000000002
2023-03-28,2023-03-28 05:00:00,trondheim,4.206313594444445,3.139540594444444
2023-03-28,2023-03-28 06:00:00,bergen,3.121204645833333,2.907073645833333
2023-03-28,2023-03-28 06:00:00,oslo,13.166443,11.398286499999998
2023-03-28,2023-03-28 06:00:00,stavanger,5.948121,5.132433000000001
2023-03-28,2023-03-28 06:00:00,tromsø,2.057199,2.0022495
2023-03-28,2023-03-28 06:00:00,trondheim,4.069679594444445,3.4072855944444442
2023-03-28,2023-03-28 07:00:00,bergen,2.999091645833333,2.7560446458333336
2023-03-28,2023-03-28 07:00:00,oslo,12.187343000000004,10.837136499999998
2023-03-28,2023-03-28 07:00:00,stavanger,5.520114,4.932112999999999
2023-03-28,2023-03-28 07:00:00,tromsø,1.945019,1.9140625
2023-03-28,2023-03-28 07:00:00,trondheim,3.803323594444444,3.292095594444444
2023-03-28,2023-03-28 08:00:00,bergen,2.9613336458333333,2.5971066458333327
2023-03-28,2023-03-28 08:00:00,oslo,11.458471000000005,10.233760499999999
2023-03-28,2023-03-28 08:00:00,stavanger,5.304998000000001,4.764378499999999
2023-03-28,2023-03-28 08:00:00,tromsø,1.861077,1.837786
2023-03-28,2023-03-28 08:00:00,trondheim,3.555934594444445,3.0663165944444444
2023-03-28,2023-03-28 09:00:00,bergen,2.962482645833333,2.531549645833333
2023-03-28,2023-03-28 09:00:00,oslo,10.998046999999998,9.969056000000002
2023-03-28,2023-03-28 09:00:00,stavanger,5.167562000000001,4.7012935
2023-03-28,2023-03-28 09:00:00,tromsø,1.7754489999999998,1.7598675
2023-03-28,2023-03-28 09:00:00,trondheim,3.335449594444444,2.9270015944444445
2023-03-28,2023-03-28 10:00:00,bergen,2.991480645833333,2.5193451458333334
2023-03-28,2023-03-28 10:00:00,oslo,10.514123,9.850013000000004
2023-03-28,2023-03-28 10:00:00,stavanger,5.041378,4.61556
2023-03-28,2023-03-28 10:00:00,tromsø,1.690776,1.7047014999999999
2023-03-28,2023-03-28 10:00:00,trondheim,3.2190855944444445,2.867586594444445
2023-03-28,2023-03-28 11:00:00,bergen,2.966241645833333,2.5134706458333334
2023-03-28,2023-03-28 11:00:00,oslo,10.158899,9.813599
2023-03-28,2023-03-28 11:00:00,stavanger,4.965239,4.592415500000001
2023-03-28,2023-03-28 11:00:00,tromsø,1.655291,1.66288
2023-03-28,2023-03-28 11:00:00,trondheim,3.054671594444444,2.7848575944444445
2023-03-28,2023-03-28 12:00:00,bergen,3.010516645833333,2.561746645833333
2023-03-28,2023-03-28 12:00:00,oslo,10.122929,9.7719605
2023-03-28,2023-03-28 12:00:00,stavanger,4.978142999999999,4.575975499999999
2023-03-28,2023-03-28 12:00:00,tromsø,1.660208,1.629948
2023-03-28,2023-03-28 12:00:00,trondheim,3.039652594444445,2.749265094444444
2023-03-28,2023-03-28 13:00:00,bergen,3.201451645833333,2.643980645833333
2023-03-28,2023-03-28 13:00:00,oslo,10.489061000000005,9.904295999999999
2023-03-28,2023-03-28 13:00:00,stavanger,5.282077000000001,4.6619085
2023-03-28,2023-03-28 13:00:00,tromsø,1.698617,1.6577564999999999
2023-03-28,2023-03-28 13:00:00,trondheim,3.197929594444444,2.7893700944444446
2023-03-28,2023-03-28 14:00:00,bergen,3.4638856458333334,2.839903645833333
2023-03-28,2023-03-28 14:00:00,oslo,11.485648,10.4106105
2023-03-28,2023-03-28 14:00:00,stavanger,5.692331000000001,4.940007
2023-03-28,2023-03-28 14:00:00,tromsø,1.784942,1.7677114999999999
2023-03-28,2023-03-28 14:00:00,trondheim,3.4382695944444444,2.9540960944444445
2023-03-28,2023-03-28 15:00:00,bergen,3.512137645833333,3.1039416458333333
2023-03-28,2023-03-28 15:00:00,oslo,11.969395,11.409920000000001
2023-03-28,2023-03-28 15:00:00,stavanger,5.796589,5.320798
2023-03-28,2023-03-28 15:00:00,tromsø,1.827942,1.869292
2023-03-28,2023-03-28 15:00:00,trondheim,3.462739594444445,3.2613525944444444
2023-03-28,2023-03-28 16:00:00,bergen,3.476481645833333,3.1773676458333333
2023-03-28,2023-03-28 16:00:00,oslo,12.09375,11.865829000000002
2023-03-28,2023-03-28 16:00:00,stavanger,5.827284000000001,5.3549205
2023-03-28,2023-03-28 16:00:00,tromsø,1.861432,1.9343325000000005
2023-03-28,2023-03-28 16:00:00,trondheim,3.511462594444444,3.3237580944444445
2023-03-28,2023-03-28 17:00:00,bergen,3.507508645833333,3.201407645833333
2023-03-28,2023-03-28 17:00:00,oslo,12.589444000000002,12.072648000000001
2023-03-28,2023-03-28 17:00:00,stavanger,6.005136,5.440810000000001
2023-03-28,2023-03-28 17:00:00,tromsø,1.935939,2.008001
2023-03-28,2023-03-28 17:00:00,trondheim,3.670188594444445,3.437727594444445
2023-03-28,2023-03-28 18:00:00,bergen,3.613932645833333,3.283125145833333
2023-03-28,2023-03-28 18:00:00,oslo,12.981048,12.316229499999999
2023-03-28,2023-03-28 18:00:00,stavanger,6.131600000000001,5.628004499999999
2023-03-28,2023-03-28 18:00:00,tromsø,2.023869,2.0999330000000005
2023-03-28,2023-03-28 18:00:00,trondheim,3.9299895944444447,3.6282015944444446
2023-03-28,2023-03-28 19:00:00,bergen,3.634189645833333,3.3100811458333332
2023-03-28,2023-03-28 19:00:00,oslo,13.067717000000004,12.3622485
2023-03-28,2023-03-28 19:00:00,stavanger,6.233325,5.695473
2023-03-28,2023-03-28 19:00:00,tromsø,2.100811,2.146405
2023-03-28,2023-03-28 19:00:00,trondheim,4.112241594444445,3.727863594444444
2023-03-28,2023-03-28 20:00:00,bergen,3.596959645833333,3.3101636458333337
2023-03-28,2023-03-28 20:00:00,oslo,12.604737999999998,12.2480705
2023-03-28,2023-03-28 20:00:00,stavanger,6.113433,5.5982780000000005
2023-03-28,2023-03-28 20:00:00,tromsø,2.113597,2.1451185
2023-03-28,2023-03-28 20:00:00,trondheim,4.042348594444444,3.709898094444444
2023-03-28,2023-03-28 21:00:00,bergen,3.378952645833333,3.1984391458333334
2023-03-28,2023-03-28 21:00:00,oslo,11.908930000000003,11.770099
2023-03-28,2023-03-28 21:00:00,stavanger,5.655147,5.4599695
2023-03-28,2023-03-28 21:00:00,tromsø,2.037776,2.114923
2023-03-28,2023-03-28 21:00:00,trondheim,3.930712594444444,3.6342825944444446
2023-03-28,2023-03-28 22:00:00,bergen,3.113684645833333,2.9758911458333333
2023-03-28,2023-03-28 22:00:00,oslo,11.18774,11.014394499999998
2023-03-28,2023-03-28 22:00:00,stavanger,5.284957,5.08874
2023-03-28,2023-03-28 22:00:00,tromsø,1.979143,2.074974
2023-03-28,2023-03-28 22:00:00,trondheim,3.739466594444445,3.4655925944444443
2023-03-28,2023-03-28 23:00:00,bergen,2.9821916458333333,2.7047761458333333
2023-03-28,2023-03-28 23:00:00,oslo,10.787778999999995,10.287213500000004
2023-03-28,2023-03-28 23:00:00,stavanger,5.147527999999999,4.7698935
2023-03-28,2023-03-28 23:00:00,tromsø,1.955572,1.9716295
2023-03-28,2023-03-28 23:00:00,trondheim,3.577112594444444,3.224301094444445
2023-03-29,2023-03-29 00:00:00,bergen,2.8634566458333333,2.538662645833333
2023-03-29,2023-03-29 00:00:00,oslo,10.524695,9.852431500000002
2023-03-29,2023-03-29 00:00:00,stavanger,4.983505999999999,4.5806405
2023-03-29,2023-03-29 00:00:00,tromsø,1.925744,1.9017325
2023-03-29,2023-03-29 00:00:00,trondheim,3.525689594444444,3.0473445944444437
2023-03-29,2023-03-29 01:00:00,bergen,2.770657645833334,2.460311645833333
2023-03-29,2023-03-29 01:00:00,oslo,10.450694,9.572229
2023-03-29,2023-03-29 01:00:00,stavanger,4.903843999999999,4.446235
2023-03-29,2023-03-29 01:00:00,tromsø,1.904157,1.873287
2023-03-29,2023-03-29 01:00:00,trondheim,3.542062594444444,2.9488995944444447
2023-03-29,2023-03-29 02:00:00,bergen,2.761342645833333,2.387398145833333
2023-03-29,2023-03-29 02:00:00,oslo,10.385722,9.371330000000004
2023-03-29,2023-03-29 02:00:00,stavanger,4.840236000000001,4.4068830000000005
2023-03-29,2023-03-29 02:00:00,tromsø,1.9280150000000005,1.8535775
2023-03-29,2023-03-29 02:00:00,trondheim,3.5841855944444445,2.8777295944444443
2023-03-29,2023-03-29 03:00:00,bergen,2.812949645833333,2.3996141458333327
2023-03-29,2023-03-29 03:00:00,oslo,10.514279000000002,9.197454500000003
2023-03-29,2023-03-29 03:00:00,stavanger,4.882484000000001,4.336913
2023-03-29,2023-03-29 03:00:00,tromsø,1.967818,1.8769209999999998
2023-03-29,2023-03-29 03:00:00,trondheim,3.641896594444445,2.8672655944444445
2023-03-29,2023-03-29 04:00:00,bergen,3.015955645833333,2.4007486458333336
2023-03-29,2023-03-29 04:00:00,oslo,11.382202,9.326439
2023-03-29,2023-03-29 04:00:00,stavanger,5.2279800000000005,4.296436
2023-03-29,2023-03-29 04:00:00,tromsø,2.0651080000000004,1.8761345
2023-03-29,2023-03-29 04:00:00,trondheim,3.884986594444445,2.9125375944444443
2023-03-29,2023-03-29 05:00:00,bergen,3.2938146458333337,2.561487645833333
2023-03-29,2023-03-29 05:00:00,oslo,12.325445000000002,10.0923255
2023-03-29,2023-03-29 05:00:00,stavanger,5.573514,4.603851
2023-03-29,2023-03-29 05:00:00,tromsø,2.2048490000000003,1.9787249999999998
2023-03-29,2023-03-29 05:00:00,trondheim,4.207394594444445,3.161821094444444
2023-03-29,2023-03-29 06:00:00,bergen,3.118409645833333,2.786891145833333
2023-03-29,2023-03-29 06:00:00,oslo,11.969397000000004,10.871432500000001
2023-03-29,2023-03-29 06:00:00,stavanger,5.351797,4.996245999999999
2023-03-29,2023-03-29 06:00:00,tromsø,2.1184899999999995,2.0848555
2023-03-29,2023-03-29 06:00:00,trondheim,3.9730075944444447,3.4320655944444445
2023-03-29,2023-03-29 07:00:00,bergen,2.974535645833333,2.6636361458333333
2023-03-29,2023-03-29 07:00:00,oslo,11.417764,10.4937635
2023-03-29,2023-03-29 07:00:00,stavanger,5.213572,4.785004
2023-03-29,2023-03-29 07:00:00,tromsø,2.0084630000000003,1.9990085
2023-03-29,2023-03-29 07:00:00,trondheim,3.706102594444444,3.3157820944444447
2023-03-29,2023-03-29 08:00:00,bergen,2.761678645833334,2.558599145833333
2023-03-29,2023-03-29 08:00:00,oslo,11.069063000000002,9.999043499999999
2023-03-29,2023-03-29 08:00:00,stavanger,5.078877,4.6699905
2023-03-29,2023-03-29 08:00:00,tromsø,1.892109,1.8881559999999997
2023-03-29,2023-03-29 08:00:00,trondheim,3.487527594444444,3.1306300944444447
2023-03-29,2023-03-29 09:00:00,bergen,2.6755246458333333,2.4956476458333334
2023-03-29,2023-03-29 09:00:00,oslo,10.810291,9.737257499999998
2023-03-29,2023-03-29 09:00:00,stavanger,5.044807,4.639639000000001
2023-03-29,2023-03-29 09:00:00,tromsø,1.823643,1.7983975
2023-03-29,2023-03-29 09:00:00,trondheim,3.284508594444444,3.036426094444445
2023-03-29,2023-03-29 10:00:00,bergen,2.570630645833333,2.510700145833333
2023-03-29,2023-03-29 10:00:00,oslo,10.530468000000004,9.680783500000002
2023-03-29,2023-03-29 10:00:00,stavanger,4.957144999999999,4.6502975
2023-03-29,2023-03-29 10:00:00,tromsø,1.760509,1.7390349999999999
2023-03-29,2023-03-29 10:00:00,trondheim,3.128357594444444,3.0033785944444444
2023-03-29,2023-03-29 11:00:00,bergen,2.477306645833333,2.475592145833333
2023-03-29,2023-03-29 11:00:00,oslo,10.241626,9.617032499999999
2023-03-29,2023-03-29 11:00:00,stavanger,4.9514190000000005,4.673441
2023-03-29,2023-03-29 11:00:00,tromsø,1.706909,1.6735385000000003
2023-03-29,2023-03-29 11:00:00,trondheim,2.994277594444444,2.9367615944444445
2023-03-29,2023-03-29 12:00:00,bergen,2.4973726458333334,2.520020645833333
2023-03-29,2023-03-29 12:00:00,oslo,10.128565999999998,9.522886499999998
2023-03-29,2023-03-29 12:00:00,stavanger,5.011761000000001,4.687294
2023-03-29,2023-03-29 12:00:00,tromsø,1.7178490000000002,1.666406
2023-03-29,2023-03-29 12:00:00,trondheim,2.967220594444444,2.9236830944444443
2023-03-29,2023-03-29 13:00:00,bergen,2.6524756458333334,2.544131145833333
2023-03-29,2023-03-29 13:00:00,oslo,10.274150999999998,9.665767499999998
2023-03-29,2023-03-29 13:00:00,stavanger,5.276246,4.7187114999999995
2023-03-29,2023-03-29 13:00:00,tromsø,1.78026,1.7092794999999996
2023-03-29,2023-03-29 13:00:00,trondheim,3.062604594444444,2.9789495944444444
2023-03-29,2023-03-29 14:00:00,bergen,2.815178645833333,2.725390145833333
2023-03-29,2023-03-29 14:00:00,oslo,10.962013999999998,10.150215000000001
2023-03-29,2023-03-29 14:00:00,stavanger,5.737506999999999,4.9187035
2023-03-29,2023-03-29 14:00:00,tromsø,1.911595,1.7985484999999999
2023-03-29,2023-03-29 14:00:00,trondheim,3.352737594444444,3.2447745944444444
2023-03-29,2023-03-29 15:00:00,bergen,2.8162456458333334,2.9726076458333335
2023-03-29,2023-03-29 15:00:00,oslo,11.305941,11.127216999999998
2023-03-29,2023-03-29 15:00:00,stavanger,5.782133,5.239557
2023-03-29,2023-03-29 15:00:00,tromsø,1.915441,1.887877
2023-03-29,2023-03-29 15:00:00,trondheim,3.348829594444444,3.5463985944444447
2023-03-29,2023-03-29 16:00:00,bergen,2.745593645833333,3.0158616458333336
2023-03-29,2023-03-29 16:00:00,oslo,11.482589,11.604287000000003
2023-03-29,2023-03-29 16:00:00,stavanger,5.778238999999999,5.3266825
2023-03-29,2023-03-29 16:00:00,tromsø,1.927761,1.947016
2023-03-29,2023-03-29 16:00:00,trondheim,3.410652594444445,3.7010785944444446
2023-03-29,2023-03-29 17:00:00,bergen,2.900252645833333,3.050522145833333
2023-03-29,2023-03-29 17:00:00,oslo,12.057691,11.825723
2023-03-29,2023-03-29 17:00:00,stavanger,6.090993999999999,5.3906985
2023-03-29,2023-03-29 17:00:00,tromsø,1.998122,2.018801
2023-03-29,2023-03-29 17:00:00,trondheim,3.5831115944444445,3.716810094444444
2023-03-29,2023-03-29 18:00:00,bergen,3.102605645833333,3.1159256458333333
2023-03-29,2023-03-29 18:00:00,oslo,12.645673,11.940595000000002
2023-03-29,2023-03-29 18:00:00,stavanger,6.285189000000001,5.496634499999999
2023-03-29,2023-03-29 18:00:00,tromsø,2.050088,2.1343820000000004
2023-03-29,2023-03-29 18:00:00,trondheim,3.7922105944444446,3.8379250944444445
2023-03-29,2023-03-29 19:00:00,bergen,3.2840136458333333,3.124548145833333
2023-03-29,2023-03-29 19:00:00,oslo,12.933776,11.6721115
2023-03-29,2023-03-29 19:00:00,stavanger,6.254558999999999,5.48568
2023-03-29,2023-03-29 19:00:00,tromsø,2.1096829999999995,2.1230994999999995
2023-03-29,2023-03-29 19:00:00,trondheim,3.965859594444445,3.845922094444445
2023-03-29,2023-03-29 20:00:00,bergen,3.288980645833333,3.087841145833333
2023-03-29,2023-03-29 20:00:00,oslo,12.704803000000002,11.4975695
2023-03-29,2023-03-29 20:00:00,stavanger,6.114214,5.392723500000001
2023-03-29,2023-03-29 20:00:00,tromsø,2.104489,2.118641
2023-03-29,2023-03-29 20:00:00,trondheim,4.007278594444444,3.806062094444444
2023-03-29,2023-03-29 21:00:00,bergen,3.097668645833333,2.9912976458333334
2023-03-29,2023-03-29 21:00:00,oslo,12.188622999999998,11.130552000000002
2023-03-29,2023-03-29 21:00:00,stavanger,5.819918,5.224774
2023-03-29,2023-03-29 21:00:00,tromsø,2.048645,2.109216
2023-03-29,2023-03-29 21:00:00,trondheim,3.840615594444444,3.6742255944444446
2023-03-29,2023-03-29 22:00:00,bergen,2.853079645833333,2.793687645833333
2023-03-29,2023-03-29 22:00:00,oslo,11.59562,10.524888
2023-03-29,2023-03-29 22:00:00,stavanger,5.5406450000000005,4.972794
2023-03-29,2023-03-29 22:00:00,tromsø,1.940608,2.0671105
2023-03-29,2023-03-29 22:00:00,trondheim,3.673186594444444,3.504035094444445
2023-03-29,2023-03-29 23:00:00,bergen,2.7118156458333336,2.607520145833333
2023-03-29,2023-03-29 23:00:00,oslo,11.312403,9.980717999999998
2023-03-29,2023-03-29 23:00:00,stavanger,5.454514,4.721487
2023-03-29,2023-03-29 23:00:00,tromsø,1.897015,2.008842
2023-03-29,2023-03-29 23:00:00,trondheim,3.5235725944444445,3.294077094444444
2023-03-30,2023-03-30 00:00:00,bergen,2.5822946458333336,2.4665076458333335
2023-03-30,2023-03-30 00:00:00,oslo,11.080747000000002,9.5561875
2023-03-30,2023-03-30 00:00:00,stavanger,5.29375,4.5004095
2023-03-30,2023-03-30 00:00:00,tromsø,1.85235,1.960639
2023-03-30,2023-03-30 00:00:00,trondheim,3.4630065944444444,3.1412975944444446
2023-03-30,2023-03-30 01:00:00,bergen,2.6020406458333336,2.4179096458333333
2023-03-30,2023-03-30 01:00:00,oslo,11.113791,9.300048
2023-03-30,2023-03-30 01:00:00,stavanger,5.239663,4.4604515
2023-03-30,2023-03-30 01:00:00,tromsø,1.833279,1.9318585000000001
2023-03-30,2023-03-30 01:00:00,trondheim,3.4907745944444444,3.0583975944444446
2023-03-30,2023-03-30 02:00:00,bergen,2.596085645833333,2.3514646458333335
2023-03-30,2023-03-30 02:00:00,oslo,11.060996999999997,9.270565500000002
2023-03-30,2023-03-30 02:00:00,stavanger,5.2637670000000005,4.424475999999999
2023-03-30,2023-03-30 02:00:00,tromsø,1.84246,1.9233790000000002
2023-03-30,2023-03-30 02:00:00,trondheim,3.547285594444445,3.0172480944444446
2023-03-30,2023-03-30 03:00:00,bergen,2.6010396458333336,2.3187171458333333
2023-03-30,2023-03-30 03:00:00,oslo,11.283775,9.25027
2023-03-30,2023-03-30 03:00:00,stavanger,5.250830000000001,4.413406
2023-03-30,2023-03-30 03:00:00,tromsø,1.850745,1.9135575
2023-03-30,2023-03-30 03:00:00,trondheim,3.643704594444445,3.0143230944444452
2023-03-30,2023-03-30 04:00:00,bergen,2.809175645833333,2.318962145833333
2023-03-30,2023-03-30 04:00:00,oslo,12.110841000000002,9.1744685
2023-03-30,2023-03-30 04:00:00,stavanger,5.49937,4.308065
2023-03-30,2023-03-30 04:00:00,tromsø,1.934474,1.9278629999999999
2023-03-30,2023-03-30 04:00:00,trondheim,3.870990594444444,3.0609225944444445
2023-03-30,2023-03-30 05:00:00,bergen,3.0807886458333336,2.4131916458333333
2023-03-30,2023-03-30 05:00:00,oslo,13.121364000000002,9.617004000000001
2023-03-30,2023-03-30 05:00:00,stavanger,5.962198999999999,4.4365195
2023-03-30,2023-03-30 05:00:00,tromsø,2.0790460000000004,1.9965000000000002
2023-03-30,2023-03-30 05:00:00,trondheim,4.148677594444445,3.2030310944444444
2023-03-30,2023-03-30 06:00:00,bergen,2.983755645833333,2.6110686458333334
2023-03-30,2023-03-30 06:00:00,oslo,12.610355999999998,10.293391999999997
2023-03-30,2023-03-30 06:00:00,stavanger,5.795709,4.7078135
2023-03-30,2023-03-30 06:00:00,tromsø,2.019833,2.0410345000000003
2023-03-30,2023-03-30 06:00:00,trondheim,3.967726594444444,3.4295350944444443
2023-03-30,2023-03-30 07:00:00,bergen,2.861103645833333,2.6519036458333334
2023-03-30,2023-03-30 07:00:00,oslo,12.076896,10.3064885
2023-03-30,2023-03-30 07:00:00,stavanger,5.692922999999999,4.750712999999999
2023-03-30,2023-03-30 07:00:00,tromsø,1.957211,1.9905665
2023-03-30,2023-03-30 07:00:00,trondheim,3.741311594444445,3.3919990944444445
2023-03-30,2023-03-30 08:00:00,bergen,2.7727506458333333,2.6363021458333336
2023-03-30,2023-03-30 08:00:00,oslo,11.743179,10.294597499999998
2023-03-30,2023-03-30 08:00:00,stavanger,5.630593000000001,4.826784999999999
2023-03-30,2023-03-30 08:00:00,tromsø,1.916967,1.953668
2023-03-30,2023-03-30 08:00:00,trondheim,3.492726594444445,3.326186594444444
2023-03-30,2023-03-30 09:00:00,bergen,2.725747645833333,2.6404971458333333
2023-03-30,2023-03-30 09:00:00,oslo,11.481562,10.314076499999999
2023-03-30,2023-03-30 09:00:00,stavanger,5.593344000000001,4.817942499999999
2023-03-30,2023-03-30 09:00:00,tromsø,1.852656,1.8671455
2023-03-30,2023-03-30 09:00:00,trondheim,3.3636645944444443,3.2319245944444446
2023-03-30,2023-03-30 10:00:00,bergen,2.681918645833333,2.6515831458333334
2023-03-30,2023-03-30 10:00:00,oslo,11.242371,10.224281000000001
2023-03-30,2023-03-30 10:00:00,stavanger,5.577053,4.7996795
2023-03-30,2023-03-30 10:00:00,tromsø,1.821083,1.8008464999999998
2023-03-30,2023-03-30 10:00:00,trondheim,3.2006635944444444,3.1470785944444444
2023-03-30,2023-03-30 11:00:00,bergen,2.6246686458333333,2.622188645833333
2023-03-30,2023-03-30 11:00:00,oslo,11.15589,10.193780500000003
2023-03-30,2023-03-30 11:00:00,stavanger,5.596642,4.750778
2023-03-30,2023-03-30 11:00:00,tromsø,1.7748229999999998,1.74856
2023-03-30,2023-03-30 11:00:00,trondheim,3.043569594444445,3.0100970944444443
2023-03-30,2023-03-30 12:00:00,bergen,2.6690216458333333,2.655797145833333
2023-03-30,2023-03-30 12:00:00,oslo,11.081014,10.118999
2023-03-30,2023-03-30 12:00:00,stavanger,5.634193,4.679024500000001
2023-03-30,2023-03-30 12:00:00,tromsø,1.774727,1.7183845
2023-03-30,2023-03-30 12:00:00,trondheim,3.031451594444445,2.9870795944444444
2023-03-30,2023-03-30 13:00:00,bergen,2.8367786458333333,2.7168041458333336
2023-03-30,2023-03-30 13:00:00,oslo,11.360409999999998,10.133689999999998
2023-03-30,2023-03-30 13:00:00,stavanger,5.899891,4.6648245
2023-03-30,2023-03-30 13:00:00,tromsø,1.859047,1.7034205
2023-03-30,2023-03-30 13:00:00,trondheim,3.140156594444445,2.9601545944444445
2023-03-30,2023-03-30 14:00:00,bergen,3.099231645833333,2.7997511458333335
2023-03-30,2023-03-30 14:00:00,oslo,12.068976999999997,10.479901
2023-03-30,2023-03-30 14:00:00,stavanger,6.308352000000001,4.8492
2023-03-30,2023-03-30 14:00:00,tromsø,1.93836,1.799507
2023-03-30,2023-03-30 14:00:00,trondheim,3.346880594444444,3.028757094444445
2023-03-30,2023-03-30 15:00:00,bergen,3.207310645833333,3.0064446458333336
2023-03-30,2023-03-30 15:00:00,oslo,12.483809000000004,11.093637999999999
2023-03-30,2023-03-30 15:00:00,stavanger,6.361804000000001,5.069632499999999
2023-03-30,2023-03-30 15:00:00,tromsø,1.944585,1.9190405
2023-03-30,2023-03-30 15:00:00,trondheim,3.370449594444445,3.2436745944444443
2023-03-30,2023-03-30 16:00:00,bergen,3.165098645833333,3.0754106458333332
2023-03-30,2023-03-30 16:00:00,oslo,12.697417000000002,11.668913499999999
2023-03-30,2023-03-30 16:00:00,stavanger,6.294526999999999,5.1929704999999995
2023-03-30,2023-03-30 16:00:00,tromsø,1.968775,2.0077575000000003
2023-03-30,2023-03-30 16:00:00,trondheim,3.4025395944444443,3.3623780944444444
2023-03-30,2023-03-30 17:00:00,bergen,3.228576645833333,3.168210145833333
2023-03-30,2023-03-30 17:00:00,oslo,13.061637,12.119047500000004
2023-03-30,2023-03-30 17:00:00,stavanger,6.403933,5.358439
2023-03-30,2023-03-30 17:00:00,tromsø,2.034616,2.111301
2023-03-30,2023-03-30 17:00:00,trondheim,3.5838255944444444,3.5326120944444446
2023-03-30,2023-03-30 18:00:00,bergen,3.311402645833333,3.241546645833333
2023-03-30,2023-03-30 18:00:00,oslo,13.353542,12.190057500000002
2023-03-30,2023-03-30 18:00:00,stavanger,6.665524999999999,5.524172
2023-03-30,2023-03-30 18:00:00,tromsø,2.061421,2.1515770000000005
2023-03-30,2023-03-30 18:00:00,trondheim,3.843449594444445,3.6711520944444436
2023-03-30,2023-03-30 19:00:00,bergen,3.436974645833333,3.2062846458333336
2023-03-30,2023-03-30 19:00:00,oslo,13.430624,11.935089999999999
2023-03-30,2023-03-30 19:00:00,stavanger,6.712284,5.469174000000001
2023-03-30,2023-03-30 19:00:00,tromsø,2.0898980000000003,2.16706
2023-03-30,2023-03-30 19:00:00,trondheim,4.049832594444444,3.687557594444444
2023-03-30,2023-03-30 20:00:00,bergen,3.342718645833333,3.158506145833333
2023-03-30,2023-03-30 20:00:00,oslo,12.970068,11.644538999999998
2023-03-30,2023-03-30 20:00:00,stavanger,6.472869000000002,5.3217695
2023-03-30,2023-03-30 20:00:00,tromsø,2.0901080000000003,2.1520140000000003
2023-03-30,2023-03-30 20:00:00,trondheim,3.941332594444445,3.6511255944444443
2023-03-30,2023-03-30 21:00:00,bergen,3.1901016458333333,3.071888645833333
2023-03-30,2023-03-30 21:00:00,oslo,12.44882,11.324403
2023-03-30,2023-03-30 21:00:00,stavanger,6.065296,5.155986499999999
2023-03-30,2023-03-30 21:00:00,tromsø,2.056486,2.1167610000000003
2023-03-30,2023-03-30 21:00:00,trondheim,3.854218594444444,3.5776110944444444
2023-03-30,2023-03-30 22:00:00,bergen,3.029130645833333,2.9095901458333326
2023-03-30,2023-03-30 22:00:00,oslo,11.858900999999998,10.801053500000002
2023-03-30,2023-03-30 22:00:00,stavanger,5.767477,4.960001
2023-03-30,2023-03-30 22:00:00,tromsø,1.939682,2.06163
2023-03-30,2023-03-30 22:00:00,trondheim,3.686625594444445,3.487999594444444
2023-03-30,2023-03-30 23:00:00,bergen,2.8357616458333337,2.7158801458333333
2023-03-30,2023-03-30 23:00:00,oslo,11.344251999999996,10.330302499999998
2023-03-30,2023-03-30 23:00:00,stavanger,5.609791,4.778363000000001
2023-03-30,2023-03-30 23:00:00,tromsø,1.8437340000000009,1.9924765
2023-03-30,2023-03-30 23:00:00,trondheim,3.5566705944444443,3.3109695944444444
2023-03-31,2023-03-31 00:00:00,bergen,2.729460645833333,2.608435645833333
2023-03-31,2023-03-31 00:00:00,oslo,10.965018999999996,9.997485500000003
2023-03-31,2023-03-31 00:00:00,stavanger,5.45178,4.6045810000000005
2023-03-31,2023-03-31 00:00:00,tromsø,1.822142,1.9473945000000001
2023-03-31,2023-03-31 00:00:00,trondheim,3.4551035944444446,3.217347594444444
2023-03-31,2023-03-31 01:00:00,bergen,2.636753645833333,2.5241516458333333
2023-03-31,2023-03-31 01:00:00,oslo,10.772448000000002,9.7742775
2023-03-31,2023-03-31 01:00:00,stavanger,5.367724,4.493081500000001
2023-03-31,2023-03-31 01:00:00,tromsø,1.788328,1.924199
2023-03-31,2023-03-31 01:00:00,trondheim,3.446150594444444,3.1793975944444446
2023-03-31,2023-03-31 02:00:00,bergen,2.5639956458333333,2.495312145833333
2023-03-31,2023-03-31 02:00:00,oslo,10.629633,9.681155
2023-03-31,2023-03-31 02:00:00,stavanger,5.286249000000001,4.467118
2023-03-31,2023-03-31 02:00:00,tromsø,1.7792499999999998,1.9019785
2023-03-31,2023-03-31 02:00:00,trondheim,3.417651594444444,3.1496655944444445
2023-03-31,2023-03-31 03:00:00,bergen,2.629550645833333,2.512212645833333
2023-03-31,2023-03-31 03:00:00,oslo,10.804121,9.625325
2023-03-31,2023-03-31 03:00:00,stavanger,5.276615,4.4410515
2023-03-31,2023-03-31 03:00:00,tromsø,1.7908440000000003,1.9151675
2023-03-31,2023-03-31 03:00:00,trondheim,3.477494594444444,3.1283535944444445
2023-03-31,2023-03-31 04:00:00,bergen,2.746445645833333,2.5228746458333333
2023-03-31,2023-03-31 04:00:00,oslo,11.516403000000004,9.675642499999999
2023-03-31,2023-03-31 04:00:00,stavanger,5.530152999999999,4.445693
2023-03-31,2023-03-31 04:00:00,tromsø,1.872782,1.9056285000000002
2023-03-31,2023-03-31 04:00:00,trondheim,3.696927594444445,3.2030835944444442
2023-03-31,2023-03-31 05:00:00,bergen,3.017548645833333,2.6472901458333333
2023-03-31,2023-03-31 05:00:00,oslo,12.38187,10.137608499999999
2023-03-31,2023-03-31 05:00:00,stavanger,5.93926,4.633283499999999
2023-03-31,2023-03-31 05:00:00,tromsø,1.9562440000000003,1.966755
2023-03-31,2023-03-31 05:00:00,trondheim,4.024066594444444,3.3312920944444446
2023-03-31,2023-03-31 06:00:00,bergen,2.962256645833333,2.8292351458333336
2023-03-31,2023-03-31 06:00:00,oslo,12.038661,10.701608999999998
2023-03-31,2023-03-31 06:00:00,stavanger,5.818372,4.908215
2023-03-31,2023-03-31 06:00:00,tromsø,1.948924,2.0276755
2023-03-31,2023-03-31 06:00:00,trondheim,3.8862305944444446,3.524946094444444
2023-03-31,2023-03-31 07:00:00,bergen,2.818071645833333,2.8145751458333335
2023-03-31,2023-03-31 07:00:00,oslo,11.496869000000002,10.785937999999998
2023-03-31,2023-03-31 07:00:00,stavanger,5.636973999999999,5.0075970000000005
2023-03-31,2023-03-31 07:00:00,tromsø,1.905139,2.004217
2023-03-31,2023-03-31 07:00:00,trondheim,3.611590594444445,3.5627960944444443
2023-03-31,2023-03-31 08:00:00,bergen,2.7346546458333334,2.819308645833333
2023-03-31,2023-03-31 08:00:00,oslo,11.101416000000002,10.7470115
2023-03-31,2023-03-31 08:00:00,stavanger,5.462728,5.010878999999999
2023-03-31,2023-03-31 08:00:00,tromsø,1.846498,1.9481760000000001
2023-03-31,2023-03-31 08:00:00,trondheim,3.4112315944444447,3.4844405944444445
2023-03-31,2023-03-31 09:00:00,bergen,2.6600016458333333,2.7645156458333338
2023-03-31,2023-03-31 09:00:00,oslo,10.790487,10.625789000000001
2023-03-31,2023-03-31 09:00:00,stavanger,5.295786,5.030614000000001
2023-03-31,2023-03-31 09:00:00,tromsø,1.8133280000000005,1.9108695
2023-03-31,2023-03-31 09:00:00,trondheim,3.1998915944444444,3.376329594444445
2023-03-31,2023-03-31 10:00:00,bergen,2.6159436458333336,2.7365176458333336
2023-03-31,2023-03-31 10:00:00,oslo,10.385808999999998,10.551252
2023-03-31,2023-03-31 10:00:00,stavanger,5.118829,5.0342375
2023-03-31,2023-03-31 10:00:00,tromsø,1.7574360000000002,1.8563385000000001
2023-03-31,2023-03-31 10:00:00,trondheim,3.050922594444444,3.319577094444444
2023-03-31,2023-03-31 11:00:00,bergen,2.578638645833333,2.655819645833333
2023-03-31,2023-03-31 11:00:00,oslo,10.016367000000002,10.368861
2023-03-31,2023-03-31 11:00:00,stavanger,5.042125,5.0167535
2023-03-31,2023-03-31 11:00:00,tromsø,1.710302,1.776281
2023-03-31,2023-03-31 11:00:00,trondheim,2.920023594444445,3.2603385944444443
2023-03-31,2023-03-31 12:00:00,bergen,2.580537645833333,2.6528741458333336
2023-03-31,2023-03-31 12:00:00,oslo,9.792881,10.173280999999996
2023-03-31,2023-03-31 12:00:00,stavanger,5.108554999999999,5.0337320000000005
2023-03-31,2023-03-31 12:00:00,tromsø,1.7410549999999998,1.7628605
2023-03-31,2023-03-31 12:00:00,trondheim,2.8977385944444443,3.2562340944444443
2023-03-31,2023-03-31 13:00:00,bergen,2.6967436458333336,2.6828261458333333
2023-03-31,2023-03-31 13:00:00,oslo,9.940124999999997,10.246766999999998
2023-03-31,2023-03-31 13:00:00,stavanger,5.180273,5.0614425
2023-03-31,2023-03-31 13:00:00,tromsø,1.7643019999999996,1.7909229999999998
2023-03-31,2023-03-31 13:00:00,trondheim,3.0577835944444445,3.312201094444444
2023-03-31,2023-03-31 14:00:00,bergen,2.850384645833333,2.735688145833333
2023-03-31,2023-03-31 14:00:00,oslo,10.375022,10.585794000000002
2023-03-31,2023-03-31 14:00:00,stavanger,5.459356,5.1242065000000006
2023-03-31,2023-03-31 14:00:00,tromsø,1.8188540000000004,1.8533685
2023-03-31,2023-03-31 14:00:00,trondheim,3.1710475944444445,3.4253165944444444
2023-03-31,2023-03-31 15:00:00,bergen,2.8645566458333334,2.876841145833333
2023-03-31,2023-03-31 15:00:00,oslo,10.646438000000003,11.079722999999998
2023-03-31,2023-03-31 15:00:00,stavanger,5.562703999999998,5.30436
2023-03-31,2023-03-31 15:00:00,tromsø,1.867897,1.8980445
2023-03-31,2023-03-31 15:00:00,trondheim,3.2629205944444446,3.5496765944444446
2023-03-31,2023-03-31 16:00:00,bergen,2.9046036458333333,2.9952046458333337
2023-03-31,2023-03-31 16:00:00,oslo,11.005019,11.511493999999999
2023-03-31,2023-03-31 16:00:00,stavanger,5.580359999999999,5.4741355
2023-03-31,2023-03-31 16:00:00,tromsø,1.9074640000000005,1.969809
2023-03-31,2023-03-31 16:00:00,trondheim,3.3218065944444444,3.733799594444444
2023-03-31,2023-03-31 17:00:00,bergen,2.994615645833333,3.0938671458333333
2023-03-31,2023-03-31 17:00:00,oslo,11.476321,12.0768695
2023-03-31,2023-03-31 17:00:00,stavanger,5.810351,5.6061885
2023-03-31,2023-03-31 17:00:00,tromsø,1.940597,2.037739
2023-03-31,2023-03-31 17:00:00,trondheim,3.4242655944444453,3.8570625944444443
2023-03-31,2023-03-31 18:00:00,bergen,2.965471645833333,3.231994145833333
2023-03-31,2023-03-31 18:00:00,oslo,11.740049,12.331787000000002
2023-03-31,2023-03-31 18:00:00,stavanger,5.843523,5.775278499999999
2023-03-31,2023-03-31 18:00:00,tromsø,1.997036,2.1422095
2023-03-31,2023-03-31 18:00:00,trondheim,3.5284815944444445,4.010818094444446
2023-03-31,2023-03-31 19:00:00,bergen,2.9685426458333333,3.197361145833333
2023-03-31,2023-03-31 19:00:00,oslo,11.707936,12.155722499999998
2023-03-31,2023-03-31 19:00:00,stavanger,5.806858000000001,5.7071995
2023-03-31,2023-03-31 19:00:00,tromsø,1.991316,2.1309609999999997
2023-03-31,2023-03-31 19:00:00,trondheim,3.518915594444444,3.9896725944444444
2023-03-31,2023-03-31 20:00:00,bergen,2.939288645833333,3.130364645833333
2023-03-31,2023-03-31 20:00:00,oslo,11.628712,11.8443705
2023-03-31,2023-03-31 20:00:00,stavanger,5.695766999999999,5.5465545
2023-03-31,2023-03-31 20:00:00,tromsø,1.956303,2.0982540000000003
2023-03-31,2023-03-31 20:00:00,trondheim,3.5695015944444446,3.874493594444443
2023-03-31,2023-03-31 21:00:00,bergen,2.8389366458333334,2.9751161458333333
2023-03-31,2023-03-31 21:00:00,oslo,11.404344999999998,11.385072500000003
2023-03-31,2023-03-31 21:00:00,stavanger,5.568847999999999,5.311765999999999
2023-03-31,2023-03-31 21:00:00,tromsø,1.92434,2.0563605
2023-03-31,2023-03-31 21:00:00,trondheim,3.474254594444444,3.7004495944444447
2023-03-31,2023-03-31 22:00:00,bergen,2.735817645833333,2.805844645833333
2023-03-31,2023-03-31 22:00:00,oslo,10.234834,10.804442
2023-03-31,2023-03-31 22:00:00,stavanger,4.851448,5.083780000000001
2023-03-31,2023-03-31 22:00:00,tromsø,2.06806,1.9992495
2023-03-31,2023-03-31 22:00:00,trondheim,3.5500925944444446,3.555402094444445
2023-03-31,2023-03-31 23:00:00,bergen,2.5748076458333333,2.644846645833333
2023-03-31,2023-03-31 23:00:00,oslo,9.820865,10.465831999999999
2023-03-31,2023-03-31 23:00:00,stavanger,4.644884,4.8970970000000005
2023-03-31,2023-03-31 23:00:00,tromsø,2.018324,1.9483384999999998
2023-03-31,2023-03-31 23:00:00,trondheim,3.379427594444444,3.3943270944444444
2023-04-01,2023-04-01 00:00:00,bergen,2.4231806458333334,2.5086851458333337
2023-04-01,2023-04-01 00:00:00,oslo,9.335717999999998,10.183574499999999
2023-04-01,2023-04-01 00:00:00,stavanger,4.432893,4.746541
2023-04-01,2023-04-01 00:00:00,tromsø,1.959684,1.8996235000000001
2023-04-01,2023-04-01 00:00:00,trondheim,3.204444594444445,3.2797365944444445
2023-04-01,2023-04-01 01:00:00,bergen,2.3888026458333336,2.485389645833333
2023-04-01,2023-04-01 01:00:00,oslo,9.062074,10.010004500000003
2023-04-01,2023-04-01 01:00:00,stavanger,4.392447,4.7313725
2023-04-01,2023-04-01 01:00:00,tromsø,1.9473040000000004,1.9007870000000002
2023-04-01,2023-04-01 01:00:00,trondheim,3.129307594444444,3.211293594444444
2023-04-01,2023-04-01 02:00:00,bergen,2.340942645833333,2.459333145833333
2023-04-01,2023-04-01 02:00:00,oslo,9.082017,10.046039
2023-04-01,2023-04-01 02:00:00,stavanger,4.362468999999999,4.7372335
2023-04-01,2023-04-01 02:00:00,tromsø,1.934922,1.9021435
2023-04-01,2023-04-01 02:00:00,trondheim,3.128248594444445,3.219620094444445
2023-04-01,2023-04-01 03:00:00,bergen,2.3181946458333336,2.4647236458333337
2023-04-01,2023-04-01 03:00:00,oslo,9.150119,10.196734499999998
2023-04-01,2023-04-01 03:00:00,stavanger,4.348569000000001,4.750574
2023-04-01,2023-04-01 03:00:00,tromsø,1.907366,1.9086335
2023-04-01,2023-04-01 03:00:00,trondheim,3.157170594444445,3.2622090944444446
2023-04-01,2023-04-01 04:00:00,bergen,2.297418645833333,2.568246145833333
2023-04-01,2023-04-01 04:00:00,oslo,9.003595,10.620893
2023-04-01,2023-04-01 04:00:00,stavanger,4.289341,4.9273115
2023-04-01,2023-04-01 04:00:00,tromsø,1.934479,1.972454
2023-04-01,2023-04-01 04:00:00,trondheim,3.178646594444444,3.406239094444444
2023-04-01,2023-04-01 05:00:00,bergen,2.3039846458333333,2.6924056458333334
2023-04-01,2023-04-01 05:00:00,oslo,9.041253,11.175933
2023-04-01,2023-04-01 05:00:00,stavanger,4.266093000000001,5.186461000000001
2023-04-01,2023-04-01 05:00:00,tromsø,1.956761,2.056628
2023-04-01,2023-04-01 05:00:00,trondheim,3.2629945944444447,3.579210094444444
2023-04-01,2023-04-01 06:00:00,bergen,2.4671886458333336,2.7567796458333333
2023-04-01,2023-04-01 06:00:00,oslo,9.599034,11.176008500000002
2023-04-01,2023-04-01 06:00:00,stavanger,4.413298,5.09826
2023-04-01,2023-04-01 06:00:00,tromsø,1.9749160000000003,2.0400460000000002
2023-04-01,2023-04-01 06:00:00,trondheim,3.4261325944444447,3.6094660944444446
2023-04-01,2023-04-01 07:00:00,bergen,2.6639346458333333,2.7567026458333332
2023-04-01,2023-04-01 07:00:00,oslo,10.236043,11.1004285
2023-04-01,2023-04-01 07:00:00,stavanger,4.687583,5.065586
2023-04-01,2023-04-01 07:00:00,tromsø,1.999121,1.9896265
2023-04-01,2023-04-01 07:00:00,trondheim,3.5010235944444443,3.5378300944444447
2023-04-01,2023-04-01 08:00:00,bergen,2.8342326458333336,2.7692041458333336
2023-04-01,2023-04-01 08:00:00,oslo,10.757644,11.003974
2023-04-01,2023-04-01 08:00:00,stavanger,4.960578999999999,5.0661355
2023-04-01,2023-04-01 08:00:00,tromsø,2.000255,1.9416540000000002
2023-04-01,2023-04-01 08:00:00,trondheim,3.558779594444444,3.4473155944444436
2023-04-01,2023-04-01 09:00:00,bergen,2.8951906458333334,2.7564211458333334
2023-04-01,2023-04-01 09:00:00,oslo,11.011088999999998,10.976623999999997
2023-04-01,2023-04-01 09:00:00,stavanger,5.006025999999999,4.995400999999999
2023-04-01,2023-04-01 09:00:00,tromsø,1.953874,1.8658780000000001
2023-04-01,2023-04-01 09:00:00,trondheim,3.476833594444445,3.3120840944444447
2023-04-01,2023-04-01 10:00:00,bergen,2.8970196458333333,2.7349416458333335
2023-04-01,2023-04-01 10:00:00,oslo,10.957083,10.7956555
2023-04-01,2023-04-01 10:00:00,stavanger,5.04612,4.946357
2023-04-01,2023-04-01 10:00:00,tromsø,1.903634,1.786289
2023-04-01,2023-04-01 10:00:00,trondheim,3.3574125944444444,3.190701094444444
2023-04-01,2023-04-01 11:00:00,bergen,2.8244996458333333,2.6589716458333337
2023-04-01,2023-04-01 11:00:00,oslo,10.912621000000003,10.583276500000002
2023-04-01,2023-04-01 11:00:00,stavanger,4.969520999999999,4.808600499999999
2023-04-01,2023-04-01 11:00:00,tromsø,1.853962,1.749694
2023-04-01,2023-04-01 11:00:00,trondheim,3.180756594444444,3.0520170944444445
2023-04-01,2023-04-01 12:00:00,bergen,2.8407566458333333,2.6716231458333333
2023-04-01,2023-04-01 12:00:00,oslo,10.774831,10.4459715
2023-04-01,2023-04-01 12:00:00,stavanger,4.848484,4.7959
2023-04-01,2023-04-01 12:00:00,tromsø,1.803907,1.7324454999999999
2023-04-01,2023-04-01 12:00:00,trondheim,3.151940594444445,3.002367594444445
2023-04-01,2023-04-01 13:00:00,bergen,2.8696556458333338,2.729601645833333
2023-04-01,2023-04-01 13:00:00,oslo,10.668882999999996,10.518172999999996
2023-04-01,2023-04-01 13:00:00,stavanger,4.791341999999999,4.8458825
2023-04-01,2023-04-01 13:00:00,tromsø,1.7536700000000005,1.7296385000000003
2023-04-01,2023-04-01 13:00:00,trondheim,3.0514915944444443,3.028803094444444
2023-04-01,2023-04-01 14:00:00,bergen,2.8505066458333337,2.8003921458333334
2023-04-01,2023-04-01 14:00:00,oslo,10.880036,11.027482
2023-04-01,2023-04-01 14:00:00,stavanger,4.954544,5.0772005
2023-04-01,2023-04-01 14:00:00,tromsø,1.832647,1.8301355
2023-04-01,2023-04-01 14:00:00,trondheim,3.049901594444445,3.136690094444444
2023-04-01,2023-04-01 15:00:00,bergen,2.9422436458333334,2.867754645833333
2023-04-01,2023-04-01 15:00:00,oslo,11.183717,11.428252499999997
2023-04-01,2023-04-01 15:00:00,stavanger,5.056007999999999,5.148674499999999
2023-04-01,2023-04-01 15:00:00,tromsø,1.964598,1.905414
2023-04-01,2023-04-01 15:00:00,trondheim,3.1483565944444445,3.2165020944444445
2023-04-01,2023-04-01 16:00:00,bergen,3.0862166458333333,2.9033296458333333
2023-04-01,2023-04-01 16:00:00,oslo,11.844971999999997,11.879734500000001
2023-04-01,2023-04-01 16:00:00,stavanger,5.258738999999999,5.2858895
2023-04-01,2023-04-01 16:00:00,tromsø,2.046958,1.9301504999999999
2023-04-01,2023-04-01 16:00:00,trondheim,3.3804425944444443,3.3529000944444443
2023-04-01,2023-04-01 17:00:00,bergen,3.153502645833333,3.012024645833333
2023-04-01,2023-04-01 17:00:00,oslo,12.530758000000002,12.558909000000003
2023-04-01,2023-04-01 17:00:00,stavanger,5.534641999999999,5.5952839999999995
2023-04-01,2023-04-01 17:00:00,tromsø,2.1526630000000004,2.0371075000000003
2023-04-01,2023-04-01 17:00:00,trondheim,3.628519594444444,3.569018594444444
2023-04-01,2023-04-01 18:00:00,bergen,3.240883645833333,3.154560145833333
2023-04-01,2023-04-01 18:00:00,oslo,12.410043000000002,12.772875
2023-04-01,2023-04-01 18:00:00,stavanger,5.591307,5.76418
2023-04-01,2023-04-01 18:00:00,tromsø,2.1404680000000003,2.0838910000000004
2023-04-01,2023-04-01 18:00:00,trondheim,3.784077594444444,3.761871594444444
2023-04-01,2023-04-01 19:00:00,bergen,3.138149645833334,3.190948645833333
2023-04-01,2023-04-01 19:00:00,oslo,11.92254,12.631104500000001
2023-04-01,2023-04-01 19:00:00,stavanger,5.374687000000001,5.696462500000001
2023-04-01,2023-04-01 19:00:00,tromsø,2.128128,2.1168324999999997
2023-04-01,2023-04-01 19:00:00,trondheim,3.710298594444444,3.8141810944444448
2023-04-01,2023-04-01 20:00:00,bergen,3.030010645833333,3.148935645833333
2023-04-01,2023-04-01 20:00:00,oslo,11.421882999999996,12.222710999999997
2023-04-01,2023-04-01 20:00:00,stavanger,5.169859,5.538898
2023-04-01,2023-04-01 20:00:00,tromsø,2.076287,2.093058
2023-04-01,2023-04-01 20:00:00,trondheim,3.634904594444444,3.780717094444444
2023-04-01,2023-04-01 21:00:00,bergen,2.952497645833333,3.014962645833333
2023-04-01,2023-04-01 21:00:00,oslo,11.166739000000002,11.749636000000002
2023-04-01,2023-04-01 21:00:00,stavanger,4.999663999999999,5.2966725
2023-04-01,2023-04-01 21:00:00,tromsø,2.032824,2.0447565
2023-04-01,2023-04-01 21:00:00,trondheim,3.546848594444444,3.662832094444444
2023-04-01,2023-04-01 22:00:00,bergen,2.848527645833333,2.8467031458333327
2023-04-01,2023-04-01 22:00:00,oslo,10.854571000000002,11.315345
2023-04-01,2023-04-01 22:00:00,stavanger,4.944285999999999,5.124086999999999
2023-04-01,2023-04-01 22:00:00,tromsø,1.961562,1.960653
2023-04-01,2023-04-01 22:00:00,trondheim,3.5115865944444447,3.5297060944444443
2023-04-01,2023-04-01 23:00:00,bergen,2.7293966458333334,2.7456616458333336
2023-04-01,2023-04-01 23:00:00,oslo,10.602636999999996,11.071807
2023-04-01,2023-04-01 23:00:00,stavanger,4.863903,5.0599655
2023-04-01,2023-04-01 23:00:00,tromsø,1.946432,1.9441959999999998
2023-04-01,2023-04-01 23:00:00,trondheim,3.414304594444444,3.4090845944444443
2023-04-02,2023-04-02 00:00:00,bergen,2.686500645833333,2.6713211458333332
2023-04-02,2023-04-02 00:00:00,oslo,10.360518000000004,10.8786495
2023-04-02,2023-04-02 00:00:00,stavanger,4.741552,4.987898
2023-04-02,2023-04-02 00:00:00,tromsø,1.89979,1.894505
2023-04-02,2023-04-02 00:00:00,trondheim,3.392194594444444,3.421745094444444
2023-04-02,2023-04-02 01:00:00,bergen,2.606382645833333,2.622129145833333
2023-04-02,2023-04-02 01:00:00,oslo,10.263785,10.8118555
2023-04-02,2023-04-02 01:00:00,stavanger,4.657625,4.92953
2023-04-02,2023-04-02 01:00:00,tromsø,1.87964,1.8858015
2023-04-02,2023-04-02 01:00:00,trondheim,3.413652594444445,3.4349000944444446
2023-04-02,2023-04-02 02:00:00,bergen,2.6058546458333334,2.6101421458333336
2023-04-02,2023-04-02 02:00:00,oslo,10.199984,10.8638005
2023-04-02,2023-04-02 02:00:00,stavanger,4.666595,4.935772
2023-04-02,2023-04-02 02:00:00,tromsø,1.849327,1.882544
2023-04-02,2023-04-02 02:00:00,trondheim,3.415747594444444,3.4653770944444444
2023-04-02,2023-04-02 03:00:00,bergen,2.623561645833333,2.6425556458333332
2023-04-02,2023-04-02 03:00:00,oslo,10.238265,10.985474
2023-04-02,2023-04-02 03:00:00,stavanger,4.6428840000000005,4.965362500000001
2023-04-02,2023-04-02 03:00:00,tromsø,1.85049,1.904049
2023-04-02,2023-04-02 03:00:00,trondheim,3.435765594444444,3.5468040944444446
2023-04-02,2023-04-02 04:00:00,bergen,2.6457936458333333,2.759278145833333
2023-04-02,2023-04-02 04:00:00,oslo,10.224077,11.499738
2023-04-02,2023-04-02 04:00:00,stavanger,4.678426000000001,5.1753275
2023-04-02,2023-04-02 04:00:00,tromsø,1.82881,1.9429925
2023-04-02,2023-04-02 04:00:00,trondheim,3.5273155944444445,3.7107475944444444
2023-04-02,2023-04-02 05:00:00,bergen,2.7359086458333333,2.9586631458333335
2023-04-02,2023-04-02 05:00:00,oslo,10.455362999999998,12.081717000000001
2023-04-02,2023-04-02 05:00:00,stavanger,4.774565,5.4723310000000005
2023-04-02,2023-04-02 05:00:00,tromsø,1.868492,2.006277
2023-04-02,2023-04-02 05:00:00,trondheim,3.557061594444445,3.880240094444445
2023-04-02,2023-04-02 06:00:00,bergen,2.864697645833333,2.992951145833333
2023-04-02,2023-04-02 06:00:00,oslo,10.845659999999992,12.006051499999995
2023-04-02,2023-04-02 06:00:00,stavanger,4.959825,5.453973
2023-04-02,2023-04-02 06:00:00,tromsø,1.875634,1.9664165000000002
2023-04-02,2023-04-02 06:00:00,trondheim,3.682279594444444,3.8716775944444444
2023-04-02,2023-04-02 07:00:00,bergen,2.9591956458333333,2.979143645833333
2023-04-02,2023-04-02 07:00:00,oslo,11.227605999999996,11.7074745
2023-04-02,2023-04-02 07:00:00,stavanger,5.328527,5.4243205
2023-04-02,2023-04-02 07:00:00,tromsø,1.926797,1.935908
2023-04-02,2023-04-02 07:00:00,trondheim,3.815019594444444,3.807163594444444
2023-04-02,2023-04-02 08:00:00,bergen,3.0668966458333333,3.0141151458333333
2023-04-02,2023-04-02 08:00:00,oslo,11.64115,11.549810500000003
2023-04-02,2023-04-02 08:00:00,stavanger,5.461078,5.383038000000001
2023-04-02,2023-04-02 08:00:00,tromsø,1.9199520000000003,1.8905145
2023-04-02,2023-04-02 08:00:00,trondheim,3.833051594444445,3.6917290944444447
2023-04-02,2023-04-02 09:00:00,bergen,3.049421645833333,3.005952145833333
2023-04-02,2023-04-02 09:00:00,oslo,11.709950999999998,11.353998999999998
2023-04-02,2023-04-02 09:00:00,stavanger,5.5250140000000005,5.346288000000001
2023-04-02,2023-04-02 09:00:00,tromsø,1.929736,1.8525924999999999
2023-04-02,2023-04-02 09:00:00,trondheim,3.7256945944444446,3.5313375944444445
2023-04-02,2023-04-02 10:00:00,bergen,2.9885336458333334,2.9900071458333333
2023-04-02,2023-04-02 10:00:00,oslo,11.657442,11.0857825
2023-04-02,2023-04-02 10:00:00,stavanger,5.481016,5.261197
2023-04-02,2023-04-02 10:00:00,tromsø,1.867359,1.7790675
2023-04-02,2023-04-02 10:00:00,trondheim,3.615710594444444,3.418938094444444
2023-04-02,2023-04-02 11:00:00,bergen,2.9152626458333333,2.940752145833333
2023-04-02,2023-04-02 11:00:00,oslo,11.326359000000002,10.742629
2023-04-02,2023-04-02 11:00:00,stavanger,5.438903000000001,5.202071
2023-04-02,2023-04-02 11:00:00,tromsø,1.795628,1.7254595
2023-04-02,2023-04-02 11:00:00,trondheim,3.537927594444444,3.300351594444444
2023-04-02,2023-04-02 12:00:00,bergen,2.8700056458333334,2.9402611458333334
2023-04-02,2023-04-02 12:00:00,oslo,11.049868999999996,10.586398999999997
2023-04-02,2023-04-02 12:00:00,stavanger,5.444786000000001,5.2114645
2023-04-02,2023-04-02 12:00:00,tromsø,1.7580950000000002,1.7091515
2023-04-02,2023-04-02 12:00:00,trondheim,3.517787594444445,3.282100094444445
2023-04-02,2023-04-02 13:00:00,bergen,2.909818645833333,3.055635145833333
2023-04-02,2023-04-02 13:00:00,oslo,11.003155,10.746108000000003
2023-04-02,2023-04-02 13:00:00,stavanger,5.392857,5.337467
2023-04-02,2023-04-02 13:00:00,tromsø,1.782701,1.740659
2023-04-02,2023-04-02 13:00:00,trondheim,3.547614594444444,3.375597594444444
2023-04-02,2023-04-02 14:00:00,bergen,2.882499645833333,3.1731926458333333
2023-04-02,2023-04-02 14:00:00,oslo,11.152569000000002,11.3191085
2023-04-02,2023-04-02 14:00:00,stavanger,5.33272,5.512525500000001
2023-04-02,2023-04-02 14:00:00,tromsø,1.846647,1.8157945
2023-04-02,2023-04-02 14:00:00,trondheim,3.571246594444444,3.508637594444444
2023-04-02,2023-04-02 15:00:00,bergen,2.907063645833333,3.209600645833333
2023-04-02,2023-04-02 15:00:00,oslo,11.318699999999998,11.6440475
2023-04-02,2023-04-02 15:00:00,stavanger,5.318415,5.5575019999999995
2023-04-02,2023-04-02 15:00:00,tromsø,1.846723,1.8373325
2023-04-02,2023-04-02 15:00:00,trondheim,3.5525575944444445,3.5163830944444445
2023-04-02,2023-04-02 16:00:00,bergen,3.0592746458333333,3.2678781458333335
2023-04-02,2023-04-02 16:00:00,oslo,11.6438,11.868775
2023-04-02,2023-04-02 16:00:00,stavanger,5.475716,5.6515
2023-04-02,2023-04-02 16:00:00,tromsø,1.924264,1.8928479999999999
2023-04-02,2023-04-02 16:00:00,trondheim,3.722042594444444,3.6175340944444443
2023-04-02,2023-04-02 17:00:00,bergen,3.1835636458333334,3.345536145833333
2023-04-02,2023-04-02 17:00:00,oslo,12.410225,12.499834500000002
2023-04-02,2023-04-02 17:00:00,stavanger,5.676252000000001,5.840694000000001
2023-04-02,2023-04-02 17:00:00,tromsø,1.981428,1.9586835
2023-04-02,2023-04-02 17:00:00,trondheim,3.9271355944444446,3.802146594444445
2023-04-02,2023-04-02 18:00:00,bergen,3.401134645833333,3.507533645833333
2023-04-02,2023-04-02 18:00:00,oslo,12.856381,12.9187145
2023-04-02,2023-04-02 18:00:00,stavanger,6.052909999999999,6.092255
2023-04-02,2023-04-02 18:00:00,tromsø,2.084384,2.0541264999999997
2023-04-02,2023-04-02 18:00:00,trondheim,4.067939594444446,4.000204594444446
2023-04-02,2023-04-02 19:00:00,bergen,3.390737645833333,3.512463645833333
2023-04-02,2023-04-02 19:00:00,oslo,13.010337999999996,13.0390275
2023-04-02,2023-04-02 19:00:00,stavanger,6.060453999999999,6.1468894999999995
2023-04-02,2023-04-02 19:00:00,tromsø,2.095099,2.097955
2023-04-02,2023-04-02 19:00:00,trondheim,4.0931195944444445,4.101607594444445
2023-04-02,2023-04-02 20:00:00,bergen,3.328193645833333,3.462576645833333
2023-04-02,2023-04-02 20:00:00,oslo,12.738356,12.671546999999999
2023-04-02,2023-04-02 20:00:00,stavanger,5.875634,5.994533499999999
2023-04-02,2023-04-02 20:00:00,tromsø,2.076341,2.094969
2023-04-02,2023-04-02 20:00:00,trondheim,3.9907665944444446,4.017751094444444
2023-04-02,2023-04-02 21:00:00,bergen,3.126720645833333,3.252836645833333
2023-04-02,2023-04-02 21:00:00,oslo,12.134655000000004,12.021792500000004
2023-04-02,2023-04-02 21:00:00,stavanger,5.622819999999999,5.6389835
2023-04-02,2023-04-02 21:00:00,tromsø,2.018333,2.0280545
2023-04-02,2023-04-02 21:00:00,trondheim,3.7490465944444447,3.8425665944444445
