forecast_date,timestamp,location,y_true,y_pred,_loc_mean,_loc_std,y_pred_mw,y_true_mw,hour,is_wknd
2023-03-20,2023-03-20 00:00:00,bergen,0.5571296878427985,0.7231077362487353,1.8199311964287168,1.1587956332113123,2.6578652835350685,2.4655306458333333,0,False
2023-03-20,2023-03-20 00:00:00,oslo,0.5294294171092282,0.4718078548373139,6.642508589032731,4.68226609791091,8.85163851246556,9.121438000000005,0,False
2023-03-20,2023-03-20 00:00:00,stavanger,0.5575301662546199,0.5167362448658183,3.199465555368629,2.1172889218917463,4.293545482162966,4.379917999999999,0,False
2023-03-20,2023-03-20 00:00:00,tromsø,0.6381919095870245,1.0647631150235857,1.3093284224474842,0.556744095647401,1.902129,1.664638,0,False
2023-03-20,2023-03-20 00:00:00,trondheim,0.710879325779768,1.075435937282436,2.2152228312262525,1.132421121313616,3.4330692012245883,3.0202375944444446,0,False
2023-03-20,2023-03-20 01:00:00,bergen,0.4990839551586138,0.6119975795430596,1.8200862548545813,1.1588098254830674,2.529275063200934,2.3984296458333336,1,False
2023-03-20,2023-03-20 01:00:00,oslo,0.45655448432265167,0.45758077133786024,6.643100212846502,4.682286256206722,8.785624369586236,8.780819000000001,1,False
2023-03-20,2023-03-20 01:00:00,stavanger,0.4968037654336941,0.46084820817651945,3.1997312843275534,2.1172961818318496,4.175483435903748,4.251612,1,False
2023-03-20,2023-03-20 01:00:00,tromsø,0.5920834708400529,1.0090723139075592,1.309397421907437,0.556745111672967,1.8711935000000002,1.639037,1,False
2023-03-20,2023-03-20 01:00:00,trondheim,0.6127335483762433,0.9444588713752099,2.2153611607858106,1.132421156793863,3.284886368452752,2.9092335944444443,1,False
2023-03-20,2023-03-20 02:00:00,bergen,0.47362021002392113,0.5757026368239897,1.8202325721184371,1.1588147255945358,2.4873652652336795,2.3690706458333337,2,False
2023-03-20,2023-03-20 02:00:00,oslo,0.42089696109198727,0.42772545894697284,6.643687368620269,4.682301878033799,8.64642708833055,8.614454,2,False
2023-03-20,2023-03-20 02:00:00,stavanger,0.46668297924488483,0.46300488156527575,3.1999864660999187,2.1172928472747845,4.180303390091385,4.188091,2,False
2023-03-20,2023-03-20 02:00:00,tromsø,0.5912413549000293,0.9673864921992615,1.309462784981685,0.5567425422634267,1.8480480000000004,1.638632,2,False
2023-03-20,2023-03-20 02:00:00,trondheim,0.582242808610001,0.8932024640095991,2.2154937586409575,1.1324155937237657,3.2269701572379184,2.8748345944444447,2,False
2023-03-20,2023-03-20 03:00:00,bergen,0.4923654085147335,0.5828796961644501,1.8203729177506818,1.1588135929447168,2.495821832717533,2.3909326458333333,3,False
2023-03-20,2023-03-20 03:00:00,oslo,0.40477650015313965,0.4422281311553647,6.644279009644732,4.6823221941941275,8.714933603050488,8.539573,3,False
2023-03-20,2023-03-20 03:00:00,stavanger,0.4276317493139766,0.49173679506758794,3.2002424353996255,2.1172903229306175,4.241391993025146,4.105663,3,False
2023-03-20,2023-03-20 03:00:00,tromsø,0.5664124289481778,0.9842217120639621,1.30952905664754,0.5567408609624839,1.8574855000000001,1.6248740000000002,3,False
2023-03-20,2023-03-20 03:00:00,trondheim,0.5536315378230262,0.8723488699052288,2.215623288592832,1.132407139081767,3.203477376643425,2.8425595944444444,3,False
2023-03-20,2023-03-20 04:00:00,bergen,0.5078595569670407,0.6304919722779544,1.8205181495290121,1.1588174097165111,2.5511432236912057,2.409034645833333,4,False
2023-03-20,2023-03-20 04:00:00,oslo,0.4516711328289817,0.4323491125296698,6.644916670410156,4.682392067749478,8.66934472541761,8.759818000000001,4,False
2023-03-20,2023-03-20 04:00:00,stavanger,0.4438137533663046,0.5170583202571284,3.2005033475779214,2.117292772688154,4.295267192116617,4.140187000000001,4,False
2023-03-20,2023-03-20 04:00:00,tromsø,0.5744429201447765,1.038168122315824,1.3095996282958984,0.5567435170469132,1.887593,1.6294170000000003,4,False
2023-03-20,2023-03-20 04:00:00,trondheim,0.6466705474893772,0.9146532871487497,2.2157583088938395,1.1324039549870397,3.25151530870298,2.9480505944444446,4,False
2023-03-20,2023-03-20 05:00:00,bergen,0.6888475817594043,0.7625492879055384,1.8206882984971926,1.1588490233169675,2.704367796017575,2.618958645833333,5,False
2023-03-20,2023-03-20 05:00:00,oslo,0.6496682984145521,0.665770966493399,6.645687376418894,4.682625935427612,9.763243771175592,9.687841,5,False
2023-03-20,2023-03-20 05:00:00,stavanger,0.6531267803158771,0.6951523952478368,3.200813351441271,2.1173494798206054,4.672693913915326,4.583711,5,False
2023-03-20,2023-03-20 05:00:00,tromsø,0.7890420301168166,1.2523389466544352,1.3096847303795922,0.5567628248591119,2.0069405000000002,1.7489939999999995,5,False
2023-03-20,2023-03-20 05:00:00,trondheim,0.8737062073369836,1.1399102541472321,2.2159224560054653,1.1324323097745461,3.5067936580451056,3.205335594444444,5,False
2023-03-20,2023-03-20 06:00:00,bergen,0.909740335432632,1.0247263021176332,1.8208983626108535,1.1589343048322553,3.0084888271988803,2.8752276458333337,6,False
2023-03-20,2023-03-20 06:00:00,oslo,0.850045864461324,0.9646672003062808,6.646563384305589,4.683011566931198,11.164111041579037,10.627337999999998,6,False
2023-03-20,2023-03-20 06:00:00,stavanger,0.8784298359620077,0.8656556190165184,3.201184020302457,2.1174861139142735,5.0341977730018,5.061247000000002,6,False
2023-03-20,2023-03-20 06:00:00,tromsø,1.0035900949277743,1.4452903889198099,1.3097842712960703,0.5568017575384151,2.1145245,1.868585,6,False
2023-03-20,2023-03-20 06:00:00,trondheim,1.1015677783624678,1.4020332147468029,2.216122807865172,1.1325084221633561,3.8039372317186917,3.463657594444444,6,False
2023-03-20,2023-03-20 07:00:00,bergen,0.8055414450857276,0.7514886707724865,1.8210834412299166,1.158984693213469,2.6920473077785645,2.754693645833333,7,False
2023-03-20,2023-03-20 07:00:00,oslo,0.7754894354587848,0.7563021785554922,6.647342125076267,4.683256416994422,10.189299155983136,10.279158000000002,7,False
2023-03-20,2023-03-20 07:00:00,stavanger,0.7306981358333137,0.7699435404247483,3.2015063514775273,2.117557952652885,4.831906418597671,4.748801999999999,7,False
2023-03-20,2023-03-20 07:00:00,tromsø,0.8525817585582498,1.3537325342655788,1.3098765360585722,0.5568304261449813,2.063676,1.78462,7,False
2023-03-20,2023-03-20 07:00:00,trondheim,0.9165194759258302,1.1105352428359156,2.2163044717805573,1.13255871798614,3.474050842685229,3.2543165944444445,7,False
2023-03-20,2023-03-20 08:00:00,bergen,0.7042562822524763,0.7596033896925285,1.8212434444271595,1.159004501593573,2.701627192506537,2.6374796458333334,8,False
2023-03-20,2023-03-20 08:00:00,oslo,0.6421316617934523,0.5632990668021391,6.64799254965837,4.683340861813735,9.286114086634374,9.655314000000002,8,False
2023-03-20,2023-03-20 08:00:00,stavanger,0.576447346532052,0.6847314801549849,3.201772055436595,2.1175653802676204,4.651735732592196,4.422437,8,False
2023-03-20,2023-03-20 08:00:00,tromsø,0.7080619458519066,1.1742323410750277,1.3099574792581747,0.5568446702321296,1.9638225,1.7042379999999997,8,False
2023-03-20,2023-03-20 08:00:00,trondheim,0.7844282757249804,0.9857368991800556,2.2164684226251965,1.1325868780012347,3.3329010997981534,3.104901594444444,8,False
2023-03-20,2023-03-20 09:00:00,bergen,0.5851540711281943,0.7318878084552589,1.8213814227364686,1.159001118781052,2.669640211558326,2.499575645833333,9,False
2023-03-20,2023-03-20 09:00:00,oslo,0.595847838139337,0.5455156738806546,6.648547261437112,4.683324432756148,9.203374145373816,9.439096,9,False
2023-03-20,2023-03-20 09:00:00,stavanger,0.5204387764168995,0.6066598849243081,3.202004616854744,2.1175408772048407,4.486631721742351,4.304054999999999,9,False
2023-03-20,2023-03-20 09:00:00,tromsø,0.5344195835141519,1.0117391291721693,1.3100246895205563,0.5568439474515692,1.8734055,1.6076130000000002,9,False
2023-03-20,2023-03-20 09:00:00,trondheim,0.6242132460618888,0.7899267010033069,2.2166134693705692,1.132593916476711,3.1112796453894322,2.9235935944444447,9,False
2023-03-20,2023-03-20 10:00:00,bergen,0.5442461634059982,0.6872937123385615,1.821500100245995,1.1589802335763904,2.6180599275077254,2.452270645833333,10,False
2023-03-20,2023-03-20 10:00:00,oslo,0.5356126509217646,0.5072382798776474,6.649023067089534,4.683236903746816,9.024540098405588,9.157424000000002,10,False
2023-03-20,2023-03-20 10:00:00,stavanger,0.45776973769406026,0.5717733292132653,3.202208251568472,2.117491980388083,4.412933690777356,4.171532000000001,10,False
2023-03-20,2023-03-20 10:00:00,tromsø,0.45389032907268567,0.8470417720273201,1.3100815370822152,0.55683376958955,1.781743,1.562823,10,False
2023-03-20,2023-03-20 10:00:00,trondheim,0.5559748353227892,0.6509805681280849,2.216749212249939,1.1325915170763385,2.9540442814933434,2.8464415944444443,10,False
2023-03-20,2023-03-20 11:00:00,bergen,0.5087436543551772,0.6373789748062374,1.8216071473914501,1.1589500790711593,2.5602975606414335,2.4112156458333334,11,False
2023-03-20,2023-03-20 11:00:00,oslo,0.4950331970744808,0.46290499784167216,6.6494387760702525,4.683102542678458,8.817270348481154,8.96773,11,False
2023-03-20,2023-03-20 11:00:00,stavanger,0.4122957587008714,0.5564486322392145,3.202389936133472,2.117426739041259,4.38062914893972,4.075396,11,False
2023-03-20,2023-03-20 11:00:00,tromsø,0.35329463623835744,0.7423769854241308,1.3101327836321504,0.5568191424087389,1.7235024999999997,1.506854,11,False
2023-03-20,2023-03-20 11:00:00,trondheim,0.42285309853201625,0.5740306587072512,2.216872650642694,1.1325775912825422,2.8670069114036836,2.6957865944444444,11,False
2023-03-20,2023-03-20 12:00:00,bergen,0.5094604477870569,0.6171363935019155,1.8217073356229676,1.1589149123842257,2.536915905027357,2.412128645833333,12,False
2023-03-20,2023-03-20 12:00:00,oslo,0.44945798815128535,0.4221307458501053,6.6498117699999995,4.682938751756126,8.626624198049175,8.754596,12,False
2023-03-20,2023-03-20 12:00:00,stavanger,0.3349839297550255,0.5193205438328622,3.202548929311992,2.1173465581071427,4.302130495350832,3.911826,12,False
2023-03-20,2023-03-20 12:00:00,tromsø,0.31040706230401954,0.6943820021746446,1.310182334390244,0.5568032644839679,1.6968164999999997,1.4830180000000004,12,False
2023-03-20,2023-03-20 12:00:00,trondheim,0.33313745788743443,0.5496613844923328,2.2169844975870596,1.1325538090191936,2.8395055922646146,2.5942805944444447,12,False
2023-03-20,2023-03-20 13:00:00,bergen,0.5317672254285963,0.6454540436226743,1.8218081380019713,1.1588801986332835,2.569812048284072,2.438062645833333,13,False
2023-03-20,2023-03-20 13:00:00,oslo,0.4380752262921572,0.4419842043149487,6.650174240336544,4.682768247422765,8.719883838165002,8.701579,13,False
2023-03-20,2023-03-20 13:00:00,stavanger,0.2985384832862377,0.5401093145609607,3.2027159796803235,2.1172714933157692,4.346274034674565,3.834803000000001,13,False
2023-03-20,2023-03-20 13:00:00,tromsø,0.4583014266995712,0.7282532898977018,1.3102353450798683,0.5567900077417988,1.7157195,1.565413,13,False
2023-03-20,2023-03-20 13:00:00,trondheim,0.4184976863194782,0.6313046475837643,2.2170971259368777,1.1325306781881421,2.9320690066082444,2.6910585944444447,13,False
2023-03-20,2023-03-20 14:00:00,bergen,0.6853415792904768,0.7538071641760445,1.821929539063643,1.1588616987049432,2.69548778983665,2.6161456458333334,14,False
2023-03-20,2023-03-20 14:00:00,oslo,0.4869412608881867,0.5124836460720548,6.650564124237991,4.682615869525965,9.050328178207522,8.930722999999997,14,False
2023-03-20,2023-03-20 14:00:00,stavanger,0.41067895641160246,0.5963388310029051,3.2028963011897504,2.1172053869222407,4.465468086620013,4.072387999999999,14,False
2023-03-20,2023-03-20 14:00:00,tromsø,0.6559798084314237,0.8904244866389083,1.3103012682272615,0.5567880704226299,1.806079,1.6755430000000002,14,False
2023-03-20,2023-03-20 14:00:00,trondheim,0.5948817819955683,0.7637624405905519,2.2172349082422307,1.132530372576164,3.0822190696439287,2.890956594444444,14,False
2023-03-20,2023-03-20 15:00:00,bergen,0.8381841632697518,1.0105924759794367,1.8220806218512537,1.1588718405187435,2.9932277845039374,2.793428645833334,15,False
2023-03-20,2023-03-20 15:00:00,oslo,0.6858960712194062,0.6770355924697152,6.651051979275874,4.682538879416833,9.821297463764326,9.862787,15,False
2023-03-20,2023-03-20 15:00:00,stavanger,0.5973990096831852,0.7912240269344508,3.2031205205849487,2.117173712902208,4.8782792314271965,4.467918,15,False
2023-03-20,2023-03-20 15:00:00,tromsø,0.876874346305329,1.2280978110685792,1.3103889396562234,0.5568107476299303,1.9942069999999998,1.798642,15,False
2023-03-20,2023-03-20 15:00:00,trondheim,0.8738780290397282,1.1095938740056714,2.2174116535410486,1.1325744646435096,3.47410934136474,3.207143594444444,15,False
2023-03-20,2023-03-20 16:00:00,bergen,0.8146123637999616,1.0666617695288851,1.8222371820687062,1.1588879640383762,3.0583786684756076,2.766281645833333,16,False
2023-03-20,2023-03-20 16:00:00,oslo,0.7908925930411447,0.7827261296893456,6.651624956484642,4.6825410632246225,10.316772200013883,10.355012000000002,16,False
2023-03-20,2023-03-20 16:00:00,stavanger,0.6380136105826557,0.8642753100436867,3.203358614621932,2.117154497918149,5.033162974720526,4.554132,16,False
2023-03-20,2023-03-20 16:00:00,tromsø,0.9147166750115735,1.2618843889960483,1.3104764107752316,0.5568331737456566,2.0131354999999997,1.8198210000000004,16,False
2023-03-20,2023-03-20 16:00:00,trondheim,0.9613654234244692,1.2716329863114102,2.217601517015074,1.1326359892897886,3.6578988024794263,3.306478594444444,16,False
2023-03-20,2023-03-20 17:00:00,bergen,0.8993747153390417,1.1896584400852126,1.8224054687797075,1.15891758938398,3.201121560353568,2.864706645833333,17,False
2023-03-20,2023-03-20 17:00:00,oslo,0.9225967356876593,0.9868715565157817,6.652300888726387,4.682655968919662,11.27348087340205,10.972504,17,False
2023-03-20,2023-03-20 17:00:00,stavanger,0.7395102867414153,0.9713464236189567,3.203634121554946,2.117172548530784,5.260142104754555,4.769304999999999,17,False
2023-03-20,2023-03-20 17:00:00,tromsø,0.9794512332079689,1.3572064621762256,1.3105696147471055,0.5568632380669883,2.066348,1.85599,17,False
2023-03-20,2023-03-20 17:00:00,trondheim,1.0067788568077125,1.4108353151704458,2.2178110408514455,1.1327259664639617,3.8159008367493765,3.3582155944444443,17,False
2023-03-20,2023-03-20 18:00:00,bergen,1.0993292682947928,1.1759552842402696,1.822599990370867,1.1589809279241414,3.185509736896952,3.0967016458333334,18,False
2023-03-20,2023-03-20 18:00:00,oslo,1.0360415677589,1.079600721253791,6.653051265537412,4.682863975194885,11.708674590691205,11.504692999999996,18,False
2023-03-20,2023-03-20 18:00:00,stavanger,0.9066511387555503,1.0695857778273188,3.2039606891735724,2.1172502065802727,5.468541398233785,5.123568000000001,18,False
2023-03-20,2023-03-20 18:00:00,tromsø,1.072912632574696,1.4814820011639156,1.310670441749939,0.556904206464791,2.135714,1.9081800000000002,18,False
2023-03-20,2023-03-20 18:00:00,trondheim,1.133666870463336,1.5114969532117073,2.2180391956837138,1.1328454877011995,3.9303316988037076,3.502308594444444,18,False
2023-03-20,2023-03-20 19:00:00,bergen,1.187100632426895,1.2493083424748905,1.8228179028425937,1.1590784348061358,3.270864261028638,3.198760645833333,19,False
2023-03-20,2023-03-20 19:00:00,oslo,1.0819770684321375,1.1116724809002325,6.653849371512124,4.683136802363463,11.859963678990697,11.720895999999998,19,False
2023-03-20,2023-03-20 19:00:00,stavanger,0.9896405989359307,1.13935830981665,3.204323054509362,2.1173756894610762,5.616772641300598,5.299764000000001,19,False
2023-03-20,2023-03-20 19:00:00,tromsø,1.104890963379812,1.5442739798311371,1.3107746535884002,0.5569502935649078,2.1708585000000005,1.9261440000000003,19,False
2023-03-20,2023-03-20 19:00:00,trondheim,1.2355973558000235,1.5539168680229682,2.2182798328713296,1.132986207037242,3.978846211223863,3.618194594444444,19,False
2023-03-20,2023-03-20 20:00:00,bergen,1.2994800336581176,1.3413887727064842,1.8230526289321394,1.1592028949153557,3.3779943774604515,3.329413645833333,20,False
2023-03-20,2023-03-20 20:00:00,oslo,1.0913818331719853,1.1315061612873991,6.6546452104044835,4.6834065166173975,11.953948539770625,11.76603,20,False
2023-03-20,2023-03-20 20:00:00,stavanger,0.9989043885198859,1.0619113618181792,3.2046942384695827,2.117513733886564,5.453306131289762,5.3198880000000015,20,False
2023-03-20,2023-03-20 20:00:00,tromsø,1.1351698214400212,1.5604374526107194,1.3108772710769983,0.5569939554250294,2.1800314999999997,1.94316,20,False
2023-03-20,2023-03-20 20:00:00,trondheim,1.2592393644320665,1.5289060164033945,2.218522994513821,1.133131349157089,3.95097433161539,3.645406594444444,20,False
2023-03-20,2023-03-20 21:00:00,bergen,1.216907944195962,1.234468205048719,1.8232768140968245,1.159310232516099,3.2544084359255865,3.2340506458333333,21,False
2023-03-20,2023-03-20 21:00:00,oslo,1.0189648663474176,0.9859696694222281,6.65541282482641,4.683637613807982,11.273337454606178,11.427874999999998,21,False
2023-03-20,2023-03-20 21:00:00,stavanger,0.9393961839142919,0.9116592504310944,3.205044483781013,2.1176225220864677,5.1355946449623655,5.194330999999999,21,False
2023-03-20,2023-03-20 21:00:00,tromsø,1.0883100159161938,1.4985467273354838,1.3109727368741626,0.557027183670172,2.1457040000000003,1.917191,21,False
2023-03-20,2023-03-20 21:00:00,trondheim,1.160039485857621,1.4649562169982335,2.21875749671871,1.1332615085544486,3.878935989160346,3.5333855944444443,21,False
2023-03-20,2023-03-20 22:00:00,bergen,1.0469866279984223,0.9453330317484717,1.8234804841128704,1.1593864995592775,2.9194868387094903,3.037342645833333,22,False
2023-03-20,2023-03-20 22:00:00,oslo,0.8755747556418215,0.8236890029284238,6.656121508160779,4.683792520757479,10.514109899507115,10.757132,22,False
2023-03-20,2023-03-20 22:00:00,stavanger,0.8236990341781418,0.795490062574224,3.205361324038774,2.117688140428215,4.889961195380707,4.949699,22,False
2023-03-20,2023-03-20 22:00:00,tromsø,1.0180944198185657,1.3887487532566443,1.3110604936662607,0.5570500096000991,2.084663,1.87819,22,False
2023-03-20,2023-03-20 22:00:00,trondheim,0.999267631523678,1.266925656952719,2.2189618588499798,1.1333437608377386,3.654824147602597,3.3514755944444445,22,False
2023-03-20,2023-03-20 23:00:00,bergen,0.8388474911665178,0.7554138781277425,1.8236485328477041,1.159415892909389,2.699487388873325,2.796221645833333,23,False
2023-03-20,2023-03-20 23:00:00,oslo,0.7174168581254479,0.6397624012242148,6.656770812446718,4.683876813730659,9.653339089837468,10.017063,23,False
2023-03-20,2023-03-20 23:00:00,stavanger,0.6843334158164313,0.7810040926381088,3.205650532743677,2.1177213237897337,4.859599553690453,4.654878,23,False
2023-03-20,2023-03-20 23:00:00,tromsø,0.8468116250402657,1.2197923147579568,1.3111373954451346,0.557059670186312,1.9906345,1.782862,23,False
2023-03-20,2023-03-20 23:00:00,trondheim,0.8190178555468363,1.031826758592552,2.2191287316712676,1.133375611394218,3.3885760150440154,3.1473835944444444,23,False
2023-03-21,2023-03-21 00:00:00,bergen,0.7382607650576146,0.6836285861746679,1.8238036199291687,1.159430470123066,2.616423432987231,2.679765645833333,0,False
2023-03-21,2023-03-21 00:00:00,oslo,0.6749157272003525,0.5867749772018293,6.65738684534827,4.683924269723371,9.405796401930296,9.818641,0,False
2023-03-21,2023-03-21 00:00:00,stavanger,0.6285112225706897,0.6451197982389527,3.205912685016845,2.1177256144116896,4.572099406111576,4.536927000000001,0,False
2023-03-21,2023-03-21 00:00:00,tromsø,0.7207776134732745,1.044648329354653,1.3112026723088164,0.5570571563070214,1.8931315,1.712717,0,False
2023-03-21,2023-03-21 00:00:00,trondheim,0.657479069678869,0.7610997238981988,2.219279258201074,1.1333886820265433,3.0819010711608197,2.9644585944444453,0,False
2023-03-21,2023-03-21 01:00:00,bergen,0.6474889202625704,0.6645034234031059,1.823955836174865,1.1594419397231275,2.5944089743580205,2.574681645833333,1,False
2023-03-21,2023-03-21 01:00:00,oslo,0.636678638760775,0.5869730105118823,6.6579989242664075,4.68396753743471,9.407361450854387,9.640180999999998,1,False
2023-03-21,2023-03-21 01:00:00,stavanger,0.5739908867490673,0.6773793241835037,3.2061751394567555,2.117730243815965,4.6406818208157805,4.421733,1,False
2023-03-21,2023-03-21 01:00:00,tromsø,0.7256903137788643,1.0706690729190433,1.31126788238159,0.5570545864300941,1.907689,1.7155170000000004,1,False
2023-03-21,2023-03-21 01:00:00,trondheim,0.5884118652538443,0.6405125090481766,2.2194203880362435,1.1333918396096516,2.94537203895935,2.8863215944444445,1,False
2023-03-21,2023-03-21 02:00:00,bergen,0.6549513868658278,0.6910961085249451,1.8241039053019235,1.1594490152396235,2.625394607767107,2.583486645833333,2,False
2023-03-21,2023-03-21 02:00:00,oslo,0.6366876952537038,0.5767811664787366,6.658609760409058,4.6840095416051595,9.360258247613613,9.640861000000005,2,False
2023-03-21,2023-03-21 02:00:00,stavanger,0.5573036398878093,0.7475238170313635,3.206438254243771,2.1177355776714784,4.789496036727874,4.386659999999998,2,False
2023-03-21,2023-03-21 02:00:00,tromsø,0.6306481595984539,1.031504670466418,1.3113306305088872,0.5570497021901946,1.88593,1.6626330000000002,2,False
2023-03-21,2023-03-21 02:00:00,trondheim,0.5345350576021712,0.6244531069329975,2.2195600329359766,1.1333935031804117,2.927311127374659,2.8253985944444446,2,False
2023-03-21,2023-03-21 03:00:00,bergen,0.6485759398101144,0.6755786794349992,1.824245572707953,1.1594495370049382,2.60754495978927,2.576236645833333,3,False
2023-03-21,2023-03-21 03:00:00,oslo,0.6504381431284353,0.600228902383668,6.659240250152161,4.68407300837866,9.47075625065625,9.70594,3,False
2023-03-21,2023-03-21 03:00:00,stavanger,0.564186596461689,0.7715373116290912,3.206703001991276,2.1177426147695746,4.840620445712956,4.401505,3,False
2023-03-21,2023-03-21 03:00:00,tromsø,0.6629632341144885,1.026261552113642,1.3113904911746803,0.5570422156495406,1.8830615,1.680689,3,False
2023-03-21,2023-03-21 03:00:00,trondheim,0.5149488731873024,0.6456015351601916,2.219705126491851,1.133400806064692,2.951430426839015,2.8033485944444445,3,False
2023-03-21,2023-03-21 04:00:00,bergen,0.660524058158782,0.7581961044811133,1.824396579532822,1.159459760535186,2.703494453273205,2.590247645833333,4,False
2023-03-21,2023-03-21 04:00:00,oslo,0.7050674343165187,0.5741335141296988,6.659909617210321,4.684180862772686,9.349254836773088,9.962572999999995,4,False
2023-03-21,2023-03-21 04:00:00,stavanger,0.5961763153757257,0.7681368571725868,3.206972723023166,2.1177548393232284,4.833698269562947,4.469528,4,False
2023-03-21,2023-03-21 04:00:00,tromsø,0.6817994113319596,1.0248118952291871,1.3114507833495619,0.5570351196233654,1.882307,1.691237,4,False
2023-03-21,2023-03-21 04:00:00,trondheim,0.5968767307521947,0.6600332892969681,2.2198601863102483,1.1334189679025417,2.9679544358465377,2.896371594444444,4,False
2023-03-21,2023-03-21 05:00:00,bergen,0.8521843936872173,0.9203632108770414,1.8245745840437508,1.159501475395775,2.891737084955673,2.8126836458333333,5,False
2023-03-21,2023-03-21 05:00:00,oslo,0.8923292280264281,0.7847245658705563,6.660700425216016,4.684444309897897,10.33669895264544,10.840767,5,False
2023-03-21,2023-03-21 05:00:00,stavanger,0.7705575141438428,0.935702814017321,3.2072971059216666,2.1178300959033924,5.1889566862690435,4.839207000000001,5,False
2023-03-21,2023-03-21 05:00:00,tromsø,0.8518756370979204,1.2246325677486978,1.3115232423025434,0.5570399446027487,1.9936924999999999,1.7860520000000002,5,False
2023-03-21,2023-03-21 05:00:00,trondheim,0.808094719668108,0.8640936683443924,2.2200518484020253,1.133483147147172,3.199487459026972,3.136013594444444,5,False
2023-03-21,2023-03-21 06:00:00,bergen,1.064531678076678,1.209106411829542,1.8247833268110651,1.1595853316948954,3.2268453864268496,3.059198645833334,6,False
2023-03-21,2023-03-21 06:00:00,oslo,1.0986861495606821,1.0054359900019005,6.661608111584327,4.684881929633705,11.371957012547604,11.808823,6,False
2023-03-21,2023-03-21 06:00:00,stavanger,0.9702012415239998,1.1171070135959662,3.207673691939442,2.1179763745022244,5.573679954526433,5.262537,6,False
2023-03-21,2023-03-21 06:00:00,tromsø,1.051467085112236,1.4266485181378732,1.311611735337065,0.5570638139380389,2.1063460000000003,1.897346,6,False
2023-03-21,2023-03-21 06:00:00,trondheim,1.0244752436058042,1.1838570341682648,2.22028204318738,1.133606261845335,3.562309790250172,3.3816335944444447,6,False
2023-03-21,2023-03-21 07:00:00,bergen,0.9030775640533756,1.0204643748167253,1.824971517505678,1.1596402900623488,3.0083431211164386,2.872216645833334,7,False
2023-03-21,2023-03-21 07:00:00,oslo,0.9892774250166169,0.8729221637391955,6.662412112057428,4.685163909269146,10.75219552920944,11.297338999999996,7,False
2023-03-21,2023-03-21 07:00:00,stavanger,0.8698321620061064,0.9114569587234674,3.208014774833719,2.118073239459439,5.138547368024982,5.050383,7,False
2023-03-21,2023-03-21 07:00:00,tromsø,0.9593283486607599,1.2953666310087075,1.3116923799732327,0.5570778980656917,2.0333125,1.846113,7,False
2023-03-21,2023-03-21 07:00:00,trondheim,0.953302000118619,0.9462511616187523,2.2204790719684064,1.133678018447,3.2932232138255255,3.301216594444444,7,False
2023-03-21,2023-03-21 08:00:00,bergen,0.8025579660292748,0.8565256005405814,1.825139472752433,1.1596697216596448,2.818426277525689,2.755841645833333,8,False
2023-03-21,2023-03-21 08:00:00,oslo,0.8479493094139136,0.6400449114313198,6.663089182481752,4.685281034386631,9.661879467166585,10.635970000000002,8,False
2023-03-21,2023-03-21 08:00:00,stavanger,0.7683287225321976,0.8481949266393338,3.2083353133039334,2.1181437566625227,5.004934101597865,4.835766,8,False
2023-03-21,2023-03-21 08:00:00,tromsø,0.8198767306418513,1.0974979740034703,1.311757739537713,0.5570755253716342,1.9231470000000002,1.768491,8,False
2023-03-21,2023-03-21 08:00:00,trondheim,0.7218853867517259,0.7204469229460021,2.220637826898148,1.1337004219310571,3.0374088074209626,3.039039594444444,8,False
2023-03-21,2023-03-21 09:00:00,bergen,0.734681669099607,0.8421906782409216,1.8252957688445242,1.159685769801473,2.801972313859972,2.677295645833333,9,False
2023-03-21,2023-03-21 09:00:00,oslo,0.7806022954847248,0.6238751223042117,6.663685670842963,4.685308191267817,9.586732891703097,10.321048000000005,9,False
2023-03-21,2023-03-21 09:00:00,stavanger,0.738408860894657,0.8142762719161187,3.208636784254754,2.1181912874802076,4.9334296890293405,4.772728000000001,9,False
2023-03-21,2023-03-21 09:00:00,tromsø,0.7674305072689722,0.9152334483124012,1.311811117625593,0.5570626634270254,1.8216535,1.739318,9,False
2023-03-21,2023-03-21 09:00:00,trondheim,0.5700065590107009,0.6358974664748925,2.220772655601171,1.1336973735264375,2.9416879431758725,2.8669875944444447,9,False
2023-03-21,2023-03-21 10:00:00,bergen,0.6959495549355504,0.8200860902375045,1.8254507102063569,1.1597003402088797,2.776504828055361,2.632543645833333,10,False
2023-03-21,2023-03-21 10:00:00,oslo,0.7564786563853285,0.5794316469204778,6.664230147895889,4.685283348296799,9.379031594688595,10.208547000000005,10,False
2023-03-21,2023-03-21 10:00:00,stavanger,0.6934847000258577,0.7527036199553361,3.208925161926336,2.118223859904756,4.80331992915241,4.677881,10,False
2023-03-21,2023-03-21 10:00:00,tromsø,0.7171538338094459,0.8186905939227022,1.311857357212357,0.5570445613678338,1.7679045,1.7113440000000002,10,False
2023-03-21,2023-03-21 10:00:00,trondheim,0.5094399484272767,0.6963182027419591,2.220888288894632,1.133676908010008,3.010288155970222,2.798428594444445,10,False
2023-03-21,2023-03-21 11:00:00,bergen,0.6738381657783523,0.6739271380687817,1.8256043936473914,1.1597135512252799,2.6071668282042277,2.607063645833333,11,False
2023-03-21,2023-03-21 11:00:00,oslo,0.7443614650844667,0.624145010052483,6.6647495134379175,4.6852351312494855,9.589015641529874,10.152257999999998,11,False
2023-03-21,2023-03-21 11:00:00,stavanger,0.6815016864034091,0.7523398133217667,3.2092061864718877,2.1182483364738043,4.8028487445037324,4.652796000000001,11,False
2023-03-21,2023-03-21 11:00:00,tromsø,0.6654946469952984,0.7999235966146361,1.3119037831691598,0.5570265944354911,1.7574825,1.6826020000000002,11,False
2023-03-21,2023-03-21 11:00:00,trondheim,0.4492580944781773,0.673817116505294,2.2209810271052066,1.1336391566429014,2.9848464947918196,2.7302775944444444,11,False
2023-03-21,2023-03-21 12:00:00,bergen,0.7129942499641505,0.7137282791551144,1.8257686350447877,1.15973868068378,2.6535069278788446,2.652655645833333,12,False
2023-03-21,2023-03-21 12:00:00,oslo,0.7290061597392294,0.5974109563581045,6.665241528453307,4.685162705303404,9.464209060921938,10.080754,12,False
2023-03-21,2023-03-21 12:00:00,stavanger,0.6764466693635431,0.6617747385188836,3.2094873138811204,2.1182729563397324,4.611306845674469,4.642385999999998,12,False
2023-03-21,2023-03-21 12:00:00,tromsø,0.5656845099415805,0.7037487626023033,1.3119448137159533,0.5570051517171414,1.7039364999999997,1.627034,12,False
2023-03-21,2023-03-21 12:00:00,trondheim,0.4015953029593805,0.635184660252772,2.2210648753016238,1.1335957263147243,2.941107491584836,2.6763115944444444,12,False
2023-03-21,2023-03-21 13:00:00,bergen,0.7743460569807922,0.8381127668568259,1.825941816565856,1.1597745235109445,2.7979636513956705,2.724008645833333,13,False
2023-03-21,2023-03-21 13:00:00,oslo,0.756510364942273,0.6701268368405803,6.665758719392097,4.685112649948109,9.805378439743613,10.210095,13,False
2023-03-21,2023-03-21 13:00:00,stavanger,0.7438576283271394,0.7223590058615841,3.2097846367608915,2.1183157948958,4.739969128462713,4.78551,13,False
2023-03-21,2023-03-21 13:00:00,tromsø,0.6290192970243691,0.7495055080395434,1.3119877507598783,0.5569848983926302,1.729451,1.6623420000000002,13,False
2023-03-21,2023-03-21 13:00:00,trondheim,0.43118986801329234,0.6915207625635537,2.2211468173951365,1.1335511645979595,3.005020983142722,2.7099225944444445,13,False
2023-03-21,2023-03-21 14:00:00,bergen,0.9524180275296876,0.9860650358857319,1.8261467624483347,1.1598529757465819,2.9698372286000607,2.930811645833333,14,False
2023-03-21,2023-03-21 14:00:00,oslo,0.8698041730491599,0.7733672674742343,6.666326249331388,4.685110599530655,10.289637431504982,10.741455000000004,14,False
2023-03-21,2023-03-21 14:00:00,stavanger,0.9091933164986571,0.8299158815278375,3.210119072132061,2.1184041863453182,4.968216349875097,5.136158,14,False
2023-03-21,2023-03-21 14:00:00,tromsø,0.8205295434083276,0.9295437174337927,1.3120428339411623,0.5569734444423411,1.829774,1.769056,14,False
2023-03-21,2023-03-21 14:00:00,trondheim,0.5993047544068211,0.8002994526283281,2.2212535280415078,1.133523572786135,3.1284118228835585,2.900579594444445,14,False
2023-03-21,2023-03-21 15:00:00,bergen,1.1300595904243151,1.2551311650490742,1.826385642341781,1.1599848491169862,3.2823187774532583,3.1372376458333333,15,False
2023-03-21,2023-03-21 15:00:00,oslo,1.0990374979800441,0.9276098025745487,6.667018857420688,4.685247002075277,11.013099904028731,11.816281000000004,15,False
2023-03-21,2023-03-21 15:00:00,stavanger,1.1082090662794235,0.9613865193037766,3.2105130173037963,2.1185767687125416,5.247284162854189,5.558339,15,False
2023-03-21,2023-03-21 15:00:00,tromsø,0.9928353952680472,1.1608853425163572,1.3121142569587942,0.5569772649895398,1.958701,1.865101,15,False
2023-03-21,2023-03-21 15:00:00,trondheim,0.8489465254029437,1.0700409459552558,2.2214021434622446,1.1335348248530128,3.434330819721188,3.183712594444444,15,False
2023-03-21,2023-03-21 16:00:00,bergen,1.2614812731644065,1.3398001265790354,1.8266372334943688,1.1601388331891866,3.3809913890504957,3.290130645833333,16,False
2023-03-21,2023-03-21 16:00:00,oslo,1.1889896883400894,1.044401692746868,6.66779777540107,4.685494987241171,11.561336671432713,12.238803,16,False
2023-03-21,2023-03-21 16:00:00,stavanger,1.1193880416373656,1.0204956965581133,3.210917683806312,2.11876599353741,5.373109262224914,5.582639,16,False
2023-03-21,2023-03-21 16:00:00,tromsø,1.0555067733469923,1.29943757668766,1.3121970337870685,0.5569940251057576,2.035976,1.9001080000000004,16,False
2023-03-21,2023-03-21 16:00:00,trondheim,0.9541777388230155,1.2057791066266927,2.2215732473089855,1.1335721879968148,3.58841090744865,3.3032025944444445,16,False
2023-03-21,2023-03-21 17:00:00,bergen,1.2005636172708714,1.432925487505399,1.826889931563677,1.1602947934039929,3.48950591405207,3.219897645833333,17,False
2023-03-21,2023-03-21 17:00:00,oslo,1.231234438047791,1.2192600013078132,6.668625693279864,4.685812164146268,12.38184903866501,12.437959,17,False
2023-03-21,2023-03-21 17:00:00,stavanger,1.1741644387527106,1.1355785045906794,3.211343014626119,2.118988536236776,5.61762084785067,5.699384,17,False
2023-03-21,2023-03-21 17:00:00,tromsø,1.1377836132149655,1.4174806544597198,1.3122900770445982,0.5570241261996985,2.1018610000000004,1.946063,17,False
2023-03-21,2023-03-21 17:00:00,trondheim,1.0735207573981889,1.3995740174128988,2.2217662005654124,1.133638437349405,3.8083771026202,3.438750594444445,17,False
2023-03-21,2023-03-21 18:00:00,bergen,1.289924752233141,1.572792927995545,1.8271437964135278,1.1604528456627805,3.652295825344255,3.3240406458333336,18,False
2023-03-21,2023-03-21 18:00:00,oslo,1.2788545280933172,1.3190802078952726,6.669472909234508,4.686157775662338,12.850890882185233,12.662386999999995,18,False
2023-03-21,2023-03-21 18:00:00,stavanger,1.2208202377319115,1.3011958523438547,3.2117775189985824,2.1192264029043373,5.969306124635293,5.798971999999999,18,False
2023-03-21,2023-03-21 18:00:00,tromsø,1.3011102291538796,1.475306583005059,1.3123859324422844,0.5570581579618001,2.1342175,2.03718,18,False
2023-03-21,2023-03-21 18:00:00,trondheim,1.3020860464572461,1.4752758848857543,2.22197176732044,1.1337229449163566,3.8945258880972013,3.698176594444445,18,False
2023-03-21,2023-03-21 19:00:00,bergen,1.3082232052566911,1.590603486428284,1.8273997063697203,1.1606145903563094,3.673477320190001,3.345742645833333,19,False
2023-03-21,2023-03-21 19:00:00,oslo,1.3030028764985064,1.349570289748782,6.670323327785202,4.686508205280847,12.99509556429612,12.776857,19,False
2023-03-21,2023-03-21 19:00:00,stavanger,1.233828802963508,1.437235722175587,3.2122174863756934,2.1194735504173914,6.258400585241889,5.827285,19,False
2023-03-21,2023-03-21 19:00:00,tromsø,1.3899431051649782,1.5144986410738406,1.3124850376624955,0.5570968764549509,2.1562075,2.086818,19,False
2023-03-21,2023-03-21 19:00:00,trondheim,1.383578358597655,1.6361344388495298,2.222184363581784,1.1338181326084515,4.0772632577345345,3.790910594444444,19,False
2023-03-21,2023-03-21 20:00:00,bergen,1.2971109906251483,1.6437597026232986,1.8276598535926871,1.1607840833381455,3.7357099532304554,3.333325645833334,20,False
2023-03-21,2023-03-21 20:00:00,oslo,1.2711697191595652,1.3407067508483033,6.671166628644315,4.686848090823525,12.954855504211896,12.628946,20,False
2023-03-21,2023-03-21 20:00:00,stavanger,1.1842460274917135,1.4208206908919974,3.2126399311659783,2.1196913568296405,6.224341269254463,5.722876,20,False
2023-03-21,2023-03-21 20:00:00,tromsø,1.346005694068531,1.5057292356021554,1.3125855387512146,0.5571376588921061,2.151484,2.0624960000000003,20,False
2023-03-21,2023-03-21 20:00:00,trondheim,1.3493316789469623,1.6792035006394939,2.2224057449266414,1.1339271680865532,4.126500215047809,3.7524495944444447,20,False
2023-03-21,2023-03-21 21:00:00,bergen,1.1867198032976494,1.5501595143818792,1.8279046571627393,1.1609260963222043,3.6275252908708184,3.2055986458333336,21,False
2023-03-21,2023-03-21 21:00:00,oslo,1.1491370981315072,1.240726350410107,6.6719721789141255,4.687133354100001,12.487422039232104,12.058131,21,False
2023-03-21,2023-03-21 21:00:00,stavanger,1.1296042689175658,1.2907733553067557,3.2130297240809345,2.119857672115273,5.949285524289934,5.60763,21,False
2023-03-21,2023-03-21 21:00:00,tromsø,1.285866335389903,1.4963230879175722,1.3126877327827038,0.5571809818009194,2.1464105,2.029148,21,False
2023-03-21,2023-03-21 21:00:00,trondheim,1.267672190552199,1.6100422336359628,2.2226199036597296,1.134024790871611,4.048447710953214,3.660191594444444,21,False
2023-03-21,2023-03-21 22:00:00,bergen,0.9930923099702156,1.279810559766579,1.8281237838312687,1.1610258688204376,3.3140169509098314,2.9811296458333336,22,False
2023-03-21,2023-03-21 22:00:00,oslo,0.9831998273124962,1.045888541297777,6.672694094000486,4.6873064640345445,11.575094214285217,11.281252999999998,22,False
2023-03-21,2023-03-21 22:00:00,stavanger,0.937928813733897,1.0610203273604828,3.2133824853483524,2.1199706049501725,5.462714390607186,5.201764,22,False
2023-03-21,2023-03-21 22:00:00,tromsø,1.2122178502228345,1.3864144486834091,1.3127837356084529,0.5572152433387947,2.0853149999999996,1.98825,22,False
2023-03-21,2023-03-21 22:00:00,trondheim,1.0968880677124584,1.4701204389708313,2.2228083951208406,1.1340849043219792,3.890049792492862,3.4667725944444445,22,False
2023-03-21,2023-03-21 23:00:00,bergen,0.7569525393951508,1.004751010656323,1.8283087203051,1.1610766590868558,2.9949016669720856,2.7071886458333334,23,False
2023-03-21,2023-03-21 23:00:00,oslo,0.8198873173622059,0.85992616985835,6.673334170977535,4.687381726292362,10.704136385532145,10.516459000000005,23,False
2023-03-21,2023-03-21 23:00:00,stavanger,0.7703996170164222,0.9269586970922191,3.213693705325845,2.120029993004706,5.178873945437914,4.846963999999999,23,False
2023-03-21,2023-03-21 23:00:00,tromsø,1.062161978982055,1.2051983324248392,1.312866860837887,0.5572324663036281,1.9844425,1.904738,23,False
2023-03-21,2023-03-21 23:00:00,trondheim,0.8992828692948214,1.1882453057287314,2.222968110627741,1.134108653283313,3.5705673940779707,3.2428525944444444,23,False
2023-03-22,2023-03-22 00:00:00,bergen,0.6188002256350011,0.9116681649837561,1.8284680534675004,1.1610962029442307,2.887002498175274,2.5469546458333334,0,False
2023-03-22,2023-03-22 00:00:00,oslo,0.724600976022143,0.8322419680615308,6.67391792265663,4.687396497847911,10.574966009110302,10.07041,0,False
2023-03-22,2023-03-22 00:00:00,stavanger,0.6979505592628464,0.9549245546640686,3.213976387367452,2.1200564896679146,5.238470386626254,4.693671,0,False
2023-03-22,2023-03-22 00:00:00,tromsø,0.8892421865172967,1.1019954734952737,1.3129431861340457,0.5572416844129513,1.9270209999999999,1.808466,0,False
2023-03-22,2023-03-22 00:00:00,trondheim,0.7334844180951704,1.080741411542416,2.2231136569468055,1.1341167132874308,3.4488005545189093,3.054970594444444,0,False
2023-03-22,2023-03-22 01:00:00,bergen,0.559890271388288,0.8576830779965242,1.8286135831011492,1.1611008369912221,2.824470122836121,2.4787026458333328,1,False
2023-03-22,2023-03-22 01:00:00,oslo,0.6795303739761949,0.7906828330809728,6.6744706629840955,4.6873803717970235,10.380701855084709,9.859688000000002,1,False
2023-03-22,2023-03-22 01:00:00,stavanger,0.6366349192941091,0.905745592496569,3.2142314731526445,2.120054187954192,5.134461209746046,4.563931999999999,1,False
2023-03-22,2023-03-22 01:00:00,tromsø,0.8340976123851858,1.0478794720885567,1.3130168273643317,0.5572479356541117,1.8969455000000002,1.7778159999999998,1,False
2023-03-22,2023-03-22 01:00:00,trondheim,0.651303189776792,0.9708537002010005,2.22324733752681,1.1341127581008434,3.3243049051741758,2.9618985944444445,1,False
2023-03-22,2023-03-22 02:00:00,bergen,0.48340733800764757,0.8067105383171967,1.8287459881828114,1.1610925476717582,2.765411582351181,2.3900266458333337,2,False
2023-03-22,2023-03-22 02:00:00,oslo,0.6198254466916764,0.7761034006222054,6.675000071740714,4.68734212795963,10.312862237129906,9.580334000000004,2,False
2023-03-22,2023-03-22 02:00:00,stavanger,0.628124302412099,0.8796804766759155,3.214475565350611,2.1200412554261017,5.0794344674964504,4.546125000000002,2,False
2023-03-22,2023-03-22 02:00:00,tromsø,0.7885677400932408,1.02860135510388,1.3130914610342317,0.5572552827405918,1.886285,1.752525,2,False
2023-03-22,2023-03-22 02:00:00,trondheim,0.5763472202714561,0.9191722907496369,2.2233765743873244,1.134104576316444,3.2658140757497565,2.8770145944444443,2,False
2023-03-22,2023-03-22 03:00:00,bergen,0.49049218939639666,0.7854867301814334,1.828866931095501,1.1610739723269805,2.740875129117389,2.398364645833333,3,False
2023-03-22,2023-03-22 03:00:00,oslo,0.5775212769098204,0.7845495121947462,6.675514284986042,4.687290015527269,10.352925380183265,9.382524000000002,3,False
2023-03-22,2023-03-22 03:00:00,stavanger,0.5754197957191316,0.8546930728765118,3.2147072948608244,2.120016923669795,5.026671073902371,4.434607,3,False
2023-03-22,2023-03-22 03:00:00,tromsø,0.826958917211398,1.0260639122309345,1.3131648334749364,0.5572612580066774,1.8849505,1.7739969999999998,3,False
2023-03-22,2023-03-22 03:00:00,trondheim,0.6090434582544423,0.8930907935064012,2.223499898094092,1.1340909864297262,3.236346117073073,2.914210594444444,3,False
2023-03-22,2023-03-22 04:00:00,bergen,0.49313313685833715,0.8055770096666243,1.8289870817890372,1.1610547360332317,2.76430608410196,2.4015416458333334,4,False
2023-03-22,2023-03-22 04:00:00,oslo,0.6079549889805285,0.8626893632540795,6.676036088470873,4.687244883552385,10.719672392478621,9.525670000000002,4,False
2023-03-22,2023-03-22 04:00:00,stavanger,0.549516797533561,0.8426222337643272,3.2149399727376617,2.119993478800235,5.001293613410123,4.379912,4,False
2023-03-22,2023-03-22 04:00:00,tromsø,0.8193073042885425,1.098798437810347,1.3132437574029125,0.5572734921404904,1.925575,1.769822,4,False
2023-03-22,2023-03-22 04:00:00,trondheim,0.6347220228332573,0.9415622133178734,2.2236273169892797,1.1340811434933693,3.291435268538961,2.9434535944444447,4,False
2023-03-22,2023-03-22 05:00:00,bergen,0.6331958460295839,0.9547102489364785,1.8291283647115035,1.161055123358281,2.9375995905618617,2.5643036458333333,5,False
2023-03-22,2023-03-22 05:00:00,oslo,0.7868389339459427,1.0899629182359716,6.676651800873681,4.687293726850203,11.785628150020491,10.364797,5,False
2023-03-22,2023-03-22 05:00:00,stavanger,0.7077821850387269,1.0542192021100691,3.2152025699985844,2.1199988664864664,5.450146083500198,4.7157,5,False
2023-03-22,2023-03-22 05:00:00,tromsø,1.0391082389804411,1.2988778027362853,1.3133352898920034,0.5573016249743128,2.037202,1.892432,5,False
2023-03-22,2023-03-22 05:00:00,trondheim,0.8742185042119747,1.1194469393540587,2.2237779559017246,1.1340947758094126,3.493336881618999,3.215224594444444,5,False
2023-03-22,2023-03-22 06:00:00,bergen,0.8187994605869239,1.1699078024003728,1.8293051692833453,1.1610956312410279,3.18768000760521,2.7800096458333328,6,False
2023-03-22,2023-03-22 06:00:00,oslo,0.9616985612819375,1.2801853992028955,6.6773748421499635,4.687468963082355,12.678204167904731,11.185307,6,False
2023-03-22,2023-03-22 06:00:00,stavanger,0.9058069314272181,1.2206247024286558,3.2155183091917414,2.1200640270907005,5.803320831389025,5.135886999999999,6,False
2023-03-22,2023-03-22 06:00:00,tromsø,1.2138765344372031,1.5057131296714787,1.3134404390924534,0.5573495670391397,2.1526490000000003,1.989994,6,False
2023-03-22,2023-03-22 06:00:00,trondheim,1.114447526999215,1.39371653750434,2.2239631987600768,1.1341506576695544,3.804647726375558,3.4879145944444447,6,False
2023-03-22,2023-03-22 07:00:00,bergen,0.7129755933689668,1.0428292623425883,1.8294679549774555,1.1611192564728698,3.0403170926968333,2.6573176458333334,7,False
2023-03-22,2023-03-22 07:00:00,oslo,0.8458891982064984,1.1319830265527624,6.6780644648792915,4.687602754034372,11.984351217668184,10.643257,7,False
2023-03-22,2023-03-22 07:00:00,stavanger,0.7865308877823772,1.1026351879158072,3.2158132789467833,2.1201045590908816,5.553515167861117,4.883341,7,False
2023-03-22,2023-03-22 07:00:00,tromsø,1.0815375512459682,1.4189588900270549,1.313541079218731,0.5573906519350882,2.1044555000000003,1.9163800000000002,7,False
2023-03-22,2023-03-22 07:00:00,trondheim,0.9635507150612512,1.2327575383086158,2.2241312845778234,1.1341845247835767,3.6223058073377525,3.316975594444444,7,False
2023-03-22,2023-03-22 08:00:00,bergen,0.6165207168209306,0.9513327496895945,1.8296178291515042,1.1611285673791096,2.934237461899412,2.545477645833333,8,False
2023-03-22,2023-03-22 08:00:00,oslo,0.7394942313285956,0.912195721457812,6.678703513464337,4.687677522930279,10.954782893455292,10.145214,8,False
2023-03-22,2023-03-22 08:00:00,stavanger,0.7373206872328893,0.9537382626018507,3.216089496404456,2.1201242968811345,5.23813315981184,4.779301,8,False
2023-03-22,2023-03-22 08:00:00,tromsø,0.8724187235330405,1.1871989313032911,1.313621612445415,0.5574048039515369,1.9753720000000001,1.7999119999999995,8,False
2023-03-22,2023-03-22 08:00:00,trondheim,0.7896505040345425,1.0857736862205813,2.224282187211238,1.1341984873779416,3.4557650597573932,3.1199025944444454,8,False
2023-03-22,2023-03-22 09:00:00,bergen,0.5872980876217553,0.8799318492300896,1.829757652052254,1.1611275571192892,2.8514707705802467,2.511685645833333,9,False
2023-03-22,2023-03-22 09:00:00,oslo,0.6940572998771019,0.8315441753938396,6.679329409581564,4.687737728562968,10.577390413542048,9.932887999999997,9,False
2023-03-22,2023-03-22 09:00:00,stavanger,0.7200944936271898,0.9070355707996798,3.2163624456468565,2.120140575805533,5.13940536299819,4.743064,9,False
2023-03-22,2023-03-22 09:00:00,tromsø,0.7016325847803334,1.0309966949148528,1.3136946584596725,0.557410459582307,1.8883830000000001,1.704792,9,False
2023-03-22,2023-03-22 09:00:00,trondheim,0.7256044599748386,1.0190965096470113,2.2244307882309147,1.1342099609504446,3.3803002006423855,3.0474185944444447,9,False
2023-03-22,2023-03-22 10:00:00,bergen,0.6088965160528912,0.8275135670466898,1.8298945037371654,1.161123644916297,2.7907400729241045,2.536898645833333,10,False
2023-03-22,2023-03-22 10:00:00,oslo,0.6904244093685045,0.7703875680120127,6.679943627334466,4.687785264755998,10.291355116812388,9.916505000000004,10,False
2023-03-22,2023-03-22 10:00:00,stavanger,0.7058437706844277,0.8576289733769301,3.216636008774962,2.1201575382239954,5.034944541679367,4.713136,10,False
2023-03-22,2023-03-22 10:00:00,tromsø,0.5722783831182929,0.8946805744376317,1.313759558695125,0.5574078118532343,1.8124615,1.6327519999999995,10,False
2023-03-22,2023-03-22 10:00:00,trondheim,0.671686155937795,0.9277292147237882,2.224563598175883,1.1342052974203554,3.27679898808723,2.986393594444445,10,False
2023-03-22,2023-03-22 11:00:00,bergen,0.6242005367313203,0.776190747634841,1.8300342808854735,1.1611226237375536,2.731286918300053,2.5548076458333333,11,False
2023-03-22,2023-03-22 11:00:00,oslo,0.6702793682171855,0.7173989833487794,6.680549995149751,4.687824441333721,10.043590483480122,9.822701999999998,11,False
2023-03-22,2023-03-22 11:00:00,stavanger,0.7241758549137478,0.8327094811583682,3.216903456088072,2.1201680965941576,4.9823875317715185,4.752278,11,False
2023-03-22,2023-03-22 11:00:00,tromsø,0.4957415600572587,0.8007090906194491,1.3138173071419912,0.5573986833504396,1.7601315,1.590143,11,False
2023-03-22,2023-03-22 11:00:00,trondheim,0.5944259510434627,0.8828333693211234,2.224685368031136,1.1341904323487622,3.225986528873375,2.898877594444445,11,False
2023-03-22,2023-03-22 12:00:00,bergen,0.6666982871273278,0.7965718199506049,1.8301781217396138,1.161125713145676,2.755098144251509,2.604298645833333,12,False
2023-03-22,2023-03-22 12:00:00,oslo,0.654439738482575,0.6545249308402817,6.681155981328807,4.687863279489524,9.749479370125384,9.749079999999998,12,False
2023-03-22,2023-03-22 12:00:00,stavanger,0.7238723982487314,0.7743831725462068,3.2171710553295747,2.120178844204349,4.859001875069889,4.7519100000000005,12,False
2023-03-22,2023-03-22 12:00:00,tromsø,0.45087350704470275,0.7816919586725254,1.3138741566440348,0.5573888006931588,1.7495805,1.5651860000000002,12,False
2023-03-22,2023-03-22 12:00:00,trondheim,0.5595671051566502,0.8441278184376024,2.2248011435193047,1.1341704061525761,3.1821859342013683,2.859445594444444,12,False
2023-03-22,2023-03-22 13:00:00,bergen,0.6907912561433562,0.8715403302241672,1.8303272263006627,1.1611342969376186,2.842302594888281,2.632428645833333,13,False
2023-03-22,2023-03-22 13:00:00,oslo,0.6739450507080338,0.6634919526192983,6.681765196629895,4.687905638673229,9.792152862528214,9.841156000000002,13,False
2023-03-22,2023-03-22 13:00:00,stavanger,0.7027429878071334,0.7780678820350032,3.2174432319503374,2.120194429401516,4.867098421137187,4.707394999999999,13,False
2023-03-22,2023-03-22 13:00:00,tromsø,0.5480706108923804,0.8071744187944117,1.313930996120742,0.5573789176213334,1.763833,1.619414,13,False
2023-03-22,2023-03-22 13:00:00,trondheim,0.5835411970071511,0.8949954214514692,2.224931499132218,1.1341634467396753,3.2400025911418444,2.8867625944444444,13,False
2023-03-22,2023-03-22 14:00:00,bergen,0.888252700294942,1.0006531899753843,1.8304958072,1.1611648782951711,2.992419146753442,2.8619036458333333,14,False
2023-03-22,2023-03-22 14:00:00,oslo,0.7677003116983966,0.7249792113420983,6.682426818909091,4.688006669072225,10.081134196619569,10.281411,14,False
2023-03-22,2023-03-22 14:00:00,stavanger,0.8036685560103842,0.7688051956296261,3.217743092770707,2.1202408561164057,4.8477952789392065,4.921714,14,False
2023-03-22,2023-03-22 14:00:00,tromsø,0.7589432354135651,0.9365119075806189,1.3139924615757577,0.5573730928555306,1.835979,1.7370069999999995,14,False
2023-03-22,2023-03-22 14:00:00,trondheim,0.8753974648421763,1.072944431384937,2.225073640719529,1.1341681848529381,3.4419730789114507,3.217921594444444,14,False
2023-03-22,2023-03-22 15:00:00,bergen,1.0918795346007564,1.1471446286758438,1.8306839704333817,1.1612202951157622,3.1627715946848065,3.098596645833333,15,False
2023-03-22,2023-03-22 15:00:00,oslo,1.0090235198262756,0.8682311042101005,6.683172268694704,4.688211561331844,10.75362336936041,11.413688,15,False
2023-03-22,2023-03-22 15:00:00,stavanger,0.9294429519465945,0.919167545952015,3.2180801082727344,2.1203333540803513,5.167021713942976,5.188809,15,False
2023-03-22,2023-03-22 15:00:00,tromsø,0.9191326699253289,1.2451673706794208,1.3140739995152102,0.5573885220796367,2.008116,1.826388,15,False
2023-03-22,2023-03-22 15:00:00,trondheim,1.1798919692571117,1.2355035488753556,2.2252387562150715,1.1341986157189932,3.6265451710654033,3.5634705944444445,15,False
2023-03-22,2023-03-22 16:00:00,bergen,1.0933613334090897,1.2749916779550012,1.8308811588332123,1.1612880830906884,3.311513800482156,3.100588645833333,16,False
2023-03-22,2023-03-22 16:00:00,oslo,1.0974557961387919,1.0529627874103893,6.683973224066893,4.68849205046468,11.620780882275634,11.829386000000005,16,False
2023-03-22,2023-03-22 16:00:00,stavanger,0.9254630856978248,1.00322018706606,3.218424755133099,2.120436001385413,5.345688957104581,5.18081,16,False
2023-03-22,2023-03-22 16:00:00,tromsø,1.0127284897750437,1.3197167265518606,1.3141657979883665,0.5574171238502713,2.0497984999999996,1.8786780000000003,16,False
2023-03-22,2023-03-22 16:00:00,trondheim,1.2631610674701872,1.3577782086244907,2.2254214716583856,1.1342513315863216,3.7654832127896043,3.658163594444445,16,False
2023-03-22,2023-03-22 17:00:00,bergen,1.0899273978334978,1.3069597626389844,1.831079019912456,1.1613568283877982,3.3489256646813366,3.096873645833333,17,False
2023-03-22,2023-03-22 17:00:00,oslo,1.1139596450038385,1.1611880885672665,6.684795162849873,4.688802561723077,12.129376847166395,11.907932,17,False
2023-03-22,2023-03-22 17:00:00,stavanger,0.9556527345115041,1.1073973538375403,3.218771158894745,2.1205410374733353,5.567052692496629,5.245272,17,False
2023-03-22,2023-03-22 17:00:00,tromsø,1.1288296845156964,1.454811301282953,1.3142701441899916,0.557463950888207,2.1252750000000002,1.943552,17,False
2023-03-22,2023-03-22 17:00:00,trondheim,1.2588830207746844,1.5152577311083122,2.2256185282587473,1.1343238749117088,3.944411549299452,3.6535995944444446,17,False
2023-03-22,2023-03-22 18:00:00,bergen,1.1518014226418813,1.3648098860082092,1.8312727011125918,1.1614197711723677,3.4163898866140316,3.168997645833333,18,False
2023-03-22,2023-03-22 18:00:00,oslo,1.1491403298239797,1.235426669242177,6.685590888417737,4.689075800174584,12.47860018605152,12.073997,18,False
2023-03-22,2023-03-22 18:00:00,stavanger,1.0734952850323554,1.1767495160779888,3.219117909178378,2.1206465669320638,5.714587730588132,5.495622,18,False
2023-03-22,2023-03-22 18:00:00,tromsø,1.3530536379743041,1.5405348903020757,1.3143784892173491,0.5575170781196902,2.173253,2.0687290000000003,18,False
2023-03-22,2023-03-22 18:00:00,trondheim,1.3212245478128333,1.5839050656189042,2.2258243030426326,1.1344092068853502,4.022620792313062,3.724633594444444,18,False
2023-03-22,2023-03-22 19:00:00,bergen,1.2171233968857293,1.2922635895160652,1.8314578398097112,1.1614712276838632,3.3323848176160915,3.245111645833333,19,False
2023-03-22,2023-03-22 19:00:00,oslo,1.142355339315873,1.1723080124164817,6.6863180363416115,4.689257168322453,12.183571787047446,12.043115999999998,19,False
2023-03-22,2023-03-22 19:00:00,stavanger,1.1307348446667367,1.171268821233681,3.2194412292378356,2.1207215662208787,5.70337627827021,5.617414999999999,19,False
2023-03-22,2023-03-22 19:00:00,tromsø,1.3718353577134073,1.553025069933179,1.3144851503331314,0.5575675283233684,2.1804015000000003,2.079376,19,False
2023-03-22,2023-03-22 19:00:00,trondheim,1.3904677916474455,1.616391088845243,2.2260182943559457,1.1344774108140323,4.059777471691971,3.803472594444445,19,False
2023-03-22,2023-03-22 20:00:00,bergen,1.215238860482314,1.3346975910225665,1.8316336567678053,1.1615107407817054,3.381899244435984,3.243146645833334,20,False
2023-03-22,2023-03-22 20:00:00,oslo,1.1425375962537792,1.1939880005902042,6.686982213420543,4.689361474096643,12.286023543921926,12.044754,20,False
2023-03-22,2023-03-22 20:00:00,stavanger,1.1072590450296622,1.1400030543629425,3.219737240474604,2.1207636732039425,5.637414305509072,5.567972,20,False
2023-03-22,2023-03-22 20:00:00,tromsø,1.4392195291431698,1.5150392120652372,1.3145882561773257,0.5576124611791876,2.1593929999999997,2.117115,20,False
2023-03-22,2023-03-22 20:00:00,trondheim,1.4368144505459415,1.5803429074398228,2.2261941351141927,1.1345212032847176,4.01912667206529,3.8562905944444443,20,False
2023-03-22,2023-03-22 21:00:00,bergen,1.1427033841804137,1.2256802783501788,1.8317954506383474,1.1615334421600254,3.2554640833380883,3.1590836458333333,21,False
2023-03-22,2023-03-22 21:00:00,oslo,1.0530170475698277,1.1357783721881765,6.687591416495095,4.689404217055144,12.013715304674356,11.625614000000002,21,False
2023-03-22,2023-03-22 21:00:00,stavanger,1.0509503203747788,1.0444581217212063,3.220005972309354,2.120775820207967,5.435067502075517,5.448836000000001,21,False
2023-03-22,2023-03-22 21:00:00,tromsø,1.4513956144012112,1.393939592005408,1.314682099430786,0.5576438929113927,2.092004,2.124044,21,False
2023-03-22,2023-03-22 21:00:00,trondheim,1.3006176626917678,1.5291473648648646,2.2263574334621805,1.1345495323570498,3.9612508611746273,3.701972594444445,21,False
2023-03-22,2023-03-22 22:00:00,bergen,0.8778031854381672,1.0148929824019153,1.8319485200492451,1.1615463952493366,3.010793805322038,2.851557645833333,22,False
2023-03-22,2023-03-22 22:00:00,oslo,0.8800284734180649,0.9848714030193321,6.688145109469605,4.68939019041254,11.306591405606298,10.814942000000002,22,False
2023-03-22,2023-03-22 22:00:00,stavanger,0.8835891103809794,0.8782688251292169,3.2202535815401228,2.120766764148903,5.082856915862271,5.09414,22,False
2023-03-22,2023-03-22 22:00:00,tromsø,1.3473756349601769,1.3030007499429046,1.314771308791475,0.5576690506435744,2.0414145,2.066161,22,False
2023-03-22,2023-03-22 22:00:00,trondheim,1.085421979528216,1.3289752867644453,2.2265032151479374,1.1345581741690676,3.7343029900152196,3.4579775944444453,22,False
2023-03-22,2023-03-22 23:00:00,bergen,0.6957518799814515,0.8126667358938467,1.8320864386986924,1.1615436916335544,2.776034359176622,2.640232645833333,23,False
2023-03-22,2023-03-22 23:00:00,oslo,0.7361323455486527,0.8295001774887878,6.688621248698389,4.689305900189464,10.57840132520477,10.140570999999996,23,False
2023-03-22,2023-03-22 23:00:00,stavanger,0.74389648181033,0.7828925529659012,3.220480198856803,2.1207383550248284,4.880790463794897,4.798089999999999,23,False
2023-03-22,2023-03-22 23:00:00,tromsø,1.2274083961991133,1.1678962801593347,1.314853046252573,0.5576847574671345,1.9661710000000001,1.99936,23,False
2023-03-22,2023-03-22 23:00:00,trondheim,0.8656186737190747,1.0790103537160363,2.2266358716898065,1.1345535309851258,3.450830878467845,3.2087265944444443,23,False
2023-03-23,2023-03-23 00:00:00,bergen,0.5833934143050562,0.6222635200776359,1.8322080514356336,1.1615259579247998,2.5549832826754675,2.5098346458333336,0,False
2023-03-23,2023-03-23 00:00:00,oslo,0.658454629132099,0.5839606664126001,6.689044744915255,4.6891799654510615,9.42734140246867,9.776657000000002,0,False
2023-03-23,2023-03-23 00:00:00,stavanger,0.6352891220348099,0.6209594903533521,3.220677430430791,2.12068572062751,4.53753735471128,4.567926,0,False
2023-03-23,2023-03-23 00:00:00,tromsø,1.1595403034803742,1.02881046001604,1.3149275414043584,0.557692092853232,1.888687,1.961594,0,False
2023-03-23,2023-03-23 00:00:00,trondheim,0.750439567658008,0.9869184869124744,2.2267516560388083,1.1345336454775494,3.3464438847848053,3.0781505944444443,0,False
2023-03-23,2023-03-23 01:00:00,bergen,0.5292252355459405,0.5363183104379466,1.8323209987294717,1.1615010128338852,2.4552552595045047,2.447016645833333,1,False
2023-03-23,2023-03-23 01:00:00,oslo,0.6075031414136943,0.5904686623183949,6.689425359036436,4.689023721481866,9.458146923439056,9.538022000000002,1,False
2023-03-23,2023-03-23 01:00:00,stavanger,0.6166118689270509,0.6216041746684657,3.220856611349514,2.1206198818809674,4.539042782811672,4.528455999999999,1,False
2023-03-23,2023-03-23 01:00:00,tromsø,1.0784003402772733,0.9859624441946655,1.3149963008110397,0.557693350721984,1.8648609999999999,1.916413,1,False
2023-03-23,2023-03-23 01:00:00,trondheim,0.670452349190376,0.8694501946140697,2.226856208748941,1.1345047662433076,3.2132515985497747,2.987487594444445,1,False
2023-03-23,2023-03-23 02:00:00,bergen,0.45593157295838915,0.5542326710347817,1.8324332734386346,1.1614755454609167,2.4761609673410185,2.3619866458333334,2,False
2023-03-23,2023-03-23 02:00:00,oslo,0.5906248953494087,0.5802833785701434,6.689766812999274,4.6888426288946174,9.410624255277956,9.459114000000003,2,False
2023-03-23,2023-03-23 02:00:00,stavanger,0.5967618865614466,0.6100706540219994,3.221022488181837,2.120545129163276,4.514704842013642,4.486483,2,False
2023-03-23,2023-03-23 02:00:00,tromsø,1.0700693063231912,0.9645688279239705,1.3150646039699831,0.5576941535502515,1.852999,1.911836,2,False
2023-03-23,2023-03-23 02:00:00,trondheim,0.5987692302502899,0.8743092030321613,2.2269590881226633,1.13447463898209,3.218840705591293,2.906247594444445,2,False
2023-03-23,2023-03-23 03:00:00,bergen,0.41903693162312206,0.5575089071419123,1.8325482475851185,1.1614522766836703,2.4800682370565177,2.319239645833333,3,False
2023-03-23,2023-03-23 03:00:00,oslo,0.5673962272894205,0.5926202636630283,6.690096159022146,4.688654441159796,9.468687790167094,9.350421,3,False
2023-03-23,2023-03-23 03:00:00,stavanger,0.5928268088310367,0.5647905620430711,3.221175895359837,2.120462647630437,4.41879318590637,4.478243,3,False
2023-03-23,2023-03-23 03:00:00,tromsø,1.0841502198325286,0.9110022652314038,1.315128530073823,0.5576906768690914,1.823186,1.919749,3,False
2023-03-23,2023-03-23 03:00:00,trondheim,0.5680480167500588,0.884744765977742,2.2270582033963318,1.1344417585241866,3.2307496115571914,2.871475594444445,3,False
2023-03-23,2023-03-23 04:00:00,bergen,0.43726123266039957,0.5809786287838051,1.8326591795064942,1.1614257757015927,2.507422734107773,2.3405056458333333,4,False
2023-03-23,2023-03-23 04:00:00,oslo,0.5662665469871514,0.6235967285210705,6.690421634317522,4.688464080755098,9.614132496864949,9.345342,4,False
2023-03-23,2023-03-23 04:00:00,stavanger,0.5213508505824254,0.5920363696720601,3.221327531263109,2.120379141037035,4.476669100251037,4.326789,4,False
2023-03-23,2023-03-23 04:00:00,tromsø,1.086731345329549,0.9083398858954871,1.3151916522265246,0.5576864515578046,1.8217605,1.921247,4,False
2023-03-23,2023-03-23 04:00:00,trondheim,0.6312016315559996,0.9159948971208777,2.227157683356526,1.134409157534619,3.266270682905431,2.9431985944444445,4,False
2023-03-23,2023-03-23 05:00:00,bergen,0.5937784881736238,0.7485769630504961,1.8327799263263762,1.1614073821167283,2.7021827372957437,2.5223986458333334,5,False
2023-03-23,2023-03-23 05:00:00,oslo,0.7469661885495142,0.821767953958923,6.6907650855414404,4.688284380393243,10.543446948394772,10.192755000000002,5,False
2023-03-23,2023-03-23 05:00:00,stavanger,0.6534260168680069,0.7297040413878556,3.221486678083283,2.120300211732435,4.768678311539967,4.606946,5,False
2023-03-23,2023-03-23 05:00:00,tromsø,1.2928006988038374,1.0381903735622218,1.3152601887477313,0.5576875166600341,1.8942459999999999,2.036239,5,False
2023-03-23,2023-03-23 05:00:00,trondheim,0.8073180368946578,1.1412268443235045,2.227262017405055,1.1343801763206338,3.5218471262905924,3.1430675944444446,5,False
2023-03-23,2023-03-23 06:00:00,bergen,0.7938909172780285,0.8529946178951259,1.8329190058956366,1.1614059562477557,2.823592035766314,2.754948645833333,6,False
2023-03-23,2023-03-23 06:00:00,oslo,0.9164760746726714,0.9155609473244694,6.691174225744011,4.688148324865491,10.983459747255484,10.987749999999997,6,False
2023-03-23,2023-03-23 06:00:00,stavanger,0.8398443147919247,0.86443218485429,3.2216634775415356,2.120232870659645,5.054461010325736,5.0023290000000005,6,False
2023-03-23,2023-03-23 06:00:00,tromsø,1.4198124738150766,1.1893632077459084,1.315333168037745,0.5576932493307464,1.978633,2.1071530000000003,6,False
2023-03-23,2023-03-23 06:00:00,trondheim,1.0627656814588606,1.3874639161969744,2.2273780628414253,1.1343606146071112,3.8012624835638147,3.432937594444444,6,False
2023-03-23,2023-03-23 07:00:00,bergen,0.6946603203216452,0.829466135052647,1.8330770555678197,1.1614246080616015,2.7964394363717116,2.639872645833333,7,False
2023-03-23,2023-03-23 07:00:00,oslo,0.786090602120424,0.8322756482690703,6.69167427446474,4.688085210018453,10.593453431773488,10.376934,7,False
2023-03-23,2023-03-23 07:00:00,stavanger,0.7508556973215533,0.7840878594263035,3.2218810637907747,2.12019691917909,4.884301727712151,4.813842999999999,7,False
2023-03-23,2023-03-23 07:00:00,tromsø,1.195263984215816,1.1582380020661327,1.3154097329139953,0.5577029642730736,1.9613625,1.982012,7,False
2023-03-23,2023-03-23 07:00:00,trondheim,0.930435756188563,1.173175027153005,2.227520232858554,1.1343656502512902,3.5583296853935478,3.282974594444444,7,False
2023-03-23,2023-03-23 08:00:00,bergen,0.5210082242987694,0.6913533289321225,1.833244485126391,1.161454143111444,2.6362196733684935,2.438371645833333,8,False
2023-03-23,2023-03-23 08:00:00,oslo,0.6696319999899885,0.7212542748460573,6.692251945452346,4.6880959311899435,10.0735611767115,9.831550999999996,8,False
2023-03-23,2023-03-23 08:00:00,stavanger,0.6937373801812694,0.7076011230355311,3.222133741456015,2.1201931747712064,4.722384812976389,4.692991,8,False
2023-03-23,2023-03-23 08:00:00,tromsø,1.0607256520263926,1.0935225564138176,1.3154927502418965,0.5577203196961846,1.9253725,1.907081,8,False
2023-03-23,2023-03-23 08:00:00,trondheim,0.7633160252809125,1.023628444907124,2.227688098165954,1.1343997343168886,3.3888919341078054,3.0935935944444446,8,False
2023-03-23,2023-03-23 09:00:00,bergen,0.4755929384927913,0.6437993407598057,1.8334108207365865,1.1614823946868158,2.581172420740079,2.385803645833333,9,False
2023-03-23,2023-03-23 09:00:00,oslo,0.6237517650989396,0.620819783880361,6.692841516749305,4.688118971153298,9.603318523226115,9.617064,9,False
2023-03-23,2023-03-23 09:00:00,stavanger,0.6638302740305688,0.6719117921459478,3.2224023196708593,2.120205623921768,4.646993480158052,4.629859,9,False
2023-03-23,2023-03-23 09:00:00,tromsø,0.8334491292147004,0.9877912962671809,1.3155734040391827,0.557734815079603,1.8664990000000001,1.7804169999999997,9,False
2023-03-23,2023-03-23 09:00:00,trondheim,0.6692013376760692,0.915201019778524,2.227853199689268,1.1344304800577871,3.266085131905995,2.9870155944444443,9,False
2023-03-23,2023-03-23 10:00:00,bergen,0.4929822904878705,0.6494326786035387,1.8335546901229343,1.1614858520449987,2.5878615581766313,2.4061466458333336,10,False
2023-03-23,2023-03-23 10:00:00,oslo,0.5968438888673523,0.5848689365780392,6.693405555380895,4.688116100056064,9.435339033375069,9.491479000000002,10,False
2023-03-23,2023-03-23 10:00:00,stavanger,0.6275669873732721,0.6829062003685061,3.2226643586890367,2.1202113369286395,4.670569826769205,4.5532390000000005,10,False
2023-03-23,2023-03-23 10:00:00,tromsø,0.6856243984354286,0.9287206249367402,1.3156531772672309,0.557748270927064,1.8336455,1.6980589999999995,10,False
2023-03-23,2023-03-23 10:00:00,trondheim,0.6247457444394087,0.7111460542047707,2.2280046215024183,1.1344454592131505,3.0347610335323694,2.936744594444445,10,False
2023-03-23,2023-03-23 11:00:00,bergen,0.5046955208072801,0.7755630864884423,1.8336855894042436,1.1614766374218113,2.734483995207321,2.419877645833333,11,False
2023-03-23,2023-03-23 11:00:00,oslo,0.5932115424093787,0.519591512788188,6.693923291016806,4.688069112222365,9.129804213092003,9.474940000000002,11,False
2023-03-23,2023-03-23 11:00:00,stavanger,0.6174482346508158,0.7288249394540822,3.222916708663805,2.120207359693138,4.7681767092222564,4.5320350000000005,11,False
2023-03-23,2023-03-23 11:00:00,tromsø,0.5870431880882594,0.9073307469249988,1.31572987063233,0.5577581615995901,1.8218010000000002,1.643158,11,False
2023-03-23,2023-03-23 11:00:00,trondheim,0.538847676846697,0.6383479630664359,2.228143413664544,1.1344470933922473,2.952315404938124,2.8394375944444445,11,False
2023-03-23,2023-03-23 12:00:00,bergen,0.5484767041017198,0.8021442678390936,1.8338052926267325,1.1614574483157214,2.765461727132209,2.470837645833333,12,False
2023-03-23,2023-03-23 12:00:00,oslo,0.5906076104647019,0.4744463163999893,6.69440445188588,4.6879899599255115,8.918604019692673,9.463167,12,False
2023-03-23,2023-03-23 12:00:00,stavanger,0.6067493456427209,0.6587223579974126,3.2231460723353886,2.120181812972417,4.619757235559808,4.509565,12,False
2023-03-23,2023-03-23 12:00:00,tromsø,0.5684610183633086,0.8033385513769394,1.3157978910783366,0.5577587533346476,1.763867,1.6328619999999998,12,False
2023-03-23,2023-03-23 12:00:00,trondheim,0.523561577929503,0.6057051204631838,2.228270675533594,1.1344375598753813,2.9154053143958722,2.822218594444444,12,False
2023-03-23,2023-03-23 13:00:00,bergen,0.6285777620262601,0.8637729300359156,1.8339072017713243,1.1614242312815222,2.8371140130400754,2.563952645833333,13,False
2023-03-23,2023-03-23 13:00:00,oslo,0.6193944080870556,0.5473360913636643,6.694849499456062,4.687881360620598,9.260696160154717,9.598496999999998,13,False
2023-03-23,2023-03-23 13:00:00,stavanger,0.6202209428207731,0.6274051546577397,3.2233533381310693,2.120137472121634,4.553538516723212,4.538307,13,False
2023-03-23,2023-03-23 13:00:00,tromsø,0.6047589000080139,0.7949745704849316,1.315862877190862,0.557756360104279,1.759265,1.6531709999999995,13,False
2023-03-23,2023-03-23 13:00:00,trondheim,0.564539622116665,0.6753405518726299,2.228391368621822,1.1344221038399944,2.9945126182856336,2.8688175944444447,13,False
2023-03-23,2023-03-23 14:00:00,bergen,0.7878315756223434,1.066321314399305,1.8340129081339134,1.1613938384947755,3.0724319125329167,2.748995645833334,14,False
2023-03-23,2023-03-23 14:00:00,oslo,0.7219819341986254,0.6555418180394016,6.695284397510274,4.687764945595739,9.76831035248748,10.079766,14,False
2023-03-23,2023-03-23 14:00:00,stavanger,0.7170918010953435,0.6868857549553797,3.2235567762096125,2.120090093720441,4.679816460808199,4.743855999999999,14,False
2023-03-23,2023-03-23 14:00:00,tromsø,0.8075724284393528,0.9351710122308962,1.315934681411651,0.5577608926778456,1.8375365000000001,1.766367,14,False
2023-03-23,2023-03-23 14:00:00,trondheim,0.686787140179344,0.8542851947916686,2.228514930650565,1.134409219704419,3.1976239318792197,3.0076125944444443,14,False
2023-03-23,2023-03-23 15:00:00,bergen,1.0647031824985922,1.1954959195369417,1.8341292840538772,1.1613719035549996,3.22254465581873,3.0706456458333333,15,False
2023-03-23,2023-03-23 15:00:00,oslo,0.9189654020368542,0.8220548312539548,6.695749827069486,4.687672858393153,10.549273947649613,11.003559,15,False
2023-03-23,2023-03-23 15:00:00,stavanger,0.8770929084643914,0.8349177734572034,3.2237732056022157,2.1200533905277563,4.993843462032045,5.083257,15,False
2023-03-23,2023-03-23 15:00:00,tromsø,0.9994350836559897,1.145818206117402,1.3160186319033234,0.5577794668338445,1.9551325,1.873483,15,False
2023-03-23,2023-03-23 15:00:00,trondheim,0.9787766706710787,1.0037525924807351,2.228655686259483,1.1344129273368162,3.3673256030174716,3.338992594444444,15,False
2023-03-23,2023-03-23 16:00:00,bergen,1.0593986531626758,1.2512616836372907,1.8342593250594086,1.1613619831410145,3.287427075396777,3.0646046458333336,16,False
2023-03-23,2023-03-23 16:00:00,oslo,1.023244790626124,0.9045907800084009,6.6962666906718225,4.687625437499802,10.93664944156699,11.492855,16,False
2023-03-23,2023-03-23 16:00:00,stavanger,0.8977137578475259,0.9408891631202999,3.2240141657030366,2.1200386177218573,5.218735526514072,5.127202,16,False
2023-03-23,2023-03-23 16:00:00,tromsø,1.1696837323319096,1.250899873520471,1.3161054490091832,0.5578016800234317,2.0138595,1.9685570000000003,16,False
2023-03-23,2023-03-23 16:00:00,trondheim,0.9832905483232364,1.2064076815273732,2.2288230353300706,1.134446538733208,3.5974280539399537,3.3443135944444444,16,False
2023-03-23,2023-03-23 17:00:00,bergen,1.161124945911942,1.297127094961803,1.8344138925743023,1.1613769543121155,3.3408674074767633,3.1829176458333333,17,False
2023-03-23,2023-03-23 17:00:00,oslo,1.0688687741135192,0.9348959940707982,6.6968557805968345,4.687648606405103,11.079319684336525,11.707337000000004,17,False
2023-03-23,2023-03-23 17:00:00,stavanger,0.9235362082573959,0.9748028267588696,3.224287334584793,2.1200562012718764,5.29092411247229,5.1822360000000005,17,False
2023-03-23,2023-03-23 17:00:00,tromsø,1.3512008612237385,1.365476694464852,1.3161974931738551,0.5578308365963488,2.0779025000000004,2.069939,17,False
2023-03-23,2023-03-23 17:00:00,trondheim,1.0644951347988025,1.2883448207664547,2.2290176516837152,1.134516169478775,3.6906656827074924,3.436704594444445,17,False
2023-03-23,2023-03-23 18:00:00,bergen,1.2119877536451937,1.2772902900454948,1.8345884369996779,1.1614153728864598,3.318053015497121,3.2422096458333334,18,False
2023-03-23,2023-03-23 18:00:00,oslo,1.1247694908852415,0.950075047723144,6.697479730973665,4.687709181084366,11.151155254904616,11.970072,18,False
2023-03-23,2023-03-23 18:00:00,stavanger,1.0530084649046072,1.0325079830787407,3.224570219419949,2.120084363027691,5.413574249046446,5.457037,18,False
2023-03-23,2023-03-23 18:00:00,tromsø,1.5172157755660238,1.3922599396988555,1.316290339091568,0.557861099613646,2.092978,2.1626860000000008,18,False
2023-03-23,2023-03-23 18:00:00,trondheim,1.171375122710637,1.3461354783251298,2.229208007680666,1.1345798292935771,3.75650616888482,3.558226594444444,18,False
2023-03-23,2023-03-23 19:00:00,bergen,1.23954888927283,1.194335161732191,1.8347541478595442,1.161443094687742,3.2219064741961647,3.274419645833333,19,False
2023-03-23,2023-03-23 19:00:00,oslo,1.11986169382265,0.9580185167467979,6.6980497840318876,4.687712996100996,11.188965635491252,11.947639999999998,19,False
2023-03-23,2023-03-23 19:00:00,stavanger,1.103177263961588,1.0507795174878207,3.224829073240528,2.1200871366407252,5.452573211712005,5.563661000000001,19,False
2023-03-23,2023-03-23 19:00:00,tromsø,1.5946364490222114,1.356327436536969,1.3163750928856144,0.5578807054484897,2.0730440000000003,2.205992,19,False
2023-03-23,2023-03-23 19:00:00,trondheim,1.2651137138394406,1.4346850075626365,2.2293854544238436,1.1346261797006931,3.857216623628498,3.664816594444444,19,False
2023-03-23,2023-03-23 20:00:00,bergen,1.2502443095098759,1.077187362224923,1.8349029912771737,1.1614519206453457,3.086004322028204,3.287001645833333,20,False
2023-03-23,2023-03-23 20:00:00,oslo,1.1025990639733463,0.9329416254181336,6.698572811352657,4.687671482344273,11.071896663517155,11.867195,20,False
2023-03-23,2023-03-23 20:00:00,stavanger,1.0606388031073277,0.9446848246067426,3.2250593208162237,2.1200626194290146,5.227850304606834,5.47368,20,False
2023-03-23,2023-03-23 20:00:00,tromsø,1.633437775575205,1.33136273330874,1.3164550741545895,0.5578944845477856,2.059215,2.227741,20,False
2023-03-23,2023-03-23 20:00:00,trondheim,1.267165941705053,1.364572563426586,2.2295494401895466,1.1346557754860815,3.7778695803513695,3.667346594444444,20,False
2023-03-23,2023-03-23 21:00:00,bergen,1.1677260507752407,0.9760091005001396,1.835033249175321,1.1614422712909542,2.968611475660844,3.191279645833333,21,False
2023-03-23,2023-03-23 21:00:00,oslo,1.0203526740012991,0.8613219968917412,6.699062014611762,4.687599794913801,10.736594830596234,11.482067,21,False
2023-03-23,2023-03-23 21:00:00,stavanger,0.9844379666093296,0.8952546004153283,3.2252752523074912,2.1200256577677687,5.123237975422619,5.312309,21,False
2023-03-23,2023-03-23 21:00:00,tromsø,1.5848189444761125,1.2891843707023674,1.3165276647747857,0.5578999028923718,2.0357635,2.200698,21,False
2023-03-23,2023-03-23 21:00:00,trondheim,1.215060208341856,1.2542071916563804,2.2296918468015807,1.134661260551274,3.6527921598788824,3.608373594444445,21,False
2023-03-23,2023-03-23 22:00:00,bergen,0.9776798431286416,0.8286916106399893,1.8351527396844562,1.1614230508375831,2.797614278317463,2.970652645833333,22,False
2023-03-23,2023-03-23 22:00:00,oslo,0.8635824097965927,0.8010456138021257,6.699503203332529,4.687488710684764,10.45439547477354,10.747536,22,False
2023-03-23,2023-03-23 22:00:00,stavanger,0.8256058420270844,0.8564293705080953,3.2254606714994365,2.1199648057276534,5.041060795568088,4.975716,22,False
2023-03-23,2023-03-23 22:00:00,tromsø,1.5147960574807917,1.2001684701010118,1.3165943916928278,0.5578992658012568,1.9861674999999999,2.161698,22,False
2023-03-23,2023-03-23 22:00:00,trondheim,1.0880600869482673,1.0952398155041414,2.229830817551115,1.1346632338624036,3.4725591684659065,3.464412594444444,22,False
2023-03-23,2023-03-23 23:00:00,bergen,0.7466140642774263,0.697137719412645,1.8352539439469395,1.1613894559106426,2.6449023405903773,2.702363645833333,23,False
2023-03-23,2023-03-23 23:00:00,oslo,0.7164115386964707,0.6287070366420526,6.6999000545696,4.687344862619737,9.646866752866604,10.057968000000002,23,False
2023-03-23,2023-03-23 23:00:00,stavanger,0.6921114277193887,0.7707770311255672,3.2256237535142263,2.1198887747315727,4.859585329618244,4.692823000000001,23,False
2023-03-23,2023-03-23 23:00:00,tromsø,1.2939227441724943,1.0451967826931585,1.31665301823011,0.5578910990018557,1.899759,2.038521,23,False
2023-03-23,2023-03-23 23:00:00,trondheim,0.8599903026858283,0.8651128322974826,2.2299581966138815,1.1346539545656242,3.2115618929256877,3.2057495944444447,23,False
2023-03-24,2023-03-24 00:00:00,bergen,0.5984641328015716,0.6445508898572341,1.8353449802460566,1.1613489054618433,2.5838934506962126,2.530370645833333,0,False
2023-03-24,2023-03-24 00:00:00,oslo,0.6260011756524728,0.6964274601376772,6.700270728754226,4.687183323877172,9.96455390620168,9.634453,0,False
2023-03-24,2023-03-24 00:00:00,stavanger,0.5858294953664688,0.7247416944101366,3.225767834422783,2.1198013678030607,4.762076269537299,4.4676100000000005,0,False
2023-03-24,2023-03-24 00:00:00,tromsø,1.2158517829716962,0.936872504885528,1.3167037897151135,0.5578765601075543,1.8393629999999996,1.994999,0,False
2023-03-24,2023-03-24 00:00:00,trondheim,0.7135732946115279,0.892240974124962,2.230073860471659,1.1346342976772401,3.2424410715067915,3.039718594444444,0,False
2023-03-24,2023-03-24 01:00:00,bergen,0.5222542158605017,0.6260856448230167,1.8354257418230737,1.1613020739544573,2.5625002996291566,2.441920645833333,1,False
2023-03-24,2023-03-24 01:00:00,oslo,0.551346587245034,0.6750186183337366,6.700608017380809,4.687000958021196,9.864420928193177,9.28477,1,False
2023-03-24,2023-03-24 01:00:00,stavanger,0.5201818457067166,0.6774217561093071,3.225903624183263,2.119709453371452,4.6618409245276515,4.328538,1,False
2023-03-24,2023-03-24 01:00:00,tromsø,1.168765742235214,0.8907844274728652,1.316751,0.5578594378999036,1.8136835,1.968758,1,False
2023-03-24,2023-03-24 01:00:00,trondheim,0.6219965999019729,0.8043495034116366,2.2301792792687585,1.1346063873772112,3.1427993635232894,2.9359005944444445,1,False
2023-03-24,2023-03-24 02:00:00,bergen,0.4729985923216442,0.6272605662871563,1.835499395806179,1.1612513418510224,2.5639065700973713,2.384769645833333,2,False
2023-03-24,2023-03-24 02:00:00,oslo,0.5251733302812664,0.6454335029380256,6.700936546825972,4.686813498042231,9.72596300048459,9.162326000000002,2,False
2023-03-24,2023-03-24 02:00:00,stavanger,0.491417816425454,0.6450634035395647,3.226026396977834,2.1196109872426137,4.593309874588412,4.267641,2,False
2023-03-24,2023-03-24 02:00:00,tromsø,1.143398269177161,0.8809523904341667,1.3167958773835384,0.5578407277767482,1.808227,1.95463,2,False
2023-03-24,2023-03-24 02:00:00,trondheim,0.5712828118246642,0.7841328687853336,2.2302810005233056,1.13457569614412,3.119939095994911,2.8784445944444443,2,False
2023-03-24,2023-03-24 03:00:00,bergen,0.4868214835768002,0.6364051016773528,1.8355675822729376,1.1611978571837513,2.574559822641487,2.400863645833333,3,False
2023-03-24,2023-03-24 03:00:00,oslo,0.49313723114118513,0.6495721700119372,6.701241653071075,4.686612977042179,9.745535014574468,9.012385000000002,3,False
2023-03-24,2023-03-24 03:00:00,stavanger,0.47797912817033344,0.6065245140859286,3.2261385679206387,2.119507677997058,4.511671932419199,4.239219,3,False
2023-03-24,2023-03-24 03:00:00,tromsø,1.1885617713146235,0.864771755725127,1.3168398080125499,0.5578214006110301,1.7992279999999998,1.979845,3,False
2023-03-24,2023-03-24 03:00:00,trondheim,0.5199753830836836,0.77617033875422,2.2303844423712507,1.1345463098168456,3.110985635994142,2.8203205944444445,3,False
2023-03-24,2023-03-24 04:00:00,bergen,0.48601076478325317,0.6104623029071677,1.8356285842111084,1.1611410744654977,2.544461438529419,2.3999556458333333,4,False
2023-03-24,2023-03-24 04:00:00,oslo,0.5175947900165051,0.6268176821907256,6.7015456165540535,4.68641190026004,9.639071461666086,9.127208,4,False
2023-03-24,2023-03-24 04:00:00,stavanger,0.4655642924249893,0.6019332677314827,3.226242595361768,2.119400952119217,4.501980536104104,4.21296,4,False
2023-03-24,2023-03-24 04:00:00,tromsø,1.1931766271470214,0.9340294537719016,1.316887521476834,0.5578046563940585,1.8378934999999998,1.982447,4,False
2023-03-24,2023-03-24 04:00:00,trondheim,0.5739317623251796,0.7563404878513464,2.2304867691270513,1.1345161011466576,3.088567230543522,2.8816215944444443,4,False
2023-03-24,2023-03-24 05:00:00,bergen,0.6226754885020679,0.8112429809870775,1.8356921879101822,1.1610854630915028,2.7776146201692944,2.5586716458333334,5,False
2023-03-24,2023-03-24 05:00:00,oslo,0.6653511375585067,0.7751716327092467,6.7018705122451445,4.686222524840396,10.334497278064523,9.819854,5,False
2023-03-24,2023-03-24 05:00:00,stavanger,0.5972009529278,0.744517293976248,3.226355265937789,2.119297914474734,4.804209214352024,4.492001999999999,5,False
2023-03-24,2023-03-24 05:00:00,tromsø,1.3411467066033431,1.054742652046188,1.3169389243575824,0.5577906368923955,1.9052645,2.065018,5,False
2023-03-24,2023-03-24 05:00:00,trondheim,0.7737543066742012,0.9494654178089785,2.2305985287874828,1.1344932856400602,3.3077606702392033,3.108417594444444,5,False
2023-03-24,2023-03-24 06:00:00,bergen,0.8251255252616536,0.9891478906604746,1.8357709231885806,1.1610375552749546,2.9842087719663963,2.7937726458333336,6,False
2023-03-24,2023-03-24 06:00:00,oslo,0.8227213640914808,0.9191196953232533,6.702237286007238,4.686058831412675,11.009286251402095,10.557558000000004,6,False
2023-03-24,2023-03-24 06:00:00,stavanger,0.7692115108729926,0.9244598221310921,3.226488342383394,2.119204711024873,5.18560795259682,4.856605,6,False
2023-03-24,2023-03-24 06:00:00,tromsø,1.5467055207931348,1.1903815808174325,1.3169950183353438,0.5577803725833094,1.9809665,2.179717,6,False
2023-03-24,2023-03-24 06:00:00,trondheim,1.0097179836518577,1.1406975687969882,2.230716274392508,1.1344755056347449,3.5248097255297957,3.376216594444444,6,False
2023-03-24,2023-03-24 07:00:00,bergen,0.7184167619344007,0.9748500648742016,1.8358706183668034,1.1610030161610994,2.967674483990595,2.669954645833333,7,False
2023-03-24,2023-03-24 07:00:00,oslo,0.777133213194641,0.9075580708745837,6.702669348932578,4.685941340864225,10.955433232478775,10.344269999999998,7,False
2023-03-24,2023-03-24 07:00:00,stavanger,0.6889578146245885,0.9173105909401946,3.226668616012343,2.119140465491645,5.170578608697763,4.686667,7,False
2023-03-24,2023-03-24 07:00:00,tromsø,1.3707802554997093,1.1765361266523555,1.3170537053431433,0.5577723282701741,1.973293,2.081637,7,False
2023-03-24,2023-03-24 07:00:00,trondheim,0.9552759036463143,1.0815461487368203,2.230852277808266,1.1344746711390163,3.4578389892181396,3.314588594444445,7,False
2023-03-24,2023-03-24 08:00:00,bergen,0.6337036461460164,0.8704523726274446,1.8359970162234684,1.1609900528177504,2.8465835622955415,2.571720645833333,8,False
2023-03-24,2023-03-24 08:00:00,oslo,0.6721615191605739,0.8111081929785854,6.703191410033767,4.685899891888634,10.503963203822106,9.852873,8,False
2023-03-24,2023-03-24 08:00:00,stavanger,0.6294030640053702,0.9027345877352098,3.2269006411430694,2.1191179947060923,5.139901750456338,4.56068,8,False
2023-03-24,2023-03-24 08:00:00,tromsø,1.182008089553216,1.0487498818740157,1.3171151664254703,0.5577667694505635,1.9020730000000001,1.9764,8,False
2023-03-24,2023-03-24 08:00:00,trondheim,0.8024399593282285,1.0439562748235276,2.2310003702246477,1.1344864044182346,3.415354570819046,3.141357594444444,8,False
2023-03-24,2023-03-24 09:00:00,bergen,0.5542391766954697,0.7059136738384706,1.8361411515942159,1.1609942445347488,2.65570286405906,2.479609645833334,9,False
2023-03-24,2023-03-24 09:00:00,oslo,0.6056135008012902,0.7887844333919257,6.703772762691426,4.685916403042199,10.399950677586999,9.541627000000002,9,False
2023-03-24,2023-03-24 09:00:00,stavanger,0.6177344178379406,0.8698406292680145,3.2271596965342253,2.119121528062889,5.070457699999845,4.536214000000001,9,False
2023-03-24,2023-03-24 09:00:00,tromsø,1.0305933331761699,0.9988279849763163,1.3171773357048113,0.5577618695859814,1.8742855,1.892003,9,False
2023-03-24,2023-03-24 09:00:00,trondheim,0.7001169547297088,1.0990882043891217,2.2311505830817824,1.1345004659533027,3.47806666308502,3.0254335944444444,9,False
2023-03-24,2023-03-24 10:00:00,bergen,0.5583203132666026,0.6870425837238895,1.8362899196788844,1.1610032999908466,2.633948626616558,2.4845016458333333,10,False
2023-03-24,2023-03-24 10:00:00,oslo,0.584868159980117,0.7927933465873725,6.704388007475283,4.685968873083958,10.419392952371773,9.445062,10,False
2023-03-24,2023-03-24 10:00:00,stavanger,0.6417889554381,0.8649044602917948,3.227424283018849,2.119130760130889,5.060269929397596,4.587458999999999,10,False
2023-03-24,2023-03-24 10:00:00,tromsø,0.9467958258863213,0.9248507174106569,1.3172376343139618,0.5577552744190521,1.833078,1.845318,10,False
2023-03-24,2023-03-24 10:00:00,trondheim,0.695516668855514,1.022882560805591,2.2312945150821877,1.1345077906769439,3.3917627492637132,3.0203635944444445,10,False
2023-03-24,2023-03-24 11:00:00,bergen,0.4822699810834166,0.7166813081024068,1.8364494917977698,1.1610242727065248,2.6685338862997274,2.396376645833333,11,False
2023-03-24,2023-03-24 11:00:00,oslo,0.5775414136122693,0.7833041900897113,6.704996064737794,4.686013628589961,10.375570174829804,9.411363,11,False
2023-03-24,2023-03-24 11:00:00,stavanger,0.6450288709283457,0.8323896016004345,3.2276940256007634,2.119145415044659,4.991648633363175,4.594604,11,False
2023-03-24,2023-03-24 11:00:00,tromsø,0.788242361775453,0.8497712589938102,1.3172949283905968,0.5577460600051378,1.7912515,1.7569340000000002,11,False
2023-03-24,2023-03-24 11:00:00,trondheim,0.6550970005151648,1.0151514515649667,2.2314322890519724,1.1345087900082165,3.383130534042027,2.974645594444444,11,False
2023-03-24,2023-03-24 12:00:00,bergen,0.5160177900519827,0.7194128639672269,1.8366175253264625,1.1610551652618724,2.671895546991448,2.4357426458333333,12,False
2023-03-24,2023-03-24 12:00:00,oslo,0.5529360035210324,0.7709910460607362,6.705603147179363,4.686057403245357,10.318511446408158,9.296692999999998,12,False
2023-03-24,2023-03-24 12:00:00,stavanger,0.6581459974815247,0.8173454231662588,3.2279622877722196,2.1191585416683054,4.960046822768493,4.622678,12,False
2023-03-24,2023-03-24 12:00:00,tromsø,0.8073304038225049,0.8248396217923073,1.3173497471070397,0.5577347895744001,1.7773915,1.767626,12,False
2023-03-24,2023-03-24 12:00:00,trondheim,0.6666806766292442,0.9829863149711873,2.231566917825525,1.1345066733343236,3.346771451956652,2.9879205944444447,12,False
2023-03-24,2023-03-24 13:00:00,bergen,0.5331649691519235,0.7613067246998894,1.8367841336331405,1.1610843697868618,2.720725472295811,2.455833645833333,13,False
2023-03-24,2023-03-24 13:00:00,oslo,0.5941351710464134,0.7998283146154261,6.706204853199952,4.6860954922033144,10.454276712855876,9.490378999999995,13,False
2023-03-24,2023-03-24 13:00:00,stavanger,0.7086738303607819,0.8508568274556995,3.2282282093959664,2.119169251444597,5.031337835521786,4.730028,13,False
2023-03-24,2023-03-24 13:00:00,tromsø,0.8637574246738902,0.836147928798811,1.317406080752079,0.5577247795349487,1.7837465,1.7991449999999996,13,False
2023-03-24,2023-03-24 13:00:00,trondheim,0.7399062288185551,1.0663872582234697,2.2317061689616726,1.1345092023662673,3.441532326702332,3.0711365944444444,13,False
2023-03-24,2023-03-24 14:00:00,bergen,0.6475855576808924,0.8395342953819375,1.8369538415762834,1.1611173154475611,2.8117516488563186,2.588876645833333,14,False
2023-03-24,2023-03-24 14:00:00,oslo,0.7068110210398817,0.8524655623463679,6.70680743263437,4.686134580205904,10.701575782780356,10.019019000000002,14,False
2023-03-24,2023-03-24 14:00:00,stavanger,0.7961545815055017,0.9171501651169454,3.2284963190357114,2.119182279619439,5.1721046967015845,4.915693000000001,14,False
2023-03-24,2023-03-24 14:00:00,tromsø,0.9729107927547581,0.9523262717600046,1.3174734213063388,0.5577249042096285,1.8486095,1.86009,14,False
2023-03-24,2023-03-24 14:00:00,trondheim,0.9164710183663984,1.1993910817157878,2.2318630059616105,1.1345307900038184,3.5926091174241574,3.2716275944444444,14,False
2023-03-24,2023-03-24 15:00:00,bergen,0.8693757628432932,1.0013020343019574,1.8371327609405752,1.1611617531080403,2.999806386481283,2.8466186458333333,15,False
2023-03-24,2023-03-24 15:00:00,oslo,0.8820123930557503,0.9517765769085176,6.707446903120858,4.6862143088026675,11.167675916612776,10.840745999999998,15,False
2023-03-24,2023-03-24 15:00:00,stavanger,0.9727944622571597,1.0678526389267688,3.2287639741364424,2.1191948616567946,5.491751799556699,5.290305,15,False
2023-03-24,2023-03-24 15:00:00,tromsø,1.1328201816167747,1.1780655833621092,1.3175511374864444,0.5577362345467943,1.9746009999999998,1.949366,15,False
2023-03-24,2023-03-24 15:00:00,trondheim,1.1434358585369178,1.3345370404824135,2.2320278846926005,1.1345618558891457,3.7461427060951356,3.5293265944444445,15,False
2023-03-24,2023-03-24 16:00:00,bergen,0.9419679993402359,1.177377948236346,1.8373134350230922,1.1612084609842002,3.204494670291355,2.9311346458333336,16,False
2023-03-24,2023-03-24 16:00:00,oslo,0.9967407882428472,1.04613315730313,6.708123906746988,4.686337860706616,11.610657329157196,11.379188,16,False
2023-03-24,2023-03-24 16:00:00,stavanger,1.0586537471695947,1.1501501559904992,3.2290393613684736,2.1192156969450733,5.666455625787364,5.472555,16,False
2023-03-24,2023-03-24 16:00:00,tromsø,1.2509754734135392,1.2437409972127371,1.317627461807229,0.5577459774562031,2.011319,2.015354,16,False
2023-03-24,2023-03-24 16:00:00,trondheim,1.3324446900736844,1.400136274411109,2.2321997662238955,1.1346015631890478,3.8207965718484296,3.743993594444444,16,False
2023-03-24,2023-03-24 17:00:00,bergen,1.0046750106764797,1.21386124012642,1.8374908158459824,1.1612509693077642,3.247088357547912,3.004170645833333,17,False
2023-03-24,2023-03-24 17:00:00,oslo,1.0742955565403773,1.1274504454712808,6.708830417780991,4.686497632395057,11.992624261124902,11.743514000000001,17,False
2023-03-24,2023-03-24 17:00:00,stavanger,1.0884864607879878,1.1515973231006804,3.229337225919568,2.1192617980847275,5.6698734395434744,5.536125,17,False
2023-03-24,2023-03-24 17:00:00,tromsø,1.3918804558341735,1.3842392215162125,1.3177101763642936,0.5577632909360993,2.0897880000000004,2.09405,17,False
2023-03-24,2023-03-24 17:00:00,trondheim,1.3639713373003584,1.5658448725490055,2.2323827484944916,1.134655695194531,4.009077550923375,3.780020594444444,17,False
2023-03-24,2023-03-24 18:00:00,bergen,1.0549929251473904,1.2710688538679669,1.8376803750883322,1.1613094661974488,3.3137846672739437,3.062853645833333,18,False
2023-03-24,2023-03-24 18:00:00,oslo,1.0876905727778747,1.1388530393396243,6.7095466002168145,4.6866696534513546,12.046974579430675,11.807193000000002,18,False
2023-03-24,2023-03-24 18:00:00,stavanger,1.0701650547008157,1.1671569757911808,3.229636256005581,2.1193092916199565,5.703202879578879,5.497646999999999,18,False
2023-03-24,2023-03-24 18:00:00,tromsø,1.5816784457938815,1.4450875048942076,1.3177970750421586,0.5577858933994803,2.1238465,2.200035,18,False
2023-03-24,2023-03-24 18:00:00,trondheim,1.514576053189251,1.591382757619475,2.232580683672275,1.1347306773755133,4.038371518189534,3.951216594444445,18,False
2023-03-24,2023-03-24 19:00:00,bergen,1.0041045235326858,1.1641809879282596,1.837861295029407,1.1613565355738247,3.189890493950683,3.003984645833333,19,False
2023-03-24,2023-03-24 19:00:00,oslo,0.9795343447261068,1.0544308570646426,6.710227417559918,4.686797974116736,11.652131822296658,11.301107,19,False
2023-03-24,2023-03-24 19:00:00,stavanger,1.0021962602897692,1.1035174873554965,3.229934475895259,2.119355866974217,5.5686807370307765,5.353945,19,False
2023-03-24,2023-03-24 19:00:00,tromsø,1.5219251013916835,1.4233569372770998,1.3178827090208358,0.5578068790657786,2.111841,2.1668229999999995,19,False
2023-03-24,2023-03-24 19:00:00,trondheim,1.458905608299521,1.5328328754490974,2.232784539737645,1.1348143740680574,3.9722653198413527,3.8883715944444446,19,False
2023-03-24,2023-03-24 20:00:00,bergen,0.9424034542385493,1.1075396296400568,1.8380343002498793,1.1613936055315053,3.124323743986573,2.932535645833333,20,False
2023-03-24,2023-03-24 20:00:00,oslo,0.9045580211973624,0.9988250432294583,6.7108494944605015,4.686858560966195,11.39220119922792,10.950385,20,False
2023-03-24,2023-03-24 20:00:00,stavanger,0.9376568319433952,1.063596825325606,3.23021824317899,2.119385994023214,5.484390458061634,5.217475,20,False
2023-03-24,2023-03-24 20:00:00,tromsø,1.4381022954865377,1.357295047610128,1.3179629802504818,0.5578212497589523,2.075091,2.1201670000000004,20,False
2023-03-24,2023-03-24 20:00:00,trondheim,1.3418392789364193,1.4970505566387455,2.2329865162615743,1.1348952904329357,3.9319821425308916,3.755833594444443,20,False
2023-03-24,2023-03-24 21:00:00,bergen,0.8483671046230181,0.9986862111353675,1.8381997797616898,1.1614215835366206,2.998095500554716,2.8235116458333334,21,False
2023-03-24,2023-03-24 21:00:00,oslo,0.8372545067418663,0.9084807812565304,6.711404405659241,4.686849175182276,10.96931680596036,10.63549,21,False
2023-03-24,2023-03-24 21:00:00,stavanger,0.8352613984301598,0.9753435642435325,3.230471945738511,2.1193844915957842,5.29759996977401,5.000711999999999,21,False
2023-03-24,2023-03-24 21:00:00,tromsø,1.3917416143927028,1.2363011028990074,1.3180361822998194,0.5578275519475266,2.007679,2.0943879999999995,21,False
2023-03-24,2023-03-24 21:00:00,trondheim,1.2452595716100583,1.373938181744846,2.2331704011596094,1.1349506765545265,3.7925224700750184,3.646478594444445,21,False
2023-03-24,2023-03-24 22:00:00,bergen,0.7727468768630681,0.7988557142010901,1.8383357167790353,1.1614177370701078,2.76614091261199,2.735817645833333,22,False
2023-03-24,2023-03-24 22:00:00,oslo,0.7516884627937709,0.781723346417258,6.711858380809054,4.686749622439648,10.375599979482397,10.234834,22,False
2023-03-24,2023-03-24 22:00:00,stavanger,0.7647490097447265,0.8902458522106036,3.2306821647433583,2.1193434899610453,5.117418916090724,4.851448,22,False
2023-03-24,2023-03-24 22:00:00,tromsø,1.3444439479664636,1.1208478690098842,1.3180984573802073,0.5578228409999136,1.943333,2.06806,22,False
2023-03-24,2023-03-24 22:00:00,trondheim,1.1601802283177727,1.246062409429362,2.233324163041777,1.1349688602364334,3.6475661956552843,3.5500925944444446,22,False
2023-03-24,2023-03-24 23:00:00,bergen,0.6340496690941778,0.6565469181142515,1.838433681860178,1.1613821438076941,2.600935549130042,2.5748076458333333,23,False
2023-03-24,2023-03-24 23:00:00,oslo,0.6633094837093151,0.6950404266227315,6.7122128206332015,4.686578822878878,9.969574565087996,9.820865,23,False
2023-03-24,2023-03-24 23:00:00,stavanger,0.6672272100281453,0.817532068957756,3.2308490587887726,2.1192704973041794,4.96342065313099,4.644884,23,False
2023-03-24,2023-03-24 23:00:00,tromsø,1.2552334889927264,0.9604296510986357,1.3181465880582641,0.557806510168558,1.8538804999999998,2.018324,23,False
2023-03-24,2023-03-24 23:00:00,trondheim,1.0097270800924594,1.0558683578833943,2.2334390313975496,1.1349488249259967,3.43179558345385,3.379427594444444,23,False
2023-03-25,2023-03-25 00:00:00,bergen,0.5034487744564932,0.4555760764283291,1.8385091629583934,1.1613326172183698,2.3675845201389807,2.4231806458333334,0,True
2023-03-25,2023-03-25 00:00:00,oslo,0.5597540271717227,0.5044963524103898,6.712502809220029,4.686371269241824,9.076760020593378,9.335717999999998,0,True
2023-03-25,2023-03-25 00:00:00,stavanger,0.5671558752457732,0.5711042688195944,3.2309873675202616,2.1191804315857623,4.441260358397841,4.432893,0,True
2023-03-25,2023-03-25 00:00:00,tromsø,1.1500751802546219,0.8591508249344612,1.3181882938131921,0.5577858884362528,1.7974105,1.959684,0,True
2023-03-25,2023-03-25 00:00:00,trondheim,0.8554933903437869,0.9237691983523286,2.2335337351244453,1.1349133380561025,3.2819317196198963,3.204444594444445,0,True
2023-03-25,2023-03-25 01:00:00,bergen,0.4738104371044939,0.39660853857092454,1.8385765501870461,1.161278968459998,2.299149704741117,2.3888026458333336,1,True
2023-03-25,2023-03-25 01:00:00,oslo,0.5013337593085381,0.44576097001905923,6.712751734023349,4.686144155177067,8.801651898284224,9.062074,1,True
2023-03-25,2023-03-25 01:00:00,stavanger,0.5480375659469159,0.5096882333352459,3.231110201150359,2.119082469908879,4.311181601529905,4.392447,1,True
2023-03-25,2023-03-25 01:00:00,tromsø,1.1278564777392333,0.7938241770337348,1.3182269084125648,0.5577634246942559,1.760993,1.9473040000000004,1,True
2023-03-25,2023-03-25 01:00:00,trondheim,0.7892473456936124,0.8467485597358079,2.2336150565661734,1.1348692431662362,3.19456395370565,3.129307594444444,1,True
2023-03-25,2023-03-25 02:00:00,bergen,0.4325628831376386,0.37748298927011004,1.83864038822503,1.1612236675620502,2.2769825694675534,2.340942645833333,2,True
2023-03-25,2023-03-25 02:00:00,oslo,0.5055660763995494,0.40734064777926915,6.712980579061371,4.685908591434796,8.621741620130864,9.082017,2,True
2023-03-25,2023-03-25 02:00:00,stavanger,0.5338621080463067,0.46138896776767324,3.231225361294625,2.11898095342487,4.208899796114686,4.362468999999999,2,True
2023-03-25,2023-03-25 02:00:00,tromsø,1.1056325555087014,0.790167992963081,1.3182654649819494,0.5577409347668195,1.7589744999999999,1.934922,2,True
2023-03-25,2023-03-25 02:00:00,trondheim,0.7882785005442753,0.7827776815410199,2.2336922189654365,1.1348227496517442,3.122006139897834,3.128248594444445,2,True
2023-03-25,2023-03-25 03:00:00,bergen,0.41293520287778845,0.3669798313793496,1.8387068413904264,1.16116960022131,2.2648326654824693,2.3181946458333336,3,True
2023-03-25,2023-03-25 03:00:00,oslo,0.5200790735971466,0.37287707250600766,6.713200359162555,4.685669477109327,8.460379076517837,9.150119,3,True
2023-03-25,2023-03-25 03:00:00,stavanger,0.5272790219214926,0.3955215458591613,3.2313305757861066,2.1188751643152646,4.069391356258665,4.348569000000001,3,True
2023-03-25,2023-03-25 03:00:00,tromsø,1.0562043077610737,0.7454986279737862,1.318302356876429,0.5577175161993605,1.73408,1.907366,3,True
2023-03-25,2023-03-25 03:00:00,trondheim,0.8137347316318246,0.7965932501337727,2.2337654793884276,1.1347741212965865,3.1377188848397717,3.157170594444445,3,True
2023-03-25,2023-03-25 04:00:00,bergen,0.39500183916693776,0.31168242482856556,1.838775456381336,1.1611165923158213,2.200675091383012,2.297418645833333,4,True
2023-03-25,2023-03-25 04:00:00,oslo,0.4887796571822217,0.36838716942812244,6.7134465836140516,4.6854413491520575,8.439503059749661,9.003595,4,True
2023-03-25,2023-03-25 04:00:00,stavanger,0.49929936393684743,0.40020494260266853,3.2314399184742943,2.118771137989096,4.079382600141411,4.289341,4,True
2023-03-25,2023-03-25 04:00:00,tromsø,1.1047971985394884,0.7436935204506441,1.3183397864533206,0.557694402521294,1.7330935000000003,1.934479,4,True
2023-03-25,2023-03-25 04:00:00,trondheim,0.8326146033854457,0.8958224729190767,2.2338514135938,1.134732896839747,3.25037064334341,3.178646594444444,4,True
2023-03-25,2023-03-25 05:00:00,bergen,0.4005891316469548,0.48300419870056044,1.8388693073604596,1.1610782762892997,2.399674989828201,2.3039846458333333,5,True
2023-03-25,2023-03-25 05:00:00,oslo,0.49675837092257263,0.4445055105825598,6.713804383976903,4.685273066864664,8.796434080782296,9.041253,5,True
2023-03-25,2023-03-25 05:00:00,stavanger,0.4882675995046144,0.46672064181978634,3.2316025879175188,2.1186955946535324,4.220441555674969,4.266093000000001,5,True
2023-03-25,2023-03-25 05:00:00,tromsø,1.1446858913034152,0.8910623389193552,1.3183915913629256,0.5576808568070885,1.8153199999999998,1.956761,5,True
2023-03-25,2023-03-25 05:00:00,trondheim,0.9068590993571141,1.0783577889654543,2.233968276841827,1.1347146633166163,3.4575966722826132,3.2629945944444447,5,True
2023-03-25,2023-03-25 06:00:00,bergen,0.5410508354064064,0.5991624236916104,1.8389939595541656,1.1610640723016428,2.534659923175669,2.4671886458333336,6,True
2023-03-25,2023-03-25 06:00:00,oslo,0.6157189403052657,0.5829698657605299,6.714275100072168,4.6851878529148445,9.4455984337488,9.599034,6,True
2023-03-25,2023-03-25 06:00:00,stavanger,0.5576513308901495,0.6392799379926923,3.2318226558044665,2.1186631838744234,4.586241524619108,4.413298,6,True
2023-03-25,2023-03-25 06:00:00,tromsø,1.1771235853200708,1.0312155267668852,1.3184577681019967,0.5576799582343825,1.893546,1.9749160000000003,6,True
2023-03-25,2023-03-25 06:00:00,trondheim,1.050487806809306,1.2136411327122023,2.2341161827015346,1.134726556573251,3.6112670061397116,3.4261325944444447,6,True
2023-03-25,2023-03-25 07:00:00,bergen,0.7104253197442261,0.727449874809994,1.8391040857942473,1.1610376729478746,2.6837007956298655,2.6639346458333333,7,True
2023-03-25,2023-03-25 07:00:00,oslo,0.7516087864986629,0.5965677690093151,6.714703829224294,4.685069192950382,9.509665105316977,10.236043,7,True
2023-03-25,2023-03-25 07:00:00,stavanger,0.6870467111938393,0.7155584285048765,3.2320050946913206,2.1186010814015983,4.74798795512778,4.687583,7,True
2023-03-25,2023-03-25 07:00:00,tromsø,1.2204482061191877,0.9825592476345227,1.3185138309079976,0.5576698508625896,1.8664575,1.999121,7,True
2023-03-25,2023-03-25 07:00:00,trondheim,1.1163917159271752,1.2846876095878101,2.234238876677691,1.1347134699173893,3.691991211912951,3.501023594444444,7,True
2023-03-25,2023-03-25 08:00:00,bergen,0.8570472128042421,0.8354730309563103,1.8392000905513468,1.1610008648488095,2.809185002049479,2.8342326458333336,8,True
2023-03-25,2023-03-25 08:00:00,oslo,0.8628973744931409,0.7616836749821624,6.715057437950938,4.684898438152795,10.283468097241352,10.757644,8,True
2023-03-25,2023-03-25 08:00:00,stavanger,0.8158694427594584,0.8109555323560751,3.232148244271084,2.1185139008061933,4.950168812503115,4.960578999999999,8,True
2023-03-25,2023-03-25 08:00:00,tromsø,1.2224368396693526,0.9584058569587789,1.3185602142857145,0.557652357645465,1.8530174999999998,2.000255,8,True
2023-03-25,2023-03-25 08:00:00,trondheim,1.167227511899242,1.33082890576677,2.2343435739741997,1.1346854036324092,3.7444157080798446,3.558779594444444,8,True
2023-03-25,2023-03-25 09:00:00,bergen,0.9095205166535335,0.8356516887402056,1.839279491243337,1.16095364013897,2.809432361174556,2.8951906458333334,9,True
2023-03-25,2023-03-25 09:00:00,oslo,0.9169622504928683,0.8343617399734575,6.71538496453048,4.684711974959245,10.624129399231968,11.011088999999998,9,True
2023-03-25,2023-03-25 09:00:00,stavanger,0.8372983659504176,0.8815682245154258,3.232277125689351,2.118419128045551,5.099808115179984,5.006025999999999,9,True
2023-03-25,2023-03-25 09:00:00,tromsø,1.139252725209469,0.854370963785654,1.318594968738728,0.5576278355133769,1.795016,1.953874,9,True
2023-03-25,2023-03-25 09:00:00,trondheim,1.0949768871090555,1.3233678612522253,2.2344264464066237,1.1346423496828406,3.735975665992604,3.476833594444445,9,True
2023-03-25,2023-03-25 10:00:00,bergen,0.9110719725553088,0.7957540826379438,1.8393531857798349,1.1609033006328051,2.7631467268062537,2.8970196458333333,10,True
2023-03-25,2023-03-25 10:00:00,oslo,0.9054110883915192,0.8445302935501411,6.715678549410916,4.684506855470507,10.671886499199072,10.957083,10,True
2023-03-25,2023-03-25 10:00:00,stavanger,0.8562127973623033,0.889272930493959,3.232390044044041,2.1183168034201736,5.116151835536094,5.04612,10,True
2023-03-25,2023-03-25 10:00:00,tromsø,1.049155115051384,0.807811282382562,1.3186243301274343,0.5576007412821068,1.7690605000000001,1.903634,10,True
2023-03-25,2023-03-25 10:00:00,trondheim,0.9897043266571607,1.259085145589225,2.234500023606436,1.1345939798311013,3.6630504498867364,3.3574125944444444,10,True
2023-03-25,2023-03-25 11:00:00,bergen,0.8485827955272086,0.8069149386555727,1.8394219275108186,1.160850447964249,2.7761294955181848,2.8244996458333333,11,True
2023-03-25,2023-03-25 11:00:00,oslo,0.8959034218547937,0.7895040687412308,6.71594926120928,4.6842903335521715,10.414215538713936,10.912621000000003,11,True
2023-03-25,2023-03-25 11:00:00,stavanger,0.8200461349398028,0.8705887520820064,3.2324913790549745,2.1182096310624465,5.0765808584097165,4.969520999999999,11,True
2023-03-25,2023-03-25 11:00:00,tromsø,0.9600840131046605,0.7349234674699632,1.3186469566053614,0.5575710417920302,1.728419,1.853962,11,True
2023-03-25,2023-03-25 11:00:00,trondheim,0.8339975514259901,1.2027103387331164,2.234555473368527,1.1345370492492197,3.5990749121763264,3.180756594444444,11,True
2023-03-25,2023-03-25 12:00:00,bergen,0.8625671136818349,0.8084317558478501,1.8394907624529246,1.1607976556242021,2.7779164493732664,2.8407566458333333,12,True
2023-03-25,2023-03-25 12:00:00,oslo,0.8664779879862119,0.7730011990401641,6.716194290865385,4.684062105913763,10.33697991511532,10.774831,12,True
2023-03-25,2023-03-25 12:00:00,stavanger,0.762907545531776,0.7755980200850849,3.2325730298507613,2.1180954096120344,4.875363635897163,4.848484,12,True
2023-03-25,2023-03-25 12:00:00,tromsø,0.8703230321964961,0.6493516175316694,1.3186667127403846,0.5575404410876958,1.6807065000000003,1.803907,12,True
2023-03-25,2023-03-25 12:00:00,trondheim,0.8086042519810417,1.1339280648955297,2.2345987095609643,1.1344757124836247,3.521012558888498,3.151940594444445,12,True
2023-03-25,2023-03-25 13:00:00,bergen,0.887440108465764,0.7653421342531488,1.8395626975428634,1.160746441888151,2.7279308567042895,2.8696556458333338,13,True
2023-03-25,2023-03-25 13:00:00,oslo,0.843849823864013,0.7576806553787762,6.716432890157433,4.6838311724047985,10.265281162548643,10.668882999999996,13,True
2023-03-25,2023-03-25 13:00:00,stavanger,0.7359360185253905,0.7557650481940396,3.2326454045617514,2.1179784060052382,4.8333394566502355,4.791341999999999,13,True
2023-03-25,2023-03-25 13:00:00,tromsø,0.7802028772849804,0.7008334982369084,1.3186963661819493,0.557513496145658,1.7094205,1.7536700000000005,13,True
2023-03-25,2023-03-25 13:00:00,trondheim,0.7200499451103254,1.1059152394825442,2.234653565934583,1.1344185692350912,3.489224349603654,3.0514915944444443,13,True
2023-03-25,2023-03-25 14:00:00,bergen,0.8708914819752979,0.8212055670214439,1.8396560144075944,1.160707909477993,2.7928358113567446,2.8505066458333337,14,True
2023-03-25,2023-03-25 14:00:00,oslo,0.8889157527271173,0.7594178209003173,6.716698966834895,4.683612615022677,10.273517852876653,10.880036,14,True
2023-03-25,2023-03-25 14:00:00,stavanger,0.8129851040166705,0.7486242362836286,3.232746310905832,2.1178711400582593,4.818235975679084,4.954544,14,True
2023-03-25,2023-03-25 14:00:00,tromsø,0.9218180167937875,0.8502656410795282,1.318739246094689,0.5574937184377826,1.7927570000000002,1.832647,14,True
2023-03-25,2023-03-25 14:00:00,trondheim,0.7186075570640811,1.2078709530956873,2.234732429552525,1.1343732150860588,3.6049088860247416,3.049901594444445,14,True
2023-03-25,2023-03-25 15:00:00,bergen,0.9498466812316436,0.8804227316850565,1.839770609220934,1.1606852541537007,2.8616642913094994,2.9422436458333334,15,True
2023-03-25,2023-03-25 15:00:00,oslo,0.9537055469152692,0.827441763368043,6.717076966117987,4.683458168330068,10.592365851581484,11.183717,15,True
2023-03-25,2023-03-25 15:00:00,stavanger,0.860857649557882,0.8310268751928616,3.2328947155302576,2.117787168884488,4.992832768811871,5.056007999999999,15,True
2023-03-25,2023-03-25 15:00:00,tromsø,1.1584186965209455,1.050856169042036,1.318796905923345,0.5574850406128421,1.9046335,1.964598,15,True
2023-03-25,2023-03-25 15:00:00,trondheim,0.8053098199966092,1.3411363860366754,2.2348492637667374,1.13435513636423,3.756174211832401,3.1483565944444445,15,True
2023-03-25,2023-03-25 16:00:00,bergen,1.0738155732295718,0.9442002351123676,1.8398819152080328,1.160659951016417,2.935777313843243,3.0862166458333333,16,True
2023-03-25,2023-03-25 16:00:00,oslo,1.09482779846843,0.8715301095731697,6.717514007808746,4.683346549442866,10.799191539213812,11.844971999999997,16,True
2023-03-25,2023-03-25 16:00:00,stavanger,0.9565455512352142,0.8436319679983239,3.233053441777791,2.1177094552438023,5.019620837153779,5.258738999999999,16,True
2023-03-25,2023-03-25 16:00:00,tromsø,1.3060607304599696,1.0911843197447693,1.318857096227775,0.5574785971214384,1.9271690000000001,2.046958,16,True
2023-03-25,2023-03-25 16:00:00,trondheim,1.0098001600554778,1.444435829089493,2.234978003474892,1.13434780096155,3.8734706098326317,3.3804425944444443,16,True
2023-03-25,2023-03-25 17:00:00,bergen,1.131696688464689,1.0109894779288393,1.8400050172777778,1.1606445807820693,3.0134044760635783,3.153502645833333,17,True
2023-03-25,2023-03-25 17:00:00,oslo,1.2411624477645553,0.9358857681391306,6.718025117717718,4.683297414251887,11.101056515678849,12.530758000000002,17,True
2023-03-25,2023-03-25 17:00:00,stavanger,1.0867730321206206,0.879284673768676,3.2332379764994994,2.1176491829299158,5.095254447468534,5.534641999999998,17,True
2023-03-25,2023-03-25 17:00:00,tromsø,1.4955641023428001,1.1624727487077149,1.3189216166966966,0.5574761937634425,1.9669725000000002,2.1526630000000004,17,True
2023-03-25,2023-03-25 17:00:00,trondheim,1.2283783754198216,1.5343533072408797,2.2351129269092422,1.1343464647519366,3.975601176658376,3.628519594444444,17,True
2023-03-25,2023-03-25 18:00:00,bergen,1.206840773491995,1.0706783051120188,1.8401559536972536,1.1606565861071072,3.082845780127513,3.240883645833333,18,True
2023-03-25,2023-03-25 18:00:00,oslo,1.215260800122761,0.9743657021602287,6.718600023780928,4.683309932850748,11.28185659493702,12.410043000000002,18,True
2023-03-25,2023-03-25 18:00:00,stavanger,1.1134378574701722,0.9509201447326499,3.2334650158969893,2.1176233305558987,5.247155699878441,5.591307,18,True
2023-03-25,2023-03-25 18:00:00,tromsø,1.4735514089043895,1.2152641697205018,1.3189923899831852,0.5574801157616863,1.9964780000000002,2.1404680000000003,18,True
2023-03-25,2023-03-25 18:00:00,trondheim,1.3653583524050825,1.5492140942902308,2.235265124323071,1.1343633467310141,3.992636809124994,3.784077594444444,18,True
2023-03-25,2023-03-25 19:00:00,bergen,1.1181616624385564,1.1059064564366268,1.840319110259297,1.1606823764138428,3.123925244207573,3.138149645833334,19,True
2023-03-25,2023-03-25 19:00:00,oslo,1.111029452745557,0.9074982501592614,6.71920075585445,4.6833495109307375,10.969332241908326,11.92254,19,True
2023-03-25,2023-03-25 19:00:00,stavanger,1.0110296672043226,0.9047688304396083,3.2337131603648777,2.1176172263622073,5.14966722157938,5.374687000000001,19,True
2023-03-25,2023-03-25 19:00:00,tromsø,1.451269088829318,1.1713115578844793,1.319065303590729,0.5574863425651201,1.9720555000000002,2.128128,19,True
2023-03-25,2023-03-25 19:00:00,trondheim,1.300133987928107,1.5261106634349428,2.23543120207858,1.1343964591804976,3.9666457349967787,3.710298594444444,19,True
2023-03-25,2023-03-25 20:00:00,bergen,1.024799405463238,1.1280300461689208,1.8404979160392652,1.1607273808442296,3.1498332770425117,3.030010645833333,20,True
2023-03-25,2023-03-25 20:00:00,oslo,1.0039888630774825,0.8743127063770785,6.719806763208453,4.6833948161322,10.814558359933375,11.421882999999996,20,True
2023-03-25,2023-03-25 20:00:00,stavanger,0.9141873016932368,0.8491605439649946,3.2339636616664666,2.117613463617261,5.032157462339296,5.169859,20,True
2023-03-25,2023-03-25 20:00:00,tromsø,1.358123407634937,1.1511313477675378,1.319140242915466,0.5574948144094244,1.96089,2.076287,20,True
2023-03-25,2023-03-25 20:00:00,trondheim,1.2334826258748073,1.6977063982426994,2.2356005074811214,1.1344335604005058,4.1615356213543055,3.634904594444444,20,True
2023-03-25,2023-03-25 21:00:00,bergen,0.9578502088435598,1.037086369662384,1.8406652293697723,1.1607581291921503,3.0444716636297597,2.952497645833333,21,True
2023-03-25,2023-03-25 21:00:00,oslo,0.949389142160482,0.7885323340193708,6.720372025333173,4.683397752525831,10.413382586273443,11.166739000000002,21,True
2023-03-25,2023-03-25 21:00:00,stavanger,0.8337121814426689,0.8132614731344878,3.2341990281376316,2.117595269877644,4.956357676820947,4.999663999999999,21,True
2023-03-25,2023-03-25 21:00:00,tromsø,1.2800217704973178,1.0729553495688133,1.319212046344099,0.5574998567240357,1.9173845000000003,2.032824,21,True
2023-03-25,2023-03-25 21:00:00,trondheim,1.1557027482238569,1.637371478539679,2.2357563227154786,1.1344545764418394,4.093279889880159,3.546848594444444,21,True
2023-03-25,2023-03-25 22:00:00,bergen,0.8681524067832196,0.8511258870862486,1.8408088881232492,1.1607624995753933,2.828763900270807,2.848527645833333,22,True
2023-03-25,2023-03-25 22:00:00,oslo,0.8826451234404866,0.6616153561695997,6.720856630372149,4.683325449660827,9.819416665807648,10.854571000000002,22,True
2023-03-25,2023-03-25 22:00:00,stavanger,0.8074802317384704,0.6679620581153324,3.2344049705112043,2.117551566318217,4.648849072914466,4.944285999999999,22,True
2023-03-25,2023-03-25 22:00:00,tromsø,1.1520767972285384,0.9944319627709675,1.3192791505402162,0.5575000303841495,1.873675,1.961562,22,True
2023-03-25,2023-03-25 22:00:00,trondheim,1.124504123661054,1.475926381660562,2.2358902626040416,1.1344523376998492,3.910258396551746,3.5115865944444447,22,True
2023-03-25,2023-03-25 23:00:00,bergen,0.7654367549134224,0.6748051160411859,1.8409235697650344,1.1607400224317594,2.6241968752957465,2.7293966458333334,23,True
2023-03-25,2023-03-25 23:00:00,oslo,0.8287919223983101,0.6050471810544289,6.721252285920057,4.6831835701875715,9.554799303422463,10.602636999999996,23,True
2023-03-25,2023-03-25 23:00:00,stavanger,0.76946476753775,0.5860801980205664,3.2345754750160047,2.1174816492219186,4.4755895392969025,4.863903,23,True
2023-03-25,2023-03-25 23:00:00,tromsø,1.1248588108585875,0.8487963126974221,1.3193347960628976,0.5574897026040527,1.79253,1.946432,23,True
2023-03-25,2023-03-25 23:00:00,trondheim,1.0403390232755905,1.3135027331095446,2.2359996724386164,1.1344281965795202,3.726074209162348,3.416189594444444,23,True
2023-03-26,2023-03-26 00:00:00,bergen,0.7284151734484511,0.7825631689637905,1.8410242469225075,1.1607067366652801,2.749350589004909,2.686500645833333,0,True
2023-03-26,2023-03-26 00:00:00,oslo,0.7770391216473328,0.7988847615074415,6.721624032045127,4.683025431512864,10.462821687032564,10.360518000000004,0,True
2023-03-26,2023-03-26 00:00:00,stavanger,0.7116361316576796,0.6153214062809736,3.2347317822081534,2.1174026314288903,4.537614947042012,4.741552,0,True
2023-03-26,2023-03-26 00:00:00,tromsø,1.0411411733800855,0.7275662899857285,1.3193820094815172,0.5574729012341111,1.7249804999999998,1.89979,0,True
2023-03-26,2023-03-26 00:00:00,trondheim,1.0215987009384742,1.2465751732559094,2.2360871014979065,1.1343881818584378,3.650187245837545,3.394976594444444,0,True
2023-03-26,2023-03-26 01:00:00,bergen,0.6593378948138067,0.7310372014201306,1.8411122893320733,1.1606649072056867,2.6896015148822743,2.606382645833333,1,True
2023-03-26,2023-03-26 01:00:00,oslo,0.7563360025008027,0.7338026333395106,6.7219742728909155,4.68285354048755,10.15826453244393,10.263785,1,True
2023-03-26,2023-03-26 01:00:00,stavanger,0.6719597420287595,0.5398427988106289,3.234874228052122,2.1173154922233204,4.377891749339064,4.657625,1,True
2023-03-26,2023-03-26 01:00:00,tromsø,1.0049405036937276,0.7036415700299017,1.3194295475819033,0.5574563373244533,1.7116790000000002,1.87964,1,True
2023-03-26,2023-03-26 01:00:00,trondheim,1.046182693868301,1.19896534074768,2.2361651327583103,1.1343424706235163,3.5962024395739998,3.4228945944444447,1,True
2023-03-26,2023-03-26 02:00:00,bergen,0.6588295972724614,0.7297822430175472,1.8412013671286296,1.1606237513772149,2.6882039717081336,2.6058546458333334,2,True
2023-03-26,2023-03-26 02:00:00,oslo,0.7426640768646608,0.713376795164441,6.722324511279098,4.6826817090745765,10.062840981673865,10.199984,2,True
2023-03-26,2023-03-26 02:00:00,stavanger,0.6761595332918011,0.4904199369473846,3.235012431288497,2.117226036497653,4.273342290611037,4.666595,2,True
2023-03-26,2023-03-26 02:00:00,tromsø,0.9505246966062982,0.6389048235537215,1.319470728701704,0.5574355649990642,1.6756190000000002,1.849327,2,True
2023-03-26,2023-03-26 02:00:00,trondheim,1.0443959366344089,1.1730023969028935,2.2362358351175238,1.1342927694112697,3.566763972426564,3.420886594444444,2,True
2023-03-26,2023-03-26 03:00:00,bergen,0.6740342886340709,0.7885860272969587,1.841289553724755,1.1605820435245973,2.756508336780003,2.623561645833333,3,True
2023-03-26,2023-03-26 03:00:00,oslo,0.7507894093655446,0.7212702418214605,6.722682473545291,4.6825148072154565,10.100041060878153,10.238265,3,True
2023-03-26,2023-03-26 03:00:00,stavanger,0.6649221293841089,0.49639905848010346,3.2351523824065187,2.117137564510611,4.286097476102445,4.6428840000000005,3,True
2023-03-26,2023-03-26 03:00:00,tromsø,0.9525664475402071,0.6480883728107156,1.3195140662267546,0.5574161625620697,1.6807689999999997,1.85049,3,True
2023-03-26,2023-03-26 03:00:00,trondheim,1.05804846782919,1.1896394716527086,2.2363038750406585,1.1342417251130366,3.585642601630588,3.436386594444444,3,True
2023-03-26,2023-03-26 04:00:00,bergen,0.6931370458198186,0.812937844372281,1.8413793999450176,1.1605414120332902,2.7848274337481236,2.6457936458333333,4,True
2023-03-26,2023-03-26 04:00:00,oslo,0.7476997935638522,0.7448819939985197,6.723071136036468,4.682368370434158,10.210883024441063,10.224077,4,True
2023-03-26,2023-03-26 04:00:00,stavanger,0.6816669416996695,0.5805764062993739,3.2353004600957695,2.1170537275959718,4.464411905206132,4.678426000000001,4,True
2023-03-26,2023-03-26 04:00:00,tromsø,0.9136231444760314,0.6856942806225976,1.3195586587092132,0.557397592617737,1.7017630000000001,1.82881,4,True
2023-03-26,2023-03-26 04:00:00,trondheim,1.1357487727241662,1.2455276837854523,2.236383057828495,1.1341967233882273,3.649056475667283,3.5245455944444446,4,True
2023-03-26,2023-03-26 05:00:00,bergen,0.7706996108835216,0.9116788906425822,1.8414959051922155,1.1605205556231861,2.899517997910675,2.7359086458333333,5,True
2023-03-26,2023-03-26 05:00:00,oslo,0.7970002392622815,0.7696796159226268,6.723565042221423,4.6823046894349725,10.327439517218446,10.455362999999998,5,True
2023-03-26,2023-03-26 05:00:00,stavanger,0.7270063446236905,0.6409851029186997,3.2354928442315383,2.116999620636198,4.59245806394388,4.774565,5,True
2023-03-26,2023-03-26 05:00:00,tromsø,0.9847320112260813,0.7981777985682899,1.3196146132901523,0.5573875739313534,1.7645089999999999,1.868492,5,True
2023-03-26,2023-03-26 05:00:00,trondheim,1.1617957614587155,1.2857263976671869,2.2364909660132875,1.134171488779339,3.6947251886183774,3.5541665944444447,5,True
2023-03-26,2023-03-26 06:00:00,bergen,0.8815436365411391,1.0729582946571115,1.8416419477372672,1.1605275742334995,3.0868396346893974,2.864697645833333,6,True
2023-03-26,2023-03-26 06:00:00,oslo,0.8802162615855944,0.9461405794264144,6.724174931638283,4.682355062308657,11.1543410633712,10.845659999999992,6,True
2023-03-26,2023-03-26 06:00:00,stavanger,0.8144062199482088,0.815862763775127,3.235735953389102,2.1169890459831455,4.9629084873265805,4.959825,6,True
2023-03-26,2023-03-26 06:00:00,tromsø,0.9974166087507682,0.9328621738084535,1.3196839022547373,0.5573900543340381,1.839652,1.875634,6,True
2023-03-26,2023-03-26 06:00:00,trondheim,1.2670443910292863,1.427367245321635,2.2366283062181846,1.134172802784653,3.855509415447633,3.673675594444444,6,True
2023-03-26,2023-03-26 07:00:00,bergen,0.9628761187598407,1.0971665339842018,1.8417655326632891,1.1605128545604235,3.1150413989454613,2.9591956458333333,7,True
2023-03-26,2023-03-26 07:00:00,oslo,0.9616731493891271,1.0430417038544044,6.7247233384098815,4.68234208727823,11.608601407153756,11.227605999999996,7,True
2023-03-26,2023-03-26 07:00:00,stavanger,0.988482550645639,0.9067482600979712,3.2359535630601193,2.1169553631200593,5.155499155274302,5.328527,7,True
2023-03-26,2023-03-26 07:00:00,tromsø,1.089100711678722,0.906182734910296,1.3197470308190429,0.5573864406398747,1.824841,1.926797,7,True
2023-03-26,2023-03-26 07:00:00,trondheim,1.3880238169661794,1.4518788993593268,2.236755970001399,1.1341647061099407,3.883425775200494,3.811003594444444,7,True
2023-03-26,2023-03-26 08:00:00,bergen,1.055610367590745,1.069201857199427,1.8418751341157074,1.1604864345104282,3.0826693851489986,3.0668966458333333,8,True
2023-03-26,2023-03-26 08:00:00,oslo,1.0499119267453705,1.0774787805719033,6.725192312829736,4.682257208382493,11.77022510004171,11.64115,8,True
2023-03-26,2023-03-26 08:00:00,stavanger,1.0510329504665215,0.9478057838875633,3.2361453870933254,2.1169009134481414,5.24255631677634,5.461078,8,True
2023-03-26,2023-03-26 08:00:00,tromsø,1.0767463703644602,0.8572136134453638,1.3198008370503598,0.5573746793745863,1.79759,1.9199520000000003,8,True
2023-03-26,2023-03-26 08:00:00,trondheim,1.4025468062365287,1.2742616019219672,2.2368521670786703,1.134130725828711,3.682031402562087,3.827523594444445,8,True
2023-03-26,2023-03-26 09:00:00,bergen,1.0404957762830733,1.0340742123581812,1.841975292431463,1.1604529118947398,3.0419697232777736,3.049421645833333,9,True
2023-03-26,2023-03-26 09:00:00,oslo,1.0645400210874638,1.1398180154439967,6.725623418894617,4.682142035405791,12.062413261717762,11.709950999999998,9,True
2023-03-26,2023-03-26 09:00:00,stavanger,1.0811792403372158,0.9852791381127467,3.236329607524078,2.1168408595804062,5.3220087451733065,5.5250140000000005,9,True
2023-03-26,2023-03-26 09:00:00,tromsø,1.0942382978910263,0.8363538952823192,1.3198511328377893,0.557360191411385,1.7860015000000002,1.929736,9,True
2023-03-26,2023-03-26 09:00:00,trondheim,1.314098647248794,1.2674864662656142,2.2369277138269457,1.1340837187052868,3.6743634788980764,3.727225594444445,9,True
2023-03-26,2023-03-26 10:00:00,bergen,0.9879766823926839,1.0239568416315772,1.8420700620734436,1.1604156294290084,3.0302855849634898,2.9885336458333334,10,True
2023-03-26,2023-03-26 10:00:00,oslo,1.0532643152873362,1.0910531402134511,6.726040935507072,4.682016653291453,11.834369907612384,11.657442,10,True
2023-03-26,2023-03-26 10:00:00,stavanger,1.0603469494110955,0.9841333884222611,3.236502413972469,2.1167728046693663,5.319689206751825,5.481016,10,True
2023-03-26,2023-03-26 10:00:00,tromsø,0.9822688705755308,0.7973917814247362,1.3198980631742987,0.5573432623441819,1.764319,1.867359,10,True
2023-03-26,2023-03-26 10:00:00,trondheim,1.2184798007186004,1.2310269855013576,2.236995023930113,1.1340323981566334,3.6330195084937484,3.618790594444444,10,True
2023-03-26,2023-03-26 11:00:00,bergen,0.9247869771947088,1.0972938652402222,1.84216175493977,1.1603763000088483,3.115435550309627,2.9152626458333333,11,True
2023-03-26,2023-03-26 11:00:00,oslo,0.9824902009652662,1.1420340001250957,6.726451605177994,4.681886282736196,12.073324924782026,11.326359000000002,11,True
2023-03-26,2023-03-26 11:00:00,stavanger,1.0404062916992023,1.0122643907884097,3.2366721722831517,2.1167027201653528,5.379334961791502,5.438903000000001,11,True
2023-03-26,2023-03-26 11:00:00,tromsø,0.8535187091453962,0.7493046437380516,1.3199415372168284,0.557324002023884,1.737547,1.795628,11,True
2023-03-26,2023-03-26 11:00:00,trondheim,1.1543242204079278,1.2015978124082982,2.2370541492531997,1.1339772847603111,3.5996387739418916,3.5460315944444445,11,True
2023-03-26,2023-03-26 12:00:00,bergen,0.8857284528924911,1.1252662999006189,1.8422588898739611,1.160340680716643,3.147951154288143,2.8700056458333334,12,True
2023-03-26,2023-03-26 12:00:00,oslo,0.9233760178118551,1.137529633792101,6.726853606903164,4.681749698612682,12.05248262707233,11.049868999999996,12,True
2023-03-26,2023-03-26 12:00:00,stavanger,1.0431409717046074,0.9902590213327231,3.2368406423008547,2.1166318048950945,5.332854381937986,5.444786000000001,12,True
2023-03-26,2023-03-26 12:00:00,tromsø,0.7861404568532915,0.6810939429368105,1.3199783412032597,0.5573007405704618,1.6995525,1.7580950000000002,12,True
2023-03-26,2023-03-26 12:00:00,trondheim,1.1353899280889905,1.1509708382470363,2.23710679276293,1.1339195194803653,3.5422150926039224,3.5245475944444444,12,True
2023-03-26,2023-03-26 13:00:00,bergen,0.9199721644060429,1.079035361480076,1.842364551917815,1.1603112955104389,3.0943814700983365,2.909818645833333,13,True
2023-03-26,2023-03-26 13:00:00,oslo,0.9133334071712477,1.1360815720496897,6.727271011503894,4.681624426439477,12.045978249639482,11.003155,13,True
2023-03-26,2023-03-26 13:00:00,stavanger,1.018547869463367,1.0122107598613908,3.2370262228110644,2.11657286007064,5.3794440458051636,5.392857,13,True
2023-03-26,2023-03-26 13:00:00,tromsø,0.8302499227273923,0.7241004006390651,1.3200193674056322,0.5572799465905963,1.7235459999999998,1.782701,13,True
2023-03-26,2023-03-26 13:00:00,trondheim,1.160723737472217,1.2047234591168974,2.2371634513371284,1.1338633824905453,3.6031552676571237,3.553265594444444,13,True
2023-03-26,2023-03-26 14:00:00,bergen,0.8963216758211614,1.05132888043293,1.8424949673376467,1.1603029431848677,3.062354961559227,2.882499645833333,14,True
2023-03-26,2023-03-26 14:00:00,oslo,0.945160663160849,1.1298244345111261,6.72775198250659,4.68155012153779,12.017081701208518,11.152569000000002,14,True
2023-03-26,2023-03-26 14:00:00,stavanger,0.990039488297618,1.0603221214018888,3.237253772748422,2.1165481296657687,5.48147657564483,5.33272,14,True
2023-03-26,2023-03-26 14:00:00,tromsø,0.94491987740205,0.9018167565042136,1.320073170021567,0.5572682325470683,1.822627,1.846647,14,True
2023-03-26,2023-03-26 14:00:00,trondheim,1.1834014158858406,1.1867925752280322,2.237242940450848,1.1338186992020904,3.5828505543185942,3.579005594444444,14,True
2023-03-26,2023-03-26 15:00:00,bergen,0.9173448595664654,1.1299769935371038,1.8426500820709037,1.1603199741757622,3.153784958031081,2.907063645833333,15,True
2023-03-26,2023-03-26 15:00:00,oslo,0.9805061193018088,1.2016681823382542,6.728361606205822,4.681600964472133,12.354092527616068,11.318699999999998,15,True
2023-03-26,2023-03-26 15:00:00,stavanger,0.9831375360100175,1.1240604588621017,3.2375318469340284,2.1165738025943592,5.6166887666937475,5.318415,15,True
2023-03-26,2023-03-26 15:00:00,tromsø,0.9449415510083397,1.0652564569420477,1.3201384662753084,0.5572667782073688,1.9137705,1.846723,15,True
2023-03-26,2023-03-26 15:00:00,trondheim,1.1754035073623224,1.222528720231857,2.237356330849074,1.133798100182604,3.623457071266624,3.5700265944444447,15,True
2023-03-26,2023-03-26 16:00:00,bergen,1.0483407024107465,1.214255973222162,1.8428234745677607,1.1603586205021346,3.2517958605923054,3.0592746458333333,16,True
2023-03-26,2023-03-26 16:00:00,oslo,1.0497829527007267,1.257669343319468,6.729021697412554,4.681709004650371,12.617063586904026,11.643800000000002,16,True
2023-03-26,2023-03-26 16:00:00,stavanger,1.057309100592491,1.1634281542156502,3.2378127653759385,2.1166026409590097,5.700327869154849,5.475716,16,True
2023-03-26,2023-03-26 16:00:00,tromsø,1.0839566966911682,1.0863101358877267,1.320207940344993,0.5572695491424319,1.9255755000000003,1.924264,16,True
2023-03-26,2023-03-26 16:00:00,trondheim,1.3107553689683586,1.2738981360734047,2.2374840076894666,1.1337901960490484,3.6818172251346493,3.723605594444445,16,True
2023-03-26,2023-03-26 17:00:00,bergen,1.1552828846876508,1.283323750954382,1.8429884133833392,1.160386992846726,3.3321406016020756,3.1835636458333334,17,True
2023-03-26,2023-03-26 17:00:00,oslo,1.2133077676222932,1.3658609278906801,6.7297054843693855,4.681845503027374,13.124455327375163,12.410225,17,True
2023-03-26,2023-03-26 17:00:00,stavanger,1.1518897776453416,1.1544519560101523,3.238107599635685,2.1166473109504427,5.6816752279460525,5.676252000000001,17,True
2023-03-26,2023-03-26 17:00:00,tromsø,1.1863823497394208,1.1751204714471053,1.3202829020241946,0.5572782654099839,1.975152,1.981428,17,True
2023-03-26,2023-03-26 17:00:00,trondheim,1.4962770631385494,1.3601511570223848,2.23762788918267,1.1337985103529504,3.779765244869492,3.934104594444445,17,True
2023-03-26,2023-03-26 18:00:00,bergen,1.342578122425987,1.4468559040876585,1.8431657849081835,1.1604306929342478,3.5221417842646328,3.401134645833333,18,True
2023-03-26,2023-03-26 18:00:00,oslo,1.308403465407884,1.459982969900239,6.7304159851497,4.682015278017153,13.566078555867477,12.856381,18,True
2023-03-26,2023-03-26 18:00:00,stavanger,1.3296582555856753,1.2254713727657605,3.238414289983034,2.1167060770643373,5.832376991984695,6.052909999999999,18,True
2023-03-26,2023-03-26 18:00:00,tromsø,1.370922456176466,1.287982405056862,1.3203687579640717,0.5573001146737243,2.0381615,2.084384,18,True
2023-03-26,2023-03-26 18:00:00,trondheim,1.6162875723874934,1.5523589854757671,2.237802805195276,1.1338432718022613,3.9979345962987587,4.070419594444446,18,True
2023-03-26,2023-03-26 19:00:00,bergen,1.3334094577724749,1.5009953832446468,1.8433457126846087,1.1604776943263306,3.5852173742268234,3.390737645833333,19,True
2023-03-26,2023-03-26 19:00:00,oslo,1.3410778512839396,1.476452174239079,6.7311400231110055,4.682202432079036,13.644187984181603,13.010337999999996,19,True
2023-03-26,2023-03-26 19:00:00,stavanger,1.3330362580186383,1.2767400803457936,3.238724297252824,2.116768906902247,5.9412880015246765,6.060453999999999,19,True
2023-03-26,2023-03-26 19:00:00,tromsø,1.3899102243316712,1.3230162660805136,1.320460537300922,0.5573298542152659,2.057817,2.095099,19,True
2023-03-26,2023-03-26 19:00:00,trondheim,1.634165549981713,1.5570932880395694,2.237988783855227,1.1339027496999636,4.003581144702652,4.090973594444445,19,True
2023-03-26,2023-03-26 20:00:00,bergen,1.2793110265034744,1.5084915039958429,1.8435241106651101,1.1605227379506144,3.594162801057606,3.328193645833333,20,True
2023-03-26,2023-03-26 20:00:00,oslo,1.282793517230718,1.5094574718383742,6.731846178041188,4.6823668355649355,13.799679783872884,12.738356,20,True
2023-03-26,2023-03-26 20:00:00,stavanger,1.2455553076678791,1.2268808461087601,3.2390217292095707,2.1168166957813392,5.83610358798693,5.875634,20,True
2023-03-26,2023-03-26 20:00:00,tromsø,1.3560311902060238,1.2611806186595285,1.3205493825431034,0.5573556293657731,2.0234755,2.076341,20,True
2023-03-26,2023-03-26 20:00:00,trondheim,1.547664597787939,1.4896479239120006,2.238170112975269,1.1339559514235542,3.9273652418210236,3.9931535944444434,20,True
2023-03-26,2023-03-26 21:00:00,bergen,1.1055401555702535,1.3943348553330328,1.8436871747780237,1.1605489539124902,3.461881032538498,3.126720645833333,21,True
2023-03-26,2023-03-26 21:00:00,oslo,1.1537063090969206,1.4260830004781824,6.732483827367413,4.682449190089993,13.410045017957586,12.134655000000004,21,True
2023-03-26,2023-03-26 21:00:00,stavanger,1.1259731507816204,1.2223539407008286,3.23930529299154,2.1168486169975607,5.826843541845607,5.622819999999999,21,True
2023-03-26,2023-03-26 21:00:00,tromsø,1.2517556378313355,1.178544760021202,1.320634214174548,0.557376188082695,1.977527,2.018333,21,True
2023-03-26,2023-03-26 21:00:00,trondheim,1.3369375485217183,1.3562017978357157,2.238340353784735,1.1339948095077992,3.776266153175582,3.754420594444445,21,True
2023-03-26,2023-03-26 22:00:00,bergen,0.8892780909650568,1.2870649273938228,1.8438233302090814,1.1605462072097814,3.337521650128715,2.875871645833333,22,True
2023-03-26,2023-03-26 22:00:00,oslo,0.9911559420216944,1.2779270559647338,6.733028329303328,4.682433383015616,12.716836637211463,11.37405,22,True
2023-03-26,2023-03-26 22:00:00,stavanger,0.9809814746198012,1.07766111448895,3.2395402054534754,2.1168307947419103,5.520766438899573,5.316112,22,True
2023-03-26,2023-03-26 22:00:00,tromsø,1.0938913882815096,1.0604005164286754,1.3207141298779028,0.5573906849015127,1.9117715,1.930439,22,True
2023-03-26,2023-03-26 22:00:00,trondheim,1.1659757719955326,1.221631181913799,2.2384874009765783,1.1340065764873655,3.62382519530886,3.560711594444445,22,True
2023-03-26,2023-03-26 23:00:00,bergen,0.7504933954744443,1.0629758930298134,1.8439266653755235,1.1605151833577556,3.0775263287798915,2.714885645833333,23,True
2023-03-26,2023-03-26 23:00:00,oslo,0.9348576787630464,1.0747838220031025,6.733481163614602,4.682336077270318,11.76598022864621,11.110799,23,True
2023-03-26,2023-03-26 23:00:00,stavanger,0.9021154676935206,0.9570211546021056,3.239732596093158,2.11677714471424,5.265533103162928,5.14931,23,True
2023-03-26,2023-03-26 23:00:00,tromsø,1.0003140045777446,0.8800687083536877,1.3207840309994017,0.5573939447503395,1.8113289999999997,1.878353,23,True
2023-03-26,2023-03-26 23:00:00,trondheim,1.0322992098610393,1.2113960541842774,2.238607612250482,1.1339919385887578,3.6123209721336824,3.4092265944444446,23,True
2023-03-27,2023-03-27 00:00:00,bergen,0.6464433029835751,0.8913322460917109,1.8440107998873063,1.1604712160891368,2.878376215448816,2.594189645833334,0,False
2023-03-27,2023-03-27 00:00:00,oslo,0.9178489123203543,0.8458392781470927,6.733880508855912,4.6821981629631475,10.694267623158304,11.031430999999998,0,False
2023-03-27,2023-03-27 00:00:00,stavanger,0.8599582429861973,0.7851817019840376,3.2399065954234483,2.116710223342516,4.9019087311945375,5.060188999999999,0,False
2023-03-27,2023-03-27 00:00:00,tromsø,0.9306306483303921,0.7458198029107671,1.3208423940880805,0.5573861196625491,1.736552,1.839563,0,False
2023-03-27,2023-03-27 00:00:00,trondheim,0.9844474506222956,1.0661924948768051,2.2387053100702756,1.1339592414694257,3.4477241428211722,3.355028594444444,0,False
2023-03-27,2023-03-27 01:00:00,bergen,0.6358803542219901,0.844064530245624,1.8440867472183997,1.160422544454536,2.823558257089849,2.581976645833333,1,False
2023-03-27,2023-03-27 01:00:00,oslo,0.9021020522135214,0.8103556048977983,6.73425454349647,4.682042842203643,10.528374203047811,10.957935000000004,1,False
2023-03-27,2023-03-27 01:00:00,stavanger,0.8646907009097118,0.7108723391831467,3.2400650285219976,2.1166331146529926,4.7447209619278805,5.070298,1,False
2023-03-27,2023-03-27 01:00:00,tromsø,0.9569369809683159,0.6952757075779392,1.3208970756252243,0.5573751824650571,1.7084264999999998,1.8542700000000003,1,False
2023-03-27,2023-03-27 01:00:00,trondheim,0.9299498138289037,0.9467968748335504,2.2387918474981054,1.1339189827939977,3.312382796721901,3.2932795944444435,1,False
2023-03-27,2023-03-27 02:00:00,bergen,0.6321884742758276,0.8182699133852611,1.8441520666606843,1.160368480322194,2.7936466825489132,2.577723645833333,2,False
2023-03-27,2023-03-27 02:00:00,oslo,0.913196948502924,0.7973216580241124,6.734595065087341,4.681866208512598,10.46754839310567,11.010061,2,False
2023-03-27,2023-03-27 02:00:00,stavanger,0.8843507418509844,0.7431499142046244,3.2402212931752015,2.1165546861046214,4.813138726563246,5.111998000000001,2,False
2023-03-27,2023-03-27 02:00:00,tromsø,0.9839501954685919,0.6721482554224963,1.3209487181143813,0.5573618303154495,1.6955785,1.869365,2,False
2023-03-27,2023-03-27 02:00:00,trondheim,0.9455412881098334,1.0024697063713877,2.2388682082000613,1.133872629071113,3.3755411697275335,3.310991594444445,2,False
2023-03-27,2023-03-27 03:00:00,bergen,0.6610569946617081,0.8275706627876618,1.8442183679621764,1.1603148957884972,2.80446093531226,2.6112526458333334,3,False
2023-03-27,2023-03-27 03:00:00,oslo,0.9629966803994233,0.7943073063178889,6.734911840890059,4.681675701353371,10.453601056285969,11.243349999999998,3,False
2023-03-27,2023-03-27 03:00:00,stavanger,0.9034932140712124,0.7408772659479432,3.2403641793705384,2.116468381663731,4.808407487442832,5.152579,3,False
2023-03-27,2023-03-27 03:00:00,tromsø,1.0566027434942586,0.6789848990467662,1.3210029169757147,0.5573505147987393,1.6994354999999999,1.909901,3,False
2023-03-27,2023-03-27 03:00:00,trondheim,0.9951224888757553,1.0670890438659317,2.238949000446292,1.1338288568604786,3.4488453512211428,3.367247594444444,3,False
2023-03-27,2023-03-27 04:00:00,bergen,0.8573831093665842,0.8513149577411107,1.8442850334260366,1.1602614998354988,2.832033003127132,2.839073645833333,4,False
2023-03-27,2023-03-27 04:00:00,oslo,1.1754674848208382,0.8451695093172055,6.735245663636364,4.681495156118574,10.691902627603973,12.238191,4,False
2023-03-27,2023-03-27 04:00:00,stavanger,1.0984715332685773,0.771513487506493,3.2405004889184608,2.1163784774321757,4.87331502892584,5.565282,4,False
2023-03-27,2023-03-27 04:00:00,tromsø,1.2369000791997857,0.67923299374563,1.3210566034688995,0.5573387924569386,1.6996195000000003,2.010429,4,False
2023-03-27,2023-03-27 04:00:00,trondheim,1.230211721647486,1.0970301988317521,2.239033271330742,1.1337872161109015,3.482832086453783,3.633831594444444,4,False
2023-03-27,2023-03-27 05:00:00,bergen,1.0657088719278134,1.0238874525873642,1.8443711497533188,1.1602188258443686,3.0323046477910123,3.080826645833333,5,False
2023-03-27,2023-03-27 05:00:00,oslo,1.4044850873461594,1.1144323815021773,6.735679768568353,4.681383441283305,11.952765065762566,13.310613,5,False
2023-03-27,2023-03-27 05:00:00,stavanger,1.354313631031942,0.8897125543240421,3.2406769270850777,2.1163133909617455,5.123587519907828,6.106829000000001,5,False
2023-03-27,2023-03-27 05:00:00,tromsø,1.49885047957671,0.8963785490917563,1.3211249416337758,0.5573404884269316,1.8207129999999996,2.156495,5,False
2023-03-27,2023-03-27 05:00:00,trondheim,1.4608571856949362,1.3286698069537848,2.2391500266618163,1.1337696689322372,3.7455555538120686,3.895425594444444,5,False
2023-03-27,2023-03-27 06:00:00,bergen,1.0359362528004694,1.1830951850265023,1.8444830414653592,1.1601945593842136,3.217103638366767,3.046370645833333,6,False
2023-03-27,2023-03-27 06:00:00,oslo,1.285262351417244,1.3040214949132778,6.7362118933269555,4.681356378359968,12.840801236057729,12.752983000000002,6,False
2023-03-27,2023-03-27 06:00:00,stavanger,1.2013100524949916,1.1050445299845473,3.240903572633142,2.1162883154825316,5.579496399527326,5.783221999999999,6,False
2023-03-27,2023-03-27 06:00:00,tromsø,1.406591578847774,1.091018110081542,1.321204930758192,0.5573551562735839,1.9292894999999999,2.105176,6,False
2023-03-27,2023-03-27 06:00:00,trondheim,1.3701905113517086,1.4562206730006044,2.239299364687143,1.1337841102291353,3.890339224722406,3.792799594444444,6,False
2023-03-27,2023-03-27 07:00:00,bergen,0.8661659379383733,1.0627346462903002,1.84458023560674,1.1601592330199557,3.0775216477506286,2.8494706458333336,7,False
2023-03-27,2023-03-27 07:00:00,oslo,1.11681944125627,1.1290509306250907,6.736679075570968,4.681271413531351,12.022072921527172,11.964814,7,False
2023-03-27,2023-03-27 07:00:00,stavanger,1.040756782586304,0.9547595311210186,3.2410999659641675,2.1162379826750657,5.261598350043504,5.443588999999999,7,False
2023-03-27,2023-03-27 07:00:00,tromsø,1.182101523112165,0.9495192782325309,1.3212760984096616,0.5573598279915439,1.8505,1.980132,7,False
2023-03-27,2023-03-27 07:00:00,trondheim,1.1776634285122494,1.2824105609731726,2.239428227084579,1.1337775590489756,3.69339654260337,3.5746365944444447,7,False
2023-03-27,2023-03-27 08:00:00,bergen,0.7408847187596995,0.8894002309811011,1.8446640349145147,1.1601151827746028,2.8764707464389287,2.7041756458333337,8,False
2023-03-27,2023-03-27 08:00:00,oslo,0.9641278621675982,0.9730921099137118,6.737086600071736,4.681139895471366,11.29226689775722,11.250303999999998,8,False
2023-03-27,2023-03-27 08:00:00,stavanger,0.9122143116054818,0.7997946080956227,3.241283873309222,2.116178295090868,4.933791863491885,5.171692,8,False
2023-03-27,2023-03-27 08:00:00,tromsø,1.007838146619956,0.7728372548265839,1.321333324127212,0.557351076417041,1.7520749999999996,1.883053,8,False
2023-03-27,2023-03-27 08:00:00,trondheim,0.9669834359411935,1.003212380379499,2.2395334966167835,1.133750648748788,3.3769261837048563,3.335851594444444,8,False
2023-03-27,2023-03-27 09:00:00,bergen,0.6662603995155204,0.7977359758851037,1.8447437744974098,1.1600687537454617,2.770172353860362,2.617651645833333,9,False
2023-03-27,2023-03-27 09:00:00,oslo,0.8982480069376042,0.8878942240015153,6.737468644471011,4.680990464831682,10.893693040801228,10.942158999999998,9,False
2023-03-27,2023-03-27 09:00:00,stavanger,0.8238267718971518,0.7249800192648211,3.241463404705121,2.116115492678498,4.775604855353765,4.984775999999999,9,False
2023-03-27,2023-03-27 09:00:00,tromsø,0.8190837495383163,0.6007593636753562,1.3213791649731021,0.5573335269857446,1.6562025,1.7778820000000002,9,False
2023-03-27,2023-03-27 09:00:00,trondheim,0.8006445102814261,0.8427650500770641,2.239630075827522,1.1337172827149784,3.195087378368044,3.147334594444445,9,False
2023-03-27,2023-03-27 10:00:00,bergen,0.62760518584653,0.7172647628612471,1.8448265087636464,1.1600240939495932,2.6768709154237342,2.5728636458333334,10,False
2023-03-27,2023-03-27 10:00:00,oslo,0.8324103387427177,0.8254615905143682,6.737848639254124,4.680839700562841,10.601702023423526,10.634228,10,False
2023-03-27,2023-03-27 10:00:00,stavanger,0.7584672155576655,0.6726082341956285,3.241639315844888,2.116050174924256,4.664912087470043,4.846594,10,False
2023-03-27,2023-03-27 10:00:00,tromsø,0.6235797597136852,0.495901408107512,1.3214163838154436,0.5573106098634807,1.5977875,1.6689440000000002,10,False
2023-03-27,2023-03-27 10:00:00,trondheim,0.6917922235663092,0.7439634832913707,2.239719337543828,1.1336789142519796,3.0831350515247102,3.023989594444444,10,False
2023-03-27,2023-03-27 11:00:00,bergen,0.5590888408269256,0.7023639317541052,1.8449113636862078,1.159980730768849,2.659639990508017,2.4934436458333336,11,False
2023-03-27,2023-03-27 11:00:00,oslo,0.7511117165914659,0.7643324646938561,6.738217332138162,4.680681435534119,10.31581411020673,10.253932,11,False
2023-03-27,2023-03-27 11:00:00,stavanger,0.6643988696915286,0.6697237657967474,3.2418198630761723,2.115988152683867,4.658947417072914,4.647679999999999,11,False
2023-03-27,2023-03-27 11:00:00,tromsø,0.581349709554128,0.4074216614919159,1.3214485012549302,0.5572850444761513,1.5484985,1.645426,11,False
2023-03-27,2023-03-27 11:00:00,trondheim,0.6029101450355032,0.6906239606762178,2.239798118260561,1.1336340610815827,3.022712963482189,2.9232775944444445,11,False
2023-03-27,2023-03-27 12:00:00,bergen,0.5668283709917857,0.7107292914850124,1.8450021126443992,1.15994111592989,2.6694062401335845,2.5024896458333328,12,False
2023-03-27,2023-03-27 12:00:00,oslo,0.7218293491471872,0.7326878522090303,6.738577138862333,4.680517445195701,10.167935413009669,10.117112,12,False
2023-03-27,2023-03-27 12:00:00,stavanger,0.709531244588864,0.6557137968196102,3.2420003231785772,2.1159260966602766,4.629442257809385,4.743316,12,False
2023-03-27,2023-03-27 12:00:00,tromsø,0.6092443784385597,0.3636095508449726,1.321477628585086,0.5572581109160815,1.5241020000000003,1.660984,12,False
2023-03-27,2023-03-27 12:00:00,trondheim,0.5406930988962378,0.6590075872925527,2.239872167911156,1.1335865536003666,2.9869143075866136,2.8527945944444446,12,False
2023-03-27,2023-03-27 13:00:00,bergen,0.6418217451888881,0.7119160907603077,1.845096201129665,1.159903743187411,2.6708503396378944,2.589547645833333,13,False
2023-03-27,2023-03-27 13:00:00,oslo,0.7752640048734802,0.7643220815169968,6.738947861632215,4.6803606456099285,10.316250852535031,10.367462999999995,13,False
2023-03-27,2023-03-27 13:00:00,stavanger,0.7837226210420452,0.6986156915512315,3.2421754211206038,2.1158602984747006,4.720348626765302,4.900423,13,False
2023-03-27,2023-03-27 13:00:00,tromsø,0.6892859083411643,0.48615143891797086,1.3215132285816706,0.5572343301529109,1.5924135,1.705607,13,False
2023-03-27,2023-03-27 13:00:00,trondheim,0.6759042819195545,0.7486864908975246,2.2399494639353565,1.1335408740616266,3.0886162032254685,3.0061145944444445,13,False
2023-03-27,2023-03-27 14:00:00,bergen,0.780299651216132,0.8658860287536335,1.8452176835005973,1.1598876930447934,2.849548231831367,2.7502776458333336,14,False
2023-03-27,2023-03-27 14:00:00,oslo,0.9477197280037336,0.8488763947897123,6.739371094982079,4.680241187297986,10.712317360801915,11.174927999999998,14,False
2023-03-27,2023-03-27 14:00:00,stavanger,0.9251670294989246,0.8272196524727347,3.242376082838511,2.1158135285275685,4.992618614604197,5.199857,14,False
2023-03-27,2023-03-27 14:00:00,tromsø,0.9081898414883854,0.6904139199366096,1.321562869414576,0.5572195453717765,1.7062749999999998,1.827624,14,False
2023-03-27,2023-03-27 14:00:00,trondheim,0.8675711094034582,0.8892152626302268,2.2400663064838047,1.1335235547859968,3.248012751950383,3.2234785944444435,14,False
2023-03-27,2023-03-27 15:00:00,bergen,0.817224590912257,1.0466485922459268,1.8453674122023453,1.159899303290496,3.0593743851383746,2.793265645833333,15,False
2023-03-27,2023-03-27 15:00:00,oslo,1.0539754457446104,1.0573587931089776,6.739929489069406,4.6802404466316885,11.68862287917971,11.672787999999995,15,False
2023-03-27,2023-03-27 15:00:00,stavanger,0.944672454921008,0.9980232808109375,3.242608603793852,2.1157940890456874,5.354220362063618,5.241340999999999,15,False
2023-03-27,2023-03-27 15:00:00,tromsø,0.941482487500132,0.8809760651576359,1.3216231758451797,0.5572135765878988,1.8125149999999999,1.84623,15,False
2023-03-27,2023-03-27 15:00:00,trondheim,0.9213752525245466,1.148030886323093,2.2402244004137963,1.133548129460774,3.541572664168533,3.2846475944444444,15,False
2023-03-27,2023-03-27 16:00:00,bergen,0.7543037273276458,1.1052117481394679,1.8455173430711498,1.1599111486057174,3.1274647713081327,2.7204426458333333,16,False
2023-03-27,2023-03-27 16:00:00,oslo,1.105478083021724,1.1998140031048579,6.740537403129479,4.680291428960741,12.356016598208221,11.914497000000004,16,False
2023-03-27,2023-03-27 16:00:00,stavanger,0.978459953412945,1.0111787171487217,3.242840113755176,2.1157737514180366,5.382265501491005,5.31304,16,False
2023-03-27,2023-03-27 16:00:00,tromsø,0.8823426549631573,0.9467820422763569,1.3216897136884855,0.5572135536528534,1.8492495000000004,1.813343,16,False
2023-03-27,2023-03-27 16:00:00,trondheim,0.9571073487220078,1.2722010313915018,2.240393767254937,1.1335863512470377,3.682543492482748,3.325357594444444,16,False
2023-03-27,2023-03-27 17:00:00,bergen,0.8835761512231514,1.1627161546051439,1.8456667944389706,1.15992249222164,3.1943274142349307,2.870546645833333,17,False
2023-03-27,2023-03-27 17:00:00,oslo,1.2490309917462454,1.3226608904641397,6.741154552848442,4.680352597959574,12.931673887751803,12.587060000000005,17,False
2023-03-27,2023-03-27 17:00:00,stavanger,1.14041578041172,1.0118016542666155,3.2430792672110753,2.1157605622730182,5.383809304150979,5.655925999999999,17,False
2023-03-27,2023-03-27 17:00:00,tromsø,1.0763902344780256,1.0373016647540663,1.3217639836378836,0.5572217186204516,1.8997709999999999,1.921552,17,False
2023-03-27,2023-03-27 17:00:00,trondheim,1.1193792706354928,1.3019270100745273,2.2405625485552103,1.1336238567012449,3.7164580668594165,3.509517594444444,17,False
2023-03-27,2023-03-27 18:00:00,bergen,1.0538547417913666,1.164624174307923,1.8458248229619458,1.1599433720756462,3.1967229149094933,3.068236645833333,18,False
2023-03-27,2023-03-27 18:00:00,oslo,1.3660940415991762,1.4594907359741953,6.741791386195366,4.68043591370898,13.57284424257454,13.135707,18,False
2023-03-27,2023-03-27 18:00:00,stavanger,1.2731512911288703,1.1025430777713017,3.243348259655879,2.115777409262714,5.576083996343383,5.937053,18,False
2023-03-27,2023-03-27 18:00:00,tromsø,1.2659722854206295,1.1962376539295407,1.32185318414139,0.5572482304572844,1.9884545,2.027314,18,False
2023-03-27,2023-03-27 18:00:00,trondheim,1.3221863141806547,1.377825869107593,2.240739772229188,1.133672165669121,3.8027426091753322,3.739665594444444,18,False
2023-03-27,2023-03-27 19:00:00,bergen,1.2049879318381584,1.2871101624779724,1.845991901985572,1.1599748901348277,3.3390073712973782,3.243747645833333,19,False
2023-03-27,2023-03-27 19:00:00,oslo,1.409512567388686,1.4841283371363683,6.742424380179105,4.680514932934009,13.688909224536395,13.339669000000002,19,False
2023-03-27,2023-03-27 19:00:00,stavanger,1.311368278045892,1.1690213186486995,3.243631730311443,2.1158101169132126,5.717058863195586,6.018238,19,False
2023-03-27,2023-03-27 19:00:00,tromsø,1.4061125039911075,1.2216851833821882,1.3219436346268656,0.5572764363797234,2.0027600000000003,2.1055369999999995,19,False
2023-03-27,2023-03-27 19:00:00,trondheim,1.4793051858419144,1.614859115751612,2.2409263671930346,1.1337330817892752,4.071745569149614,3.918063594444445,19,False
2023-03-27,2023-03-27 20:00:00,bergen,1.2255986825452474,1.4213448932576476,1.84615870651564,1.160006092993826,3.4949274429401704,3.2678606458333332,20,False
2023-03-27,2023-03-27 20:00:00,oslo,1.3418129174099798,1.4722460985972452,6.743057418576886,4.680594067871955,13.634043774118782,13.023539,20,False
2023-03-27,2023-03-27 20:00:00,stavanger,1.2590897814219224,1.2044983311950705,3.243909230343641,2.1158362246795495,5.792430432052237,5.907937,20,False
2023-03-27,2023-03-27 20:00:00,tromsø,1.4135564855420923,1.2705635876179426,1.3220385691260745,0.5573108955542099,2.0301375,2.1098289999999995,20,False
2023-03-27,2023-03-27 20:00:00,trondheim,1.4865110499898806,1.7739438422973093,2.2411192234761357,1.1338027867198037,4.2524216953572616,3.926529594444444,20,False
2023-03-27,2023-03-27 21:00:00,bergen,1.0612802603082783,1.37681532139909,1.8463154362445784,1.160025542387026,3.443456376217325,3.077427645833333,21,False
2023-03-27,2023-03-27 21:00:00,oslo,1.194050002844139,1.3649639156081257,6.743640271218814,4.680618663765219,13.13251584998026,12.332533000000003,21,False
2023-03-27,2023-03-27 21:00:00,stavanger,1.110434016014008,1.1520414853734884,3.244172442325216,2.1158470686160475,5.681716042076788,5.593681,21,False
2023-03-27,2023-03-27 21:00:00,tromsø,1.3179497392776913,1.2532296788860746,1.3221343081055272,0.5573465133025858,2.0206175,2.0566890000000004,21,False
2023-03-27,2023-03-27 21:00:00,trondheim,1.356021907728667,1.7546652872097113,2.2412936120843447,1.1338474501016318,4.230816373768923,3.778815594444444,21,False
2023-03-27,2023-03-27 22:00:00,bergen,0.8607207645749865,1.1428323460160394,1.846435422185088,1.160008291587184,3.1721304194577273,2.844878645833333,22,False
2023-03-27,2023-03-27 22:00:00,oslo,1.0750856403638382,1.1988150397049875,6.744126222726187,4.680550635548298,12.355240718722225,11.776118999999998,22,False
2023-03-27,2023-03-27 22:00:00,stavanger,0.9733802316443152,1.0284626327427377,3.2443932548768597,2.1158173118474672,5.420432297822169,5.303888,22,False
2023-03-27,2023-03-27 22:00:00,tromsø,1.1437967587040077,1.1661005133685538,1.3222231153019814,0.55737252256281,1.9721755,1.959744,22,False
2023-03-27,2023-03-27 22:00:00,trondheim,1.1521611306070016,1.616281444049226,2.241438835763309,1.1338576905409767,4.074071981177199,3.5478255944444443,22,False
2023-03-27,2023-03-27 23:00:00,bergen,0.7891543078613243,1.0535941074890713,1.8465301586958467,1.159971475817308,3.0686692704723644,2.7619266458333334,23,False
2023-03-27,2023-03-27 23:00:00,oslo,1.0247898897459626,1.0520399393389082,6.744531574770259,4.680418369875551,11.668518632694845,11.540977000000003,23,False
2023-03-27,2023-03-27 23:00:00,stavanger,0.9506986394987745,0.8748868010792845,3.244578682343756,2.115759120804797,5.095628411398984,5.256028,23,False
2023-03-27,2023-03-27 23:00:00,tromsø,1.111713357525318,1.020486118496256,1.3223039288697935,0.5573883473969993,1.891111,1.94196,23,False
2023-03-27,2023-03-27 23:00:00,trondheim,1.0234478153778668,1.4354976792647856,2.241554277672687,1.1338392630632737,3.869177908459311,3.4019795944444446,23,False
2023-03-28,2023-03-28 00:00:00,bergen,0.6979178936169186,0.8507961652480823,1.8466093119759348,1.159924886954889,2.8334689577729697,2.6561416458333333,0,False
2023-03-28,2023-03-28 00:00:00,oslo,0.9939386485309876,0.8698710018104585,6.744893403579953,4.680256274665843,10.816112617953214,11.396780999999995,0,False
2023-03-28,2023-03-28 00:00:00,stavanger,0.9403620975232764,0.6652807679257143,3.244736599684765,2.1156822521401017,4.652259313075337,5.234244,0,False
2023-03-28,2023-03-28 00:00:00,tromsø,1.0169375106083591,0.923531323253023,1.3223802164677805,0.5573988348537963,1.8371555000000002,1.88922,0,False
2023-03-28,2023-03-28 00:00:00,trondheim,1.0644298001857686,1.249626441305029,2.241654110168722,1.133808433459018,3.6584911079937443,3.448513594444444,0,False
2023-03-28,2023-03-28 01:00:00,bergen,0.6821383575533279,0.7530286443028917,1.8466809510803204,1.159874219052635,2.7200994618154013,2.6378756458333337,1,False
2023-03-28,2023-03-28 01:00:00,oslo,0.9860307542778939,0.8058210894574487,6.7452266727120875,4.680076465431775,10.516530988830485,11.359926,1,False
2023-03-28,2023-03-28 01:00:00,stavanger,0.9248170407094229,0.5917216623426151,3.2448897698792902,2.115602485676359,4.496737589559874,5.201435,1,False
2023-03-28,2023-03-28 01:00:00,tromsø,1.0217231553068693,0.8853802348654801,1.3224510949767332,0.5574033455786924,1.8159650000000003,1.891963,1,False
2023-03-28,2023-03-28 01:00:00,trondheim,1.0629690652599217,1.1734600055634175,2.241743101158374,1.1337700528391002,3.5721769136705808,3.4469055944444444,1,False
2023-03-28,2023-03-28 02:00:00,bergen,0.6619027886880301,0.7056108561252419,1.8467424287341923,1.1598186776351076,2.6651230788103466,2.6144296458333334,2,False
2023-03-28,2023-03-28 02:00:00,oslo,1.0218328629697284,0.8537022549958008,6.745550448341684,4.679891129905833,10.74078405907714,11.527617,2,False
2023-03-28,2023-03-28 02:00:00,stavanger,0.9264442543482336,0.5996178172789326,3.2450378960102997,2.11551973558142,4.513541222270136,5.204949000000001,2,False
2023-03-28,2023-03-28 02:00:00,tromsø,1.064283917820412,0.8337047565674793,1.3225214105225482,0.5574072665613232,1.7872345000000003,1.915761,2,False
2023-03-28,2023-03-28 02:00:00,trondheim,1.1184762568452782,1.1661976963299603,2.2418223787166283,1.1337256450167346,3.5639706142053424,3.509867594444444,2,False
2023-03-28,2023-03-28 03:00:00,bergen,0.7025161847669685,0.689403112077946,1.8467987924723648,1.1597609720994961,2.6463416159043014,2.6615496458333334,3,False
2023-03-28,2023-03-28 03:00:00,oslo,1.065628882278179,0.8910023300493826,6.745861180842181,4.67969844107137,10.915483395765236,11.732683000000002,3,False
2023-03-28,2023-03-28 03:00:00,stavanger,0.9655955527730228,0.6021010874666477,3.2451850038599943,2.1154364167004016,4.518891570821855,5.287841000000001,3,False
2023-03-28,2023-03-28 03:00:00,tromsø,1.1392204312270169,0.8568638466791185,1.3225926532267684,0.5574121823721836,1.800219,1.957608,3,False
2023-03-28,2023-03-28 03:00:00,trondheim,1.2484347539364262,1.1705349134694492,2.2418974894425885,1.1336788731162868,3.568908191087904,3.657221594444445,3,False
2023-03-28,2023-03-28 04:00:00,bergen,0.8846263128304331,0.7174440132538789,1.8468576792630804,1.159704331298701,2.6788806088979262,2.8727626458333333,4,False
2023-03-28,2023-03-28 04:00:00,oslo,1.288432688702991,0.9399534087703454,6.746171233420801,4.679505432797238,11.144688316337916,12.775399,4,False
2023-03-28,2023-03-28 04:00:00,stavanger,1.1472913540215401,0.6410542775177409,3.245314011970221,2.1153432208155674,4.601363832092195,5.672228999999999,4,False
2023-03-28,2023-03-28 04:00:00,tromsø,1.3177039345262638,0.8675331034063762,1.3226640576097328,0.5574172795153226,1.8062420000000001,2.0571749999999995,4,False
2023-03-28,2023-03-28 04:00:00,trondheim,1.4598749616761046,1.25950970339599,2.241981136998052,1.1336371270771695,3.6698080986817,3.896949594444444,4,False
2023-03-28,2023-03-28 05:00:00,bergen,1.1507519215499915,0.8883470256197504,1.846938244673524,1.1596586337760342,2.8771175427227274,3.181417645833333,5,False
2023-03-28,2023-03-28 05:00:00,oslo,1.487695400515789,1.1881806960314603,6.746582275014908,4.679377729185371,12.306528562272497,13.708071000000002,5,False
2023-03-28,2023-03-28 05:00:00,stavanger,1.38262327029024,0.8145119601594698,3.2454764009968198,2.1152693302993844,4.96838856948418,6.170097,5,False
2023-03-28,2023-03-28 05:00:00,tromsø,1.4733694037398386,1.0555358723687442,1.322749158974359,0.5574385072344457,1.9111455000000002,2.144062,5,False
2023-03-28,2023-03-28 05:00:00,trondheim,1.7327133058860953,1.5016061546170185,2.2420886010955408,1.133612229257059,3.944327701497059,4.206313594444445,5,False
2023-03-28,2023-03-28 06:00:00,bergen,1.0987608687646768,1.0135280497283117,1.8470465216114158,1.159631872997477,3.022365952253338,3.121204645833333,6,False
2023-03-28,2023-03-28 06:00:00,oslo,1.3718540644190012,1.2741292002875941,6.747088018840925,4.679327887458466,12.709156317971818,13.166443,6,False
2023-03-28,2023-03-28 06:00:00,stavanger,1.277608038052559,0.9470019363970738,3.245685899279553,2.115230195983843,5.248812990801814,5.948121,6,False
2023-03-28,2023-03-28 06:00:00,tromsø,1.3172993794903056,1.2187301401625061,1.3228426962795137,0.5574710769275747,2.0022495,2.057199,6,False
2023-03-28,2023-03-28 06:00:00,trondheim,1.6120483480701977,1.619176144843754,2.242230605506863,1.1336192187568335,4.077759801854341,4.069679594444445,6,False
2023-03-28,2023-03-28 07:00:00,bergen,0.9934076535947663,0.9468500262025589,1.847141051970808,1.159595046096184,2.945103651751337,2.999091645833333,7,False
2023-03-28,2023-03-28 07:00:00,oslo,1.1625497329414896,1.0928647169184253,6.747520813163229,4.679216753224749,11.861271705576147,12.187343000000006,7,False
2023-03-28,2023-03-28 07:00:00,stavanger,1.0752031678725642,0.9207503314986438,3.245872874014348,2.1151733867056475,5.1934194710006825,5.520114,7,False
2023-03-28,2023-03-28 07:00:00,tromsø,1.115901747344371,1.0603728297622335,1.3229212904495051,0.5574843045375333,1.9140625,1.945019,7,False
2023-03-28,2023-03-28 07:00:00,trondheim,1.3769910635816622,1.49423319684859,2.242354695645046,1.1336085905591826,3.9362302838913177,3.803323594444444,7,False
2023-03-28,2023-03-28 08:00:00,bergen,0.9608278950506806,0.924122707738787,1.8472115372585836,1.1595438832632803,2.9187723704017943,2.9613336458333333,8,False
2023-03-28,2023-03-28 08:00:00,oslo,1.0067371573657211,0.9255427624453865,6.747888484859323,4.679058958613019,11.07855763905885,11.458471000000005,8,False
2023-03-28,2023-03-28 08:00:00,stavanger,0.9734511215016943,0.8528448305116506,3.2460453964423386,2.1151063038290197,5.0499028736455225,5.304998000000001,8,False
2023-03-28,2023-03-28 08:00:00,tromsø,0.9651983450377056,0.9234198340838216,1.3229909327610874,0.5574875568377526,1.837786,1.861077,8,False
2023-03-28,2023-03-28 08:00:00,trondheim,1.1587002643944384,1.208051452003564,2.242456178584817,1.1335791112001514,3.6118780698310693,3.555934594444445,8,False
2023-03-28,2023-03-28 09:00:00,bergen,0.9618083990519034,0.9706280362832578,1.8472757394410337,1.1594896732983488,2.9727089241253264,2.962482645833333,9,False
2023-03-28,2023-03-28 09:00:00,oslo,0.908296867086922,0.8406968580708442,6.74823050125164,4.678884902882374,10.681754338379958,10.998046999999998,9,False
2023-03-28,2023-03-28 09:00:00,stavanger,0.9084258125816821,0.7391959003336164,3.246210352170501,2.115034184650868,4.809634950529875,5.167562000000001,9,False
2023-03-28,2023-03-28 09:00:00,tromsø,0.8115200940282757,0.783570046742381,1.3230454596495411,0.5574766954996627,1.7598675,1.7754489999999998,9,False
2023-03-28,2023-03-28 09:00:00,trondheim,0.9641512423921911,0.9457828907278428,2.2425449328363203,1.1335406869325582,3.31462832048102,3.335449594444444,9,False
2023-03-28,2023-03-28 10:00:00,bergen,0.9868053824046091,0.9313790593838764,1.8473423509912594,1.1594366176378992,2.927217337342069,2.991480645833333,10,False
2023-03-28,2023-03-28 10:00:00,oslo,0.804831260667753,0.7770907925446338,6.7485574676996425,4.678701879914729,10.384333619642646,10.514123,10,False
2023-03-28,2023-03-28 10:00:00,stavanger,0.8487229259406625,0.6521598258368219,3.246366136276321,2.11495625823259,4.625655641297783,5.041378,10,False
2023-03-28,2023-03-28 10:00:00,tromsø,0.6595752705700846,0.6845556053135438,1.323090157330155,0.5574585025785557,1.7047014999999999,1.690776,10,False
2023-03-28,2023-03-28 10:00:00,trondheim,0.8614550030642794,0.8744988040957036,2.2426276741547477,1.1334984611109586,3.233870722840601,3.2190855944444445,10,False
2023-03-28,2023-03-28 11:00:00,bergen,0.9650216915393934,0.8851878113740327,1.84741058306072,1.1593843667781856,2.873683493230371,2.966241645833333,11,False
2023-03-28,2023-03-28 11:00:00,oslo,0.7288668804991261,0.7085360494074505,6.748882385174592,4.678517718475887,10.063780846506255,10.158899,11,False
2023-03-28,2023-03-28 11:00:00,stavanger,0.8126807453568042,0.6126529867404122,3.246519356257697,2.1148767871788405,4.542204936510781,4.965239,11,False
2023-03-28,2023-03-28 11:00:00,tromsø,0.5958756896093873,0.6094898029010087,1.3231283015135265,0.5574362308759656,1.66288,1.655291,11,False
2023-03-28,2023-03-28 11:00:00,trondheim,0.7163730712135596,0.8079294373449812,2.242698799160145,1.1334496338741349,3.15844612411495,3.054671594444444,11,False
2023-03-28,2023-03-28 12:00:00,bergen,1.0031884828168482,0.8672142128149344,1.847484871318915,1.1593352539781423,2.8528768809861713,3.010516645833333,12,False
2023-03-28,2023-03-28 12:00:00,oslo,0.7211379254184836,0.6538956987915328,6.749205822330791,4.678332755431497,9.808347488622987,10.122929,12,False
2023-03-28,2023-03-28 12:00:00,stavanger,0.8187425062353184,0.6430619531555087,3.2466698621733,2.1147957076129242,4.606614520435754,4.978142999999999,12,False
2023-03-28,2023-03-28 12:00:00,tromsø,0.6046551269482918,0.5503686545201245,1.3231652097235462,0.557413267919378,1.629948,1.660208,12,False
2023-03-28,2023-03-28 12:00:00,trondheim,0.7030923918721427,0.7751332974248835,2.242767855379793,1.1333997469987778,3.121303738571484,3.039652594444445,12,False
2023-03-28,2023-03-28 13:00:00,bergen,1.1678513774143462,0.9045510086769788,1.8475702362390285,1.1592925570647814,2.8962094880836906,3.201451645833333,13,False
2023-03-28,2023-03-28 13:00:00,oslo,0.7993565368415113,0.7344964685911685,6.749545306564994,4.678157394209745,10.185635392125715,10.489061000000005,13,False
2023-03-28,2023-03-28 13:00:00,stavanger,0.9624235914908902,0.7914791936040119,3.246823756744708,2.1147167019279762,4.920578026687598,5.282077000000001,13,False
2023-03-28,2023-03-28 13:00:00,tromsø,0.6735164410901973,0.6002098232785277,1.3232045288931253,0.557391695589803,1.6577564999999999,1.698617,13,False
2023-03-28,2023-03-28 13:00:00,trondheim,0.842709464933977,0.849810000830865,2.242842447270543,1.1333528183983654,3.205977006815321,3.197929594444444,13,False
2023-03-28,2023-03-28 14:00:00,bergen,1.3941658543290623,1.0076144362356798,1.8476776254944007,1.159265244748608,3.015770021529387,3.4638856458333334,14,False
2023-03-28,2023-03-28 14:00:00,oslo,1.0123312952721832,0.8262205244323478,6.749942044793901,4.6780199104017814,10.615018108471025,11.485647999999998,14,False
2023-03-28,2023-03-28 14:00:00,stavanger,1.1563731349528354,0.9358982199405413,3.247002102258558,2.114653846434421,5.226102872926951,5.692331000000001,14,False
2023-03-28,2023-03-28 14:00:00,tromsø,0.8283130158300515,0.79739960639186,1.3232573240409817,0.5573794774869796,1.7677114999999999,1.784942,14,False
2023-03-28,2023-03-28 14:00:00,trondheim,1.054724363049971,0.9703385142933251,2.242933556413642,1.1333160396278523,3.342633758530927,3.4382695944444444,14,False
2023-03-28,2023-03-28 15:00:00,bergen,1.4356534609010763,1.2238989088541579,1.8478233036385745,1.1592730331664893,3.2666563039950907,3.512137645833333,15,False
2023-03-28,2023-03-28 15:00:00,oslo,1.1156429963958618,1.0469858977899063,6.750448729362716,4.677971615917763,11.648219041490073,11.969395,15,False
2023-03-28,2023-03-28 15:00:00,stavanger,1.2055900009473604,1.0844187268060341,3.2472208342297004,2.1146228516883765,5.540357454732555,5.796589,15,False
2023-03-28,2023-03-28 15:00:00,tromsø,0.9053435305571039,0.9795300852761222,1.32332286611078,0.5573786268497463,1.869292,1.827942,15,False
2023-03-28,2023-03-28 15:00:00,trondheim,1.0762048191338764,1.249274318353358,2.2430641173472967,1.1333116665271357,3.6588812770298924,3.462739594444445,15,False
2023-03-28,2023-03-28 16:00:00,bergen,1.404762745865509,1.337471853129094,1.8479682275716611,1.1592800443026448,3.3984726567206973,3.476481645833333,16,False
2023-03-28,2023-03-28 16:00:00,oslo,1.142103475754451,1.1407477932514516,6.751013570509767,4.677979310027864,12.087408145300001,12.09375,16,False
2023-03-28,2023-03-28 16:00:00,stavanger,1.2200149413040935,1.0886679486902273,3.24744474813701,2.114596440192248,5.549538116988762,5.827284000000001,16,False
2023-03-28,2023-03-28 16:00:00,tromsø,0.9652709399123022,1.096059995301886,1.323399716293473,0.5573899114329588,1.9343325000000005,1.861432,16,False
2023-03-28,2023-03-28 16:00:00,trondheim,1.1190845140149628,1.2868891700423504,2.2431952809343736,1.133307893753155,3.7016369357288155,3.511462594444444,16,False
2023-03-28,2023-03-28 17:00:00,bergen,1.431361857352516,1.3253332287772828,1.8481272068997856,1.159302541429169,3.384589387261816,3.507508645833333,17,False
2023-03-28,2023-03-28 17:00:00,oslo,1.2479314758976676,1.2344337291088867,6.7516038198166015,4.678013410939971,12.526301359504613,12.589444000000002,17,False
2023-03-28,2023-03-28 17:00:00,stavanger,1.3040254587249394,1.1305719879908893,3.2476751627198204,2.1145759224489318,5.638355467120578,6.005136,17,False
2023-03-28,2023-03-28 17:00:00,tromsø,1.0987307474912327,1.2280093599961266,1.3234886217696797,0.5574162547364293,2.008001,1.935939,17,False
2023-03-28,2023-03-28 17:00:00,trondheim,1.2590064273480173,1.3733639587304283,2.243337416139031,1.1333152455074802,3.7997917281987315,3.670188594444445,17,False
2023-03-28,2023-03-28 18:00:00,bergen,1.522978255073628,1.355401005744921,1.8482932086191157,1.1593333203098544,3.419654756960691,3.613932645833333,18,False
2023-03-28,2023-03-28 18:00:00,oslo,1.3314908798946405,1.310317478515714,6.752225213979519,4.678081449955828,12.881997103776774,12.981048,18,False
2023-03-28,2023-03-28 18:00:00,stavanger,1.3636994579308015,1.2316524778552125,3.247938244624712,2.1145874471130095,5.852375113502978,6.131600000000001,18,False
2023-03-28,2023-03-28 18:00:00,tromsø,1.2562024295890257,1.3926503078724835,1.3235885500119076,0.5574582833892412,2.0999330000000005,2.023869,18,False
2023-03-28,2023-03-28 18:00:00,trondheim,1.4880774562735808,1.5281143274365527,2.2434939878439972,1.1333385903336928,3.975364925569659,3.9299895944444447,18,False
2023-03-28,2023-03-28 19:00:00,bergen,1.5402577210375823,1.4409263618154702,1.8484630057898757,1.1593687313838084,3.519027973905364,3.634189645833333,19,False
2023-03-28,2023-03-28 19:00:00,oslo,1.3498665172193591,1.3211742143846708,6.752843789379688,4.678146416749828,12.933490206305606,13.067717000000004,19,False
2023-03-28,2023-03-28 19:00:00,stavanger,1.4116586444377204,1.2086774354345342,3.2482139587282215,2.114612518425644,5.804098394436691,6.233325,19,False
2023-03-28,2023-03-28 19:00:00,tromsø,1.3939119306703174,1.4756936813166004,1.3236936105488748,0.5575082416271578,2.146405,2.100811,19,False
2023-03-28,2023-03-28 19:00:00,trondheim,1.648681779341111,1.6627509563439065,2.243663213062071,1.1333772258520038,4.128187279245894,4.112241594444445,19,False
2023-03-28,2023-03-28 20:00:00,bergen,1.5079492844850773,1.442071140388651,1.8486342603898809,1.1594059584307947,3.5205801330375737,3.596959645833333,20,False
2023-03-28,2023-03-28 20:00:00,oslo,1.2507555132171748,1.1993090994779168,6.753452640714286,4.6782007334392,12.364061349512184,12.604737999999998,20,False
2023-03-28,2023-03-28 20:00:00,stavanger,1.3548277767851329,1.1655149775198739,3.2484788951617065,2.114626046150703,5.713107223803983,6.113433,20,False
2023-03-28,2023-03-28 20:00:00,tromsø,1.4165156945851471,1.4730501829415472,1.3238012352380952,0.5575623113679733,2.1451185,2.113597,20,False
2023-03-28,2023-03-28 20:00:00,trondheim,1.5868097611280345,1.7410875657468385,2.243832699178902,1.1334162035825956,4.217209558052547,4.042348594444444,20,False
2023-03-28,2023-03-28 21:00:00,bergen,1.319751295997298,1.3652898075068367,1.8487940801000873,1.1594294852174774,3.4317513387904075,3.378952645833333,21,False
2023-03-28,2023-03-28 21:00:00,oslo,1.1018996785809825,1.1694721595083897,6.75401550398762,4.678206733530262,12.225048035275945,11.908930000000003,21,False
2023-03-28,2023-03-28 21:00:00,stavanger,1.1379928189194977,1.1544458481339859,3.2487245599759946,2.11462005736456,5.6899389055813625,5.655147,21,False
2023-03-28,2023-03-28 21:00:00,tromsø,1.2802296334595915,1.4185823059433853,1.3239056152838948,0.5576112019739757,2.114923,2.037776,21,False
2023-03-28,2023-03-28 21:00:00,trondheim,1.4881315101612929,1.7343500510076384,2.2439951251871473,1.133446511776691,4.209788140701481,3.930712594444444,21,False
2023-03-28,2023-03-28 22:00:00,bergen,1.0908484447748112,1.177440285201298,1.8489276029001032,1.159425077783669,3.2140813971552435,3.1136846458333327,22,False
2023-03-28,2023-03-28 22:00:00,oslo,0.9476538871641674,0.9924690848694524,6.754490809926208,4.678131172278719,11.397391373376927,11.18774,22,False
2023-03-28,2023-03-28 22:00:00,stavanger,0.9628525240369306,0.9669336275813468,3.248930105255693,2.1145781351934376,5.293586812322483,5.284957,22,False
2023-03-28,2023-03-28 22:00:00,tromsø,1.1748125872674016,1.3466596203228998,1.3240053287312545,0.5576529212992066,2.074974,1.979143,22,False
2023-03-28,2023-03-28 22:00:00,trondheim,1.319261236666335,1.6143285750301883,2.2441403783970086,1.133457252049642,4.07391280895594,3.739466594444445,22,False
2023-03-28,2023-03-28 23:00:00,bergen,0.9773752559131609,1.0227649615477261,1.8490291661564322,1.15939346000548,3.0348161736976222,2.9821916458333333,23,False
2023-03-28,2023-03-28 23:00:00,oslo,0.8620996829713543,0.8395066374186987,6.7548839406164465,4.67799158153449,10.682088923103446,10.787778999999995,23,False
2023-03-28,2023-03-28 23:00:00,stavanger,0.8978085706202678,0.7833211150385666,3.2491019358988855,2.11451096171821,4.905443020193266,5.147527999999999,23,False
2023-03-28,2023-03-28 23:00:00,tromsø,1.132348652720258,1.1611423457307595,1.3240903597524694,0.5576742099092121,1.9716295,1.955572,23,False
2023-03-28,2023-03-28 23:00:00,trondheim,1.1759420240290002,1.4408683284411925,2.2442548148144845,1.133438343383066,3.877390226035997,3.577112594444444,23,False
2023-03-29,2023-03-29 00:00:00,bergen,0.8749281048810899,0.725871984572953,1.8491102396309296,1.1593482944981657,2.6906486869695816,2.8634566458333333,0,False
2023-03-29,2023-03-29 00:00:00,oslo,0.8058175554570038,0.6956780360332699,6.75522658329367,4.677818683868892,10.009482298207317,10.524695,0,False
2023-03-29,2023-03-29 00:00:00,stavanger,0.8202028919562647,0.5829103482072052,3.249246927339164,2.1144269176184647,4.481768258146831,4.983505999999999,0,False
2023-03-29,2023-03-29 00:00:00,tromsø,1.0786903756194173,1.0356350204797662,1.324170191813422,0.5576890475555931,1.9017325,1.925744,0,False
2023-03-29,2023-03-29 00:00:00,trondheim,1.1305236233739184,1.2707435213542344,2.2443494678106326,1.1334041148205276,3.684615403795049,3.525689594444444,0,False
2023-03-29,2023-03-29 01:00:00,bergen,0.7948580886475903,0.6637509493648843,1.8491807703157843,1.1592973496506709,2.6186654867426116,2.770657645833334,1,False
2023-03-29,2023-03-29 01:00:00,oslo,0.7899669240657579,0.6500780451629099,6.755527540273647,4.677621742323433,9.796346738534789,10.450694,1,False
2023-03-29,2023-03-29 01:00:00,stavanger,0.7825011319472581,0.528775577955277,3.2493753379367436,2.1143338897748327,4.367383462492859,4.903843999999999,1,False
2023-03-29,2023-03-29 01:00:00,tromsø,1.0398241380156374,0.9844718167008032,1.3242468828078526,0.5577001879364205,1.873287,1.904157,1,False
2023-03-29,2023-03-29 01:00:00,trondheim,1.1449396544593322,1.2454907936782098,2.244431746350387,1.1333617829027236,3.656023412862451,3.542062594444444,1,False
2023-03-29,2023-03-29 02:00:00,bergen,0.7868049067169355,0.579761643455534,1.849244485385439,1.159243101639724,2.521329171156576,2.761342645833333,2,False
2023-03-29,2023-03-29 02:00:00,oslo,0.7760496950544682,0.6358025778456228,6.755813859386152,4.677417134168292,9.729727730949637,10.385722,2,False
2023-03-29,2023-03-29 02:00:00,stavanger,0.752394039438179,0.5443277509981969,3.2494964735139584,2.1142372787454105,4.400334496529996,4.840236000000001,2,False
2023-03-29,2023-03-29 02:00:00,tromsø,1.082451060979182,0.9489810122159287,1.3243218748512968,0.5577093939033185,1.8535775,1.9280150000000005,2,False
2023-03-29,2023-03-29 02:00:00,trondheim,1.18208784377024,1.2183521825090413,2.2445071701962225,1.133315456468405,3.625284530055734,3.5841855944444445,2,False
2023-03-29,2023-03-29 03:00:00,bergen,0.8313043997966666,0.58771738209191,1.8493100996545537,1.159189758185427,2.5305860696830473,2.812949645833333,3,False
2023-03-29,2023-03-29 03:00:00,oslo,0.8035135948858175,0.5870631609572842,6.75608227512787,4.6772036575264,9.50189623875629,10.514279000000002,3,False
2023-03-29,2023-03-29 03:00:00,stavanger,0.7723568523023536,0.545095325825961,3.24961419951925,2.1141390739439356,4.402021526872115,4.882484000000001,3,False
2023-03-29,2023-03-29 03:00:00,tromsø,1.153653791437803,0.9906747576479012,1.3243998483406685,0.5577220448930673,1.8769209999999998,1.967818,3,False
2023-03-29,2023-03-29 03:00:00,trondheim,1.2330040941021323,1.265443096380691,2.244575662336611,1.133265443960554,3.6786585947632933,3.641896594444445,3,False
2023-03-29,2023-03-29 04:00:00,bergen,1.0064217513940898,0.587024799715043,1.8493755903236997,1.159136369910222,2.52981738571267,3.0159556458333325,4,False
2023-03-29,2023-03-29 04:00:00,oslo,0.9890615182782249,0.646503621866545,6.7563642834205515,4.6769969623650764,9.780059759048402,11.382202,4,False
2023-03-29,2023-03-29 04:00:00,stavanger,0.9357683632757227,0.5377553471547938,3.2497287744241596,2.114039438831672,4.386564786752011,5.2279800000000005,4,False
2023-03-29,2023-03-29 04:00:00,tromsø,1.3279242400823426,0.9891011710932098,1.3244781127497622,0.5577350460929253,1.8761345,2.0651080000000004,4,False
2023-03-29,2023-03-29 04:00:00,trondheim,1.4475001528048672,1.3267550142884605,2.244651428979345,1.133219338379046,3.748155868462396,3.884986594444445,4,False
2023-03-29,2023-03-29 05:00:00,bergen,1.2461074299133617,0.7928571872761674,1.8494599399557021,1.159093246059895,2.768455350817553,3.2938146458333337,5,False
2023-03-29,2023-03-29 05:00:00,oslo,1.190701117305583,0.7850393791485751,6.7567285942442625,4.676838145879204,10.428230708663646,12.325445000000002,5,False
2023-03-29,2023-03-29 05:00:00,stavanger,1.0991885618351833,0.7372685041983343,3.249876505810243,2.1139571269830704,4.80843051476046,5.573514,5,False
2023-03-29,2023-03-29 05:00:00,tromsø,1.5782456255455708,1.1728313599560496,1.324566177904626,0.557760343413641,1.9787249999999998,2.2048490000000003,5,False
2023-03-29,2023-03-29 05:00:00,trondheim,1.7319589368793702,1.5239302236535754,2.2447541482284192,1.133191096177081,3.9716583088677986,4.207394594444445,5,False
2023-03-29,2023-03-29 06:00:00,bergen,1.0947029516026057,0.9752672102057928,1.849572224462941,1.1590700650919592,2.979975253278223,3.118409645833333,6,False
2023-03-29,2023-03-29 06:00:00,oslo,1.1144969221276058,1.009023332104537,6.757180535909631,4.676743704361342,11.476124051883229,11.969397000000004,6,False
2023-03-29,2023-03-29 06:00:00,stavanger,0.9942407082050515,0.8905664826363764,3.25006755557174,2.1139040345899827,5.1326396362873865,5.351797,6,False
2023-03-29,2023-03-29 06:00:00,tromsø,1.4231173253345595,1.3628193854074728,1.3246678605231865,0.5578051263554071,2.0848555,2.1184899999999995,6,False
2023-03-29,2023-03-29 06:00:00,trondheim,1.5250024816982501,1.8218292680800996,2.2448886859746997,1.1331908827750257,4.3093690025357665,3.9730075944444447,6,False
2023-03-29,2023-03-29 07:00:00,bergen,0.9705187781321759,0.808589232411758,1.84966976131009,1.1590356723319848,2.7868535259388554,2.974535645833333,7,False
2023-03-29,2023-03-29 07:00:00,oslo,0.9964777573155855,0.8603625518766927,6.757607011889193,4.676629211137455,10.781203654164498,11.417764,7,False
2023-03-29,2023-03-29 07:00:00,stavanger,0.9288011365853847,0.7444664184649055,3.250238355648357,2.1138363929759834,4.823918564347961,5.213572,7,False
2023-03-29,2023-03-29 07:00:00,tromsø,1.2256447855297603,1.2086961655565014,1.324757858043039,0.5578330279938681,1.9990085,2.0084630000000003,7,False
2023-03-29,2023-03-29 07:00:00,trondheim,1.2893645920972365,1.570040018416538,2.245015864658384,1.1331835376443105,4.024159366970775,3.706102594444444,7,False
2023-03-29,2023-03-29 08:00:00,bergen,0.7868232583820828,0.7060403703868325,1.8497555971261292,1.1589935083799634,2.668051803058653,2.761678645833334,8,False
2023-03-29,2023-03-29 08:00:00,oslo,0.9218674110621482,0.7523420354406256,6.757974970280552,4.676472969960336,10.276282163183579,11.069063000000002,8,False
2023-03-29,2023-03-29 08:00:00,stavanger,0.865038466836299,0.6848321003571411,3.2503941380597166,2.1137590200209075,4.697964167389487,5.078877,8,False
2023-03-29,2023-03-29 08:00:00,tromsø,1.0169017573596324,1.0098155610215012,1.3248353238231099,0.5578451134255155,1.8881559999999997,1.892109,8,False
2023-03-29,2023-03-29 08:00:00,trondheim,1.096409174825246,1.1292603968964778,2.2451224197855577,1.1331583164259003,3.5247532299392144,3.487527594444444,8,False
2023-03-29,2023-03-29 09:00:00,bergen,0.7124533170997399,0.6816243237663715,1.8498304638857521,1.158944961206473,2.639795539350558,2.6755246458333333,9,False
2023-03-29,2023-03-29 09:00:00,oslo,0.8664950507414343,0.7420759208694409,6.7583058453583735,4.676293478161775,10.228470634421033,10.810291,9,False
2023-03-29,2023-03-29 09:00:00,stavanger,0.8488797448496773,0.6196504512099587,3.250546975318951,2.1136798652190514,4.560289657515341,5.044807,9,False
2023-03-29,2023-03-29 09:00:00,tromsø,0.8940461305254226,0.8487908275680727,1.32490273945085,0.557846226856376,1.7983975,1.823643,9,False
2023-03-29,2023-03-29 09:00:00,trondheim,0.917193913188468,0.9136575484037169,2.2452151704303525,1.1331228969904146,3.280501458534732,3.284508594444444,9,False
2023-03-29,2023-03-29 10:00:00,bergen,0.6219059293653231,0.6762755793618757,1.8499058942615483,1.1588967358894773,2.633639455745791,2.570630645833333,10,False
2023-03-29,2023-03-29 10:00:00,oslo,0.8066202514562923,0.6363292603324031,6.758625165082006,4.676107286059604,9.734169055655276,10.530468000000004,10,False
2023-03-29,2023-03-29 10:00:00,stavanger,0.8073597204876377,0.5657563003703718,3.2507058666934077,2.1136044937638427,4.446490925531432,4.957144999999999,10,False
2023-03-29,2023-03-29 10:00:00,tromsø,0.7807667209852794,0.7422719447852497,1.324964590563347,0.5578419234967175,1.7390349999999999,1.760509,10,False
2023-03-29,2023-03-29 10:00:00,trondheim,0.7793313737873736,0.8111777588427915,2.245307296461255,1.1330870637117625,3.164442321376722,3.128357594444444,10,False
2023-03-29,2023-03-29 11:00:00,bergen,0.5413465972926447,0.658961685163072,1.849970834338978,1.1588431785324877,2.613604088104477,2.477306645833333,11,False
2023-03-29,2023-03-29 11:00:00,oslo,0.7448131004411901,0.584623125015109,6.758940404278075,4.675918822666997,9.492590678702625,10.241626,11,False
2023-03-29,2023-03-29 11:00:00,stavanger,0.8046035310228278,0.5570151124525385,3.250865569383046,2.1135296640510357,4.42813353287621,4.9514190000000005,11,False
2023-03-29,2023-03-29 11:00:00,tromsø,0.684606423394002,0.6247842897204126,1.3250159238265002,0.5578286488756974,1.6735385000000003,1.706909,11,False
2023-03-29,2023-03-29 11:00:00,trondheim,0.6609462931484732,0.6985165685750765,2.245393967679078,1.1330476235792108,3.0368465057337737,2.994277594444444,11,False
2023-03-29,2023-03-29 12:00:00,bergen,0.5586267924021098,0.6949595152576934,1.8500404365028913,1.1587919128384385,2.6553539025336277,2.4973726458333334,12,False
2023-03-29,2023-03-29 12:00:00,oslo,0.7205996145190056,0.5443103136777226,6.759241943322244,4.6757228130447315,9.304286094360705,10.128565999999998,12,False
2023-03-29,2023-03-29 12:00:00,stavanger,0.8331054033110574,0.5315689096955819,3.2510285699094976,2.1134569804645675,4.374476592703564,5.011761000000001,12,False
2023-03-29,2023-03-29 12:00:00,tromsø,0.7041394032680557,0.611917297700457,1.325068515327947,0.5578163682490688,1.666406,1.7178490000000002,12,False
2023-03-29,2023-03-29 12:00:00,trondheim,0.6370101786120141,0.6315844920525336,2.245482195652791,1.1330092093100521,2.961073241605723,2.967220594444444,12,False
2023-03-29,2023-03-29 13:00:00,bergen,0.6924434600440478,0.7877073603834995,1.8501124090833037,1.1587418800937044,2.7628619168177293,2.6524756458333334,13,False
2023-03-29,2023-03-29 13:00:00,oslo,0.7516960046999879,0.607029282680085,6.759566422003089,4.67553978739002,9.59775598528465,10.274150999999998,13,False
2023-03-29,2023-03-29 13:00:00,stavanger,0.9581946232966582,0.6189401737273318,3.2512042856550236,2.1133929006800756,4.55926805475606,5.276246,13,False
2023-03-29,2023-03-29 13:00:00,tromsø,0.8159363878832308,0.6886872150112252,1.3251248390162764,0.5578071621054584,1.7092794999999996,1.78026,13,False
2023-03-29,2023-03-29 13:00:00,trondheim,0.7211301245995113,0.6741586119029471,2.245580289320225,1.1329776378125431,3.0093869209450093,3.062604594444444,13,False
2023-03-29,2023-03-29 14:00:00,bergen,0.8328105856292124,0.8983767089804047,1.8502001691494419,1.1587010219794722,2.8911501799675916,2.815178645833333,14,False
2023-03-29,2023-03-29 14:00:00,oslo,0.8987601208229924,0.711324624679334,6.759953622356854,4.675397005594026,10.085678642587908,10.962013999999998,14,False
2023-03-29,2023-03-29 14:00:00,stavanger,1.1763837534316928,0.6961184763637267,3.251402015366873,2.1133452220678626,4.722540671383315,5.737506999999999,14,False
2023-03-29,2023-03-29 14:00:00,tromsø,1.051276227731694,0.8486129291217677,1.3251883891660727,0.5578045002493764,1.7985484999999999,1.9115950000000002,14,False
2023-03-29,2023-03-29 14:00:00,trondheim,0.9771130646310229,0.8896172537775846,2.245702176621855,1.1329655266052834,3.253607857025122,3.352737594444444,14,False
2023-03-29,2023-03-29 15:00:00,bergen,0.8336422041111257,1.0257272328711926,1.8503185226922239,1.1586830877534964,3.038811320068267,2.8162456458333334,15,False
2023-03-29,2023-03-29 15:00:00,oslo,0.9722312332948783,0.8494845026030753,6.760438334600309,4.675330836672512,10.732059424895878,11.305941,15,False
2023-03-29,2023-03-29 15:00:00,stavanger,1.1973903735089981,0.8162643564357936,3.251644194127371,2.1133365207012105,4.976685469129803,5.782133,15,False
2023-03-29,2023-03-29 15:00:00,tromsø,1.058022368444472,1.0086079455814676,1.3252625283287802,0.5578128490221934,1.887877,1.915441,15,False
2023-03-29,2023-03-29 15:00:00,trondheim,0.9735127440997813,1.0929879472725716,2.2458546441854406,1.1329846033797304,3.484193160124881,3.348829594444444,15,False
2023-03-29,2023-03-29 16:00:00,bergen,0.7725612641218357,1.0497362624301996,1.850446885652217,1.158674142430144,3.0667491493013532,2.745593645833333,16,False
2023-03-29,2023-03-29 16:00:00,oslo,1.0098983502699839,1.0188129933083954,6.760986879691211,4.675324124498795,11.524267845658782,11.482589,16,False
2023-03-29,2023-03-29 16:00:00,stavanger,1.1954155769674673,0.8586325801240845,3.251907960256334,2.11334960696469,5.066498785988646,5.778238999999999,16,False
2023-03-29,2023-03-29 16:00:00,tromsø,1.079927687828274,1.1144453465879363,1.325344486935867,0.5578304175861885,1.947016,1.927761,16,False
2023-03-29,2023-03-29 16:00:00,trondheim,1.0278765219848778,1.404589612227348,2.246032570426564,1.1330349503157688,3.837481691930622,3.410652594444445,16,False
2023-03-29,2023-03-29 17:00:00,bergen,0.905922774153226,1.0261678313941882,1.850583891205023,1.1586735476536008,3.0395774128945288,2.900252645833333,17,False
2023-03-29,2023-03-29 17:00:00,oslo,1.132770617869985,1.0687598541943497,6.761578558484741,4.67536177048258,11.75841752261154,12.057691,17,False
2023-03-29,2023-03-29 17:00:00,stavanger,1.3432640016443174,0.9566178572107848,3.2521792127251317,2.1133707028549975,5.27386736598233,6.090993999999999,17,False
2023-03-29,2023-03-29 17:00:00,tromsø,1.2058330091105762,1.242901436753387,1.3254357712860705,0.5578601876308756,2.018801,1.998122,17,False
2023-03-29,2023-03-29 17:00:00,trondheim,1.179867183254548,1.568430576327147,2.24621473264293,1.1330909790319073,4.023389269917036,3.5831115944444445,17,False
2023-03-29,2023-03-29 18:00:00,bergen,1.080434424727162,1.0934939546895246,1.8507278320450407,1.1586800504847155,3.11773746266943,3.102605645833333,18,False
2023-03-29,2023-03-29 18:00:00,oslo,1.2583920047484691,1.1732355128987992,6.762177657800997,4.675407440605134,12.247531704390223,12.645673,18,False
2023-03-29,2023-03-29 18:00:00,stavanger,1.4350156241062841,1.0234847384014127,3.2524458320301988,2.113386862849364,5.415465032494563,6.285189000000001,18,False
2023-03-29,2023-03-29 18:00:00,tromsø,1.2986868365440078,1.4497761370776752,1.3255396182616956,0.5579084667296943,2.1343820000000004,2.050088,18,False
2023-03-29,2023-03-29 18:00:00,trondheim,1.3641247247548118,1.7169514851319538,2.2464171788388216,1.1331760121007002,4.192025415731024,3.7922105944444446,18,False
2023-03-29,2023-03-29 19:00:00,bergen,1.2368813118178124,1.1885916700157086,1.8508647496294865,1.1586793999640799,3.2280614326455916,3.2840136458333333,19,False
2023-03-29,2023-03-29 19:00:00,oslo,1.3199022042787758,1.238459277571637,6.762716531045946,4.675391441084879,12.55299843753654,12.933776,19,False
2023-03-29,2023-03-29 19:00:00,stavanger,1.420405201527534,1.0423166295577078,3.2526953273606,2.1133854405849335,5.455512116747419,6.254558999999999,19,False
2023-03-29,2023-03-29 19:00:00,tromsø,1.4052201658362289,1.4292661993744422,1.3256394975661878,0.5579506482297294,2.1230994999999995,2.1096829999999995,19,False
2023-03-29,2023-03-29 19:00:00,trondheim,1.5170946669112868,1.694956037799643,2.246612115846492,1.1332499652762191,4.167420986827655,3.965859594444445,19,False
2023-03-29,2023-03-29 20:00:00,bergen,1.241066744791749,1.1058751167141199,1.8509931531071937,1.1586705539897726,3.1323380872338475,3.288980645833333,20,False
2023-03-29,2023-03-29 20:00:00,oslo,1.270836723342274,1.2754824031237102,6.7632136426875595,4.6753365307906645,12.726523116392507,12.704803000000002,20,False
2023-03-29,2023-03-29 20:00:00,stavanger,1.353898085069585,0.9626855353411845,3.2529285633141423,2.113368405081095,5.287437757732781,6.114214,20,False
2023-03-29,2023-03-29 20:00:00,tromsø,1.3956569276503359,1.4210196311197199,1.3257338146961064,0.5579846808162019,2.118641,2.104489,20,False
2023-03-29,2023-03-29 20:00:00,trondheim,1.5534141260664873,1.7084176750335542,2.246791273192004,1.1333019905711157,4.1829444250344086,4.007278594444444,20,False
2023-03-29,2023-03-29 21:00:00,bergen,1.0758726257363032,1.0221629773995289,1.8511085855692384,1.158650225356349,3.0354379496841193,3.097668645833333,21,False
2023-03-29,2023-03-29 21:00:00,oslo,1.1603551633162104,1.170367026539864,6.763673260059347,4.675249364545024,12.235430957174296,12.188622999999998,21,False
2023-03-29,2023-03-29 21:00:00,stavanger,1.2145682419124597,0.8414220588385082,3.2531360153541047,2.1133287501443636,5.031337443303187,5.819918,21,False
2023-03-29,2023-03-29 21:00:00,tromsø,1.2953428227870558,1.4038902004253762,1.3258250496142434,0.5580144018017866,2.109216,2.048645,21,False
2023-03-29,2023-03-29 21:00:00,trondheim,1.4061640458692182,1.7142024369931579,2.246957408185625,1.1333373164677252,4.189726998009885,3.8406155944444436,21,False
2023-03-29,2023-03-29 22:00:00,bergen,0.8647051867794792,0.9121210129510454,1.8512135830841048,1.1586215487854228,2.908016643789174,2.853079645833333,22,False
2023-03-29,2023-03-29 22:00:00,oslo,1.0334557807771414,1.0023669445736947,6.764085218371707,4.675124830203243,11.450275809923145,11.59562,22,False
2023-03-29,2023-03-29 22:00:00,stavanger,1.0823575879232687,0.7584380308424693,3.2533257034605194,2.1132750599810413,4.856113878581041,5.5406450000000005,22,False
2023-03-29,2023-03-29 22:00:00,tromsø,1.101524989976524,1.3282157819747433,1.3259131382625209,0.5580398695726184,2.0671105,1.940608,22,False
2023-03-29,2023-03-29 22:00:00,trondheim,1.2582725933997232,1.6551890040261612,2.247112064628333,1.1333589695083515,4.123035368572977,3.673186594444444,22,False
2023-03-29,2023-03-29 23:00:00,bergen,0.742733766812104,0.7559277435447733,1.8512994492360864,1.158579608263508,2.7271019182277074,2.7118156458333336,23,False
2023-03-29,2023-03-29 23:00:00,oslo,0.9728316856982495,0.9016736105844583,6.764447954788181,4.674965990594279,10.979741418886872,11.312403,23,False
2023-03-29,2023-03-29 23:00:00,stavanger,1.0415573412580243,0.6494433827707933,3.2534908343845177,2.1132040248086774,4.62589720474112,5.454514,23,False
2023-03-29,2023-03-29 23:00:00,tromsø,1.0232269259580662,1.2236130041533066,1.3259953040227839,0.5580577303930502,2.008842,1.897015,23,False
2023-03-29,2023-03-29 23:00:00,trondheim,1.126144800496342,1.3406140282069732,2.247246432200401,1.1333588377635897,3.7666431890986205,3.5235725944444445,23,False
2023-03-30,2023-03-30 00:00:00,bergen,0.6309105922612218,0.7955748271261538,1.8513673041478802,1.158527611758372,2.773062708593423,2.5822946458333336,0,False
2023-03-30,2023-03-30 00:00:00,oslo,0.9232521909070834,0.8910696283550028,6.764753041409587,4.674772506469773,10.930300841393791,11.080747000000002,0,False
2023-03-30,2023-03-30 00:00:00,stavanger,0.9654546152413833,0.6836780885506641,3.253630772942375,2.113117690723923,4.6983230366191,5.29375,0,False
2023-03-30,2023-03-30 00:00:00,tromsø,0.9430394859218173,1.1370823879168617,1.326070492524917,0.5580673082428218,1.960639,1.85235,0,False
2023-03-30,2023-03-30 00:00:00,trondheim,1.0726234572025348,1.086593156764865,2.247360005783961,1.1333395521956617,3.4788390074907234,3.463006594444444,0,False
2023-03-30,2023-03-30 01:00:00,bergen,0.6479297732114869,0.7660180453741976,1.8514310644209475,1.1584736686693113,2.738842799712489,2.6020406458333336,1,False
2023-03-30,2023-03-30 01:00:00,oslo,0.9303043328972641,0.8743864947350327,6.765025591054692,4.674562135384093,10.852399591034299,11.113791,1,False
2023-03-30,2023-03-30 01:00:00,stavanger,0.9398344138832657,0.6363414634705649,3.253765879862182,2.1130287322980292,4.598373675728062,5.239663,1,False
2023-03-30,2023-03-30 01:00:00,tromsø,0.9087212356059418,1.0853631936507335,1.32614419444774,0.5580752222810103,1.9318585000000001,1.833279,1,False
2023-03-30,2023-03-30 01:00:00,trondheim,1.0970578529201533,1.0687516510676438,2.247464638313165,1.1333130270403076,3.458694807138963,3.4907745944444444,1,False
2023-03-30,2023-03-30 02:00:00,bergen,0.642770586725564,0.7208929611303243,1.8514891322241993,1.158417216012165,2.6865839492995556,2.596085645833333,2,False
2023-03-30,2023-03-30 02:00:00,oslo,0.9189927671826602,0.9231057202289503,6.765300441755635,4.674352956458627,11.080222394231699,11.060996999999997,2,False
2023-03-30,2023-03-30 02:00:00,stavanger,0.951220388234995,0.6358957286662172,3.2538973986190194,2.1129378914074026,4.59750557870199,5.2637670000000005,2,False
2023-03-30,2023-03-30 02:00:00,tromsø,0.925032605980178,1.0700275558551975,1.3262164100830367,0.5580815060783118,1.9233790000000002,1.84246,2,False
2023-03-30,2023-03-30 02:00:00,trondheim,1.1468561466987743,1.0556607854174995,2.2475691203957426,1.1332864002080263,3.443935131742318,3.547285594444445,2,False
2023-03-30,2023-03-30 03:00:00,bergen,0.6470314749477095,0.7701273260726724,1.8515444881147947,1.1583596575098762,2.7436289137833323,2.6010396458333336,3,False
2023-03-30,2023-03-30 03:00:00,oslo,0.9666343099409581,0.9024094509557078,6.765583304827422,4.674147864096143,10.983578512552217,11.283775,3,False
2023-03-30,2023-03-30 03:00:00,stavanger,0.9450771959401573,0.6486442416654736,3.2540272374995056,2.112846200372117,4.624512758895655,5.250830000000001,3,False
2023-03-30,2023-03-30 03:00:00,tromsø,0.9397498992844451,1.0523001010831774,1.3262853401731705,0.5580842947960618,1.9135575,1.850745,3,False
2023-03-30,2023-03-30 03:00:00,trondheim,1.2318660611282324,1.0146196905773015,2.247677008128402,1.133262479069729,3.397507433984996,3.643704594444445,3,False
2023-03-30,2023-03-30 04:00:00,bergen,0.826709262947636,0.7842483576529352,1.8515973669285657,1.1583011365936762,2.7599931309696846,2.809175645833333,4,False
2023-03-30,2023-03-30 04:00:00,oslo,1.143574566135269,0.926486554602362,6.765848723671727,4.6739342012403915,11.096185918217081,12.110841000000002,4,False
2023-03-30,2023-03-30 04:00:00,stavanger,1.062699769800796,0.6365207304806035,3.254150021389745,2.112750978605296,4.5989598176151985,5.49937,4,False
2023-03-30,2023-03-30 04:00:00,tromsø,1.0896378457791551,1.077792096755747,1.326357469402277,0.5580905003927098,1.9278629999999999,1.9344740000000002,4,False
2023-03-30,2023-03-30 04:00:00,trondheim,1.4323552712856937,1.0289351644387772,2.2477874172349384,1.1332406210594004,3.413818542013394,3.870990594444444,4,False
2023-03-30,2023-03-30 05:00:00,bergen,1.0612088417170369,0.8151182395733031,1.8516510118092613,1.1582429260910854,2.795755946722858,3.0807886458333336,5,False
2023-03-30,2023-03-30 05:00:00,oslo,1.3597823052876115,1.02832783540307,6.76611854512036,4.673722720296339,11.572237713356841,13.121364000000002,5,False
2023-03-30,2023-03-30 05:00:00,stavanger,1.2817661701592176,0.7365011806475483,3.254270019371319,2.11265443235431,4.810242503100545,5.962198999999999,5,False
2023-03-30,2023-03-30 05:00:00,tromsø,1.3485294379436068,1.2006239457784518,1.3264322237637851,0.558099626941691,1.9965000000000002,2.0790460000000004,5,False
2023-03-30,2023-03-30 05:00:00,trondheim,1.6773066763836282,1.178727889562334,2.247907802290934,1.1332273453127144,3.5836744794257163,4.148677594444445,5,False
2023-03-30,2023-03-30 06:00:00,bergen,0.9774113820966462,0.9231782270108206,1.8517239946921191,1.1581936448426573,2.9209431502731635,2.983755645833333,6,False
2023-03-30,2023-03-30 06:00:00,oslo,1.2504209446638919,1.0767999806691657,6.766454437396254,4.673547406209323,11.798930194058883,12.610355999999998,6,False
2023-03-30,2023-03-30 06:00:00,stavanger,1.202944909775961,0.7816688216579555,3.2544074426557192,2.112566865441559,4.905735095039063,5.795709,6,False
2023-03-30,2023-03-30 06:00:00,tromsø,1.242268347085364,1.280256295942146,1.3265091129950202,0.5581112073181862,2.0410345000000003,2.019833,6,False
2023-03-30,2023-03-30 06:00:00,trondheim,1.5174985451989351,1.2826022256626053,2.248047501697165,1.1332327785011744,3.7015343855965894,3.967726594444444,6,False
2023-03-30,2023-03-30 07:00:00,bergen,0.871455113420638,0.8927996693533001,1.851820285225746,1.158158745142874,2.885824029947937,2.861103645833333,7,False
2023-03-30,2023-03-30 07:00:00,oslo,1.136218614108319,1.113706623843955,6.76686576976882,4.6734230229086515,11.971687946407025,12.076896,7,False
2023-03-30,2023-03-30 07:00:00,stavanger,1.15424686736488,0.7700463722945015,3.2545773508427187,2.112499256527305,4.881299739806401,5.692922999999999,7,False
2023-03-30,2023-03-30 07:00:00,tromsø,1.129891734476252,1.1896551030221376,1.3265888535862478,0.5581261701202458,1.9905665,1.957211,7,False
2023-03-30,2023-03-30 07:00:00,trondheim,1.3175544289048167,1.209100604054625,2.2481960465807154,1.1332477164566503,3.618406545091976,3.741311594444445,7,False
2023-03-30,2023-03-30 08:00:00,bergen,0.7950803146703358,0.8513383091088093,1.851936739986368,1.1581394845988138,2.83790525051687,2.7727506458333333,8,False
2023-03-30,2023-03-30 08:00:00,oslo,1.064727083736521,1.0519123735313525,6.767338834992888,4.673347979038017,11.683291399960716,11.743179,8,False
2023-03-30,2023-03-30 08:00:00,stavanger,1.124668995534889,0.7371634302359987,3.254779579582543,2.112455691274328,4.812004663183885,5.630593000000001,8,False
2023-03-30,2023-03-30 08:00:00,tromsø,1.0576144638981242,1.1233702166711343,1.3266687096965386,0.5581412796944526,1.953668,1.916967,8,False
2023-03-30,2023-03-30 08:00:00,trondheim,1.098039108759312,1.1306667671506383,2.248351402620054,1.133270374340697,3.529702553083444,3.492726594444445,8,False
2023-03-30,2023-03-30 09:00:00,bergen,0.7543970604962311,0.788478702569393,1.8520603922212675,1.1581265349010867,2.7652184998712634,2.725747645833333,9,False
2023-03-30,2023-03-30 09:00:00,oslo,1.0086493077072745,1.0103165570232189,6.767841827782386,4.67329936797578,11.48935355517446,11.481562,9,False
2023-03-30,2023-03-30 09:00:00,stavanger,1.1069582284702084,0.7067964503250797,3.2549871470141443,2.112416523808142,4.7480356476497825,5.593344000000001,9,False
2023-03-30,2023-03-30 09:00:00,tromsø,0.9422430898466324,0.9682029587536188,1.3267430495436767,0.5581499680108298,1.8671455,1.852656,9,False
2023-03-30,2023-03-30 09:00:00,trondheim,0.9840158600450677,1.0116387483951956,2.2484970091379903,1.1332821254073888,3.3949691200637684,3.3636645944444443,9,False
2023-03-30,2023-03-30 10:00:00,bergen,0.7164532839348179,0.796560799028397,1.8521842319052697,1.1581137703369808,2.7746922621706847,2.681918645833333,10,False
2023-03-30,2023-03-30 10:00:00,oslo,0.957371752823688,0.9356601484417849,6.768338301019199,4.673244939371791,11.14090735469663,11.242371,10,False
2023-03-30,2023-03-30 10:00:00,stavanger,1.0991640344168334,0.6906072285548603,3.2551994168473968,2.112381328401519,4.714025231705804,5.577053,10,False
2023-03-30,2023-03-30 10:00:00,tromsø,0.8855497880587191,0.8492935497279951,1.3268114177530221,0.5581522223956579,1.8008464999999998,1.821083,10,False
2023-03-30,2023-03-30 10:00:00,trondheim,0.840071109579989,0.8924475618250844,2.2486284283825158,1.1332792607734343,3.2600207415267013,3.2006635944444444,10,False
2023-03-30,2023-03-30 11:00:00,bergen,0.666931633215982,0.7793648351350482,1.852299448804657,1.1580935114807323,2.754876807450807,2.6246686458333333,11,False
2023-03-30,2023-03-30 11:00:00,oslo,0.9387729966734032,0.8351927836606335,6.768829387960659,4.673185772902656,10.671840422194498,11.15589,11,False
2023-03-30,2023-03-30 11:00:00,stavanger,1.1083637127605206,0.7011231743884335,3.255402559587431,2.11233858836953,4.736412096048259,5.596642,11,False
2023-03-30,2023-03-30 11:00:00,tromsø,0.8025623975912541,0.7555086241078307,1.3268738837539993,0.5581486468721171,1.74856,1.7748229999999998,11,False
2023-03-30,2023-03-30 11:00:00,trondheim,0.7013681257291781,0.760343560385996,2.2487388831954154,1.1332575320879932,3.110403949977447,3.043569594444445,11,False
2023-03-30,2023-03-30 12:00:00,bergen,0.7051401408136736,0.7749578882952349,1.8524165645862956,1.158074876158295,2.7498758251016935,2.6690216458333333,12,False
2023-03-30,2023-03-30 12:00:00,oslo,0.9226634544132127,0.7920201231789975,6.769304032701421,4.673112332210775,10.470503037688292,11.081014,12,False
2023-03-30,2023-03-30 12:00:00,stavanger,1.1260801096104651,0.6863696776881466,3.255591313312599,2.1122846113587865,4.705399421196561,5.634193,12,False
2023-03-30,2023-03-30 12:00:00,tromsø,0.802301952966539,0.7013550091630429,1.3269304042654027,0.5581397304080515,1.7183845,1.774727,12,False
2023-03-30,2023-03-30 12:00:00,trondheim,0.6905955564155657,0.7440908581358844,2.24884589761618,1.133233032790226,3.09207423745299,3.031451594444445,12,False
2023-03-30,2023-03-30 13:00:00,bergen,0.8499060941787554,0.8436553192651012,1.852537076265154,1.1580591977272843,2.8295398784516532,2.8367786458333333,13,False
2023-03-30,2023-03-30 13:00:00,oslo,0.98237026350791,0.8137957837385841,6.76976601338704,4.673028243159963,10.57265669496194,11.360409999999998,13,False
2023-03-30,2023-03-30 13:00:00,stavanger,1.2518159651469516,0.7160877645953336,3.25577325273763,2.112225615329946,4.768312171940254,5.899891,13,False
2023-03-30,2023-03-30 13:00:00,tromsø,0.9533081202661845,0.6744705418827203,1.3269809598388815,0.5581259918488409,1.7034205,1.859047,13,False
2023-03-30,2023-03-30 13:00:00,trondheim,0.7864595342193116,0.7494371079620936,2.2489409865507644,1.1331995724082058,3.0982027968402512,3.140156594444445,13,False
2023-03-30,2023-03-30 14:00:00,bergen,1.0764521955261201,0.9413930513314553,1.852655291092158,1.1580415367464656,2.942827546938481,3.099231645833333,14,False
2023-03-30,2023-03-30 14:00:00,oslo,1.1339103686278393,0.9461932035956253,6.770252896825396,4.67296556216049,11.191781152378063,12.068976999999997,14,False
2023-03-30,2023-03-30 14:00:00,stavanger,1.4451303725801636,0.8458795905346805,3.2559744812080473,2.112181417474591,5.0426256337564155,6.308352000000001,14,False
2023-03-30,2023-03-30 14:00:00,tromsø,1.0953183352383942,0.8465313653503764,1.3270408586827767,0.5581200657835887,1.799507,1.93836,14,False
2023-03-30,2023-03-30 14:00:00,trondheim,0.9688295901990303,0.874258000558938,2.2490358646137696,1.133165977729004,3.2397152866045427,3.346880594444444,14,False
2023-03-30,2023-03-30 15:00:00,bergen,1.1696778328848418,1.1594720291305871,1.852784343366793,1.1580336605386428,3.1954919815530545,3.207310645833333,15,False
2023-03-30,2023-03-30 15:00:00,oslo,1.2225790805305385,1.0910820277554687,6.770775633305696,4.672935647005456,11.869331734611222,12.483809000000004,15,False
2023-03-30,2023-03-30 15:00:00,stavanger,1.4703598190380762,0.9311182408594975,3.2561876795402505,2.112147163060723,5.222846430445729,6.361804000000001,15,False
2023-03-30,2023-03-30 15:00:00,tromsø,1.106316581008703,1.060548581449961,1.3271163717872796,0.5581301399728935,1.9190405,1.944585,15,False
2023-03-30,2023-03-30 15:00:00,trondheim,0.9895565371503614,1.0391368600268847,2.2491423813412164,1.1331411304019792,3.4266310975544436,3.370449594444445,15,False
2023-03-30,2023-03-30 16:00:00,bergen,1.1330912367624901,1.1822926636423263,1.852930415406403,1.1580428723251848,3.222076007539756,3.165098645833333,16,False
2023-03-30,2023-03-30 16:00:00,oslo,1.268148779028226,1.1862336167963485,6.771376556608242,4.672985174446838,12.31462866132803,12.697417000000002,16,False
2023-03-30,2023-03-30 16:00:00,stavanger,1.4384037358384552,0.9773784589249389,3.2564248362575,2.1121345058044976,5.320779604582887,6.294526999999999,16,False
2023-03-30,2023-03-30 16:00:00,tromsø,1.1494598409041785,1.2193019192886632,1.327201620677404,0.5581520610741189,2.0077575000000003,1.968775,16,False
2023-03-30,2023-03-30 16:00:00,trondheim,1.017758013668592,1.1484214492090634,2.249276358154706,1.133140904617107,3.5505996779931532,3.4025395944444443,16,False
2023-03-30,2023-03-30 17:00:00,bergen,1.1877547786133527,1.190982459298003,1.8530844204070456,1.1580607800476368,3.2323144962447437,3.228576645833333,17,False
2023-03-30,2023-03-30 17:00:00,oslo,1.3459031005078905,1.2230679041851324,6.7720585437537,4.673128737033789,12.487612314144931,13.061637,17,False
2023-03-30,2023-03-30 17:00:00,stavanger,1.4900603867529578,0.9954531236777412,3.2566946073840537,2.1121549304952687,5.359245830636912,6.403933,17,False
2023-03-30,2023-03-30 17:00:00,tromsø,1.2671581382862604,1.40453935795249,1.3272993662522203,0.5581912883457264,2.111301,2.034616,17,False
2023-03-30,2023-03-30 17:00:00,trondheim,1.1775657177163639,1.2724071236070242,2.2494396788457998,1.1331732025847354,3.6912973340952027,3.5838255944444444,17,False
2023-03-30,2023-03-30 18:00:00,bergen,1.2591016819453833,1.252722446158861,1.853248734783724,1.1580906704823704,3.3040149123841545,3.311402645833333,18,False
2023-03-30,2023-03-30 18:00:00,oslo,1.4081868628239034,1.2845535420260163,6.772726076841108,4.673254734078452,12.775771998291432,13.353541999999997,18,False
2023-03-30,2023-03-30 18:00:00,stavanger,1.6137591085027618,1.0571647208371808,3.256971023722275,2.1121826413362057,5.489895996107604,6.665524999999999,18,False
2023-03-30,2023-03-30 18:00:00,tromsø,1.3149194810971097,1.476423276433795,1.3273956448022732,0.5582283674018498,2.1515770000000005,2.061421,18,False
2023-03-30,2023-03-30 18:00:00,trondheim,1.4064483079895975,1.3624272597168945,2.2496213788121264,1.13322914648073,3.7935636594831825,3.843449594444445,18,False
2023-03-30,2023-03-30 19:00:00,bergen,1.3673818447212862,1.2054341332070537,1.8534008480678545,1.1581064966445116,3.249421949011989,3.436974645833333,19,False
2023-03-30,2023-03-30 19:00:00,oslo,1.42453262678463,1.2495735828897483,6.773335738723807,4.673313995133005,12.612985451590959,13.430624,19,False
2023-03-30,2023-03-30 19:00:00,stavanger,1.6357776802287176,1.046338353075746,3.257221730005722,2.1121832824563205,5.467280107165191,6.712284,19,False
2023-03-30,2023-03-30 19:00:00,tromsø,1.3656773615914644,1.5038952939153092,1.3274904396827276,0.5582633071026502,2.16706,2.0898980000000003,19,False
2023-03-30,2023-03-30 19:00:00,trondheim,1.5883529331734334,1.344520131808112,2.2497943014137167,1.1332735032851668,3.77350334142533,4.049832594444444,19,False
2023-03-30,2023-03-30 20:00:00,bergen,1.2858711153943094,1.217396754927616,1.8535401247958097,1.1581086962831966,3.263417893504425,3.342718645833333,20,False
2023-03-30,2023-03-30 20:00:00,oslo,1.3258655279036422,1.20604842686403,6.7738859928977275,4.6733110384875935,12.410125419111996,12.970068,20,False
2023-03-30,2023-03-30 20:00:00,stavanger,1.522337184481356,0.9917000727102906,3.2574481311977195,2.1121607627929957,5.352078113235356,6.472869000000002,20,False
2023-03-30,2023-03-30 20:00:00,tromsø,1.3658301730937359,1.4767152556057455,1.3275790756392045,0.5582897049591421,2.1520140000000003,2.0901080000000003,20,False
2023-03-30,2023-03-30 20:00:00,trondheim,1.4924243007241098,1.1931837643866892,2.2499582585980242,1.1333066173110302,3.6022013144455443,3.941332594444445,20,False
2023-03-30,2023-03-30 21:00:00,bergen,1.1539843693957266,1.084794600182998,1.8536701943331557,1.158101865972403,3.1099728450018724,3.1901016458333333,21,False
2023-03-30,2023-03-30 21:00:00,oslo,1.2142254539288386,1.1878281409197686,6.774405918688602,4.673278807449505,12.3254579965411,12.44882,21,False
2023-03-30,2023-03-30 21:00:00,stavanger,1.3292997586381274,0.8814360439812724,3.257654334993293,2.1121207965035262,5.119353734273935,6.065296,21,False
2023-03-30,2023-03-30 21:00:00,tromsø,1.3054114361185154,1.4133712910454501,1.3276625464552019,0.5583093830645972,2.1167610000000003,2.056486,21,False
2023-03-30,2023-03-30 21:00:00,trondheim,1.415395838029346,1.0934026169853055,2.250111754909523,1.1333273678184026,3.4892948647832323,3.854218594444444,21,False
2023-03-30,2023-03-30 22:00:00,bergen,1.014902906816267,0.940963265168242,1.853787928942801,1.158083900436902,2.9435023372366818,3.029130645833333,22,False
2023-03-30,2023-03-30 22:00:00,oslo,1.0879050838861992,1.0973041099786043,6.774888778461539,4.67321303746226,11.902824651274473,11.858900999999998,22,False
2023-03-30,2023-03-30 22:00:00,stavanger,1.1882260195475514,0.8283621307430287,3.2578539363737673,2.1120754993918065,5.00741729734011,5.767477,22,False
2023-03-30,2023-03-30 22:00:00,tromsø,1.0960481594609974,1.3144681223168542,1.327737564142012,0.5583189302182883,2.06163,1.939682,22,False
2023-03-30,2023-03-30 22:00:00,trondheim,1.2673692498687747,1.0820806796784461,2.250261041872781,1.1333433825385832,3.4766300195592,3.686625594444445,22,False
2023-03-30,2023-03-30 23:00:00,bergen,0.8478617112272562,0.8632673674803496,1.8538915390146138,1.1580545433493987,2.8536022360505076,2.8357616458333337,23,False
2023-03-30,2023-03-30 23:00:00,oslo,0.9776997640900892,1.0334826259405077,6.7753417128150515,4.673122010453862,11.604932119519294,11.344251999999996,23,False
2023-03-30,2023-03-30 23:00:00,stavanger,1.1135045721493337,0.7698030313807214,3.2580439788614757,2.1120227792141733,4.883885516645682,5.609791,23,False
2023-03-30,2023-03-30 23:00:00,tromsø,0.9240529801763544,1.1904607389511066,1.3278107737545852,0.5583264567221593,1.9924765,1.8437340000000009,23,False
2023-03-30,2023-03-30 23:00:00,trondheim,1.152578389300225,0.985797437633733,2.250399005256117,1.1333472858027602,3.367649855549624,3.5566705944444443,23,False
2023-03-31,2023-03-31 00:00:00,bergen,0.7560055161063997,0.6081056437050895,1.8539900493206738,1.1580214401364846,2.5581894225991655,2.729460645833333,0,False
2023-03-31,2023-03-31 00:00:00,oslo,0.8964788615066422,0.6862707179564427,6.7757658936346425,4.6730082395080705,9.982714613178219,10.965018999999996,0,False
2023-03-31,2023-03-31 00:00:00,stavanger,1.038637594858986,0.6292523195642428,3.2582195003973418,2.111959465419191,4.587174892838026,5.45178,0,False
2023-03-31,2023-03-31 00:00:00,tromsø,0.8852564704031447,1.1095914138107834,1.32787844758637,0.5583280878913461,1.9473945000000001,1.822142,0,False
2023-03-31,2023-03-31 00:00:00,trondheim,1.0628408190357153,0.8919622123568127,2.2505344261729636,1.1333486131670703,3.2614385625449893,3.4551035944444446,0,False
2023-03-31,2023-03-31 01:00:00,bergen,0.6758953847807105,0.5143105566839395,1.8540790582638313,1.1579818492523588,2.44964134778271,2.636753645833333,1,False
2023-03-31,2023-03-31 01:00:00,oslo,0.8552037532826741,0.6413895280768622,6.776178530462558,4.672885793821512,9.773318544518812,10.772448000000002,1,False
2023-03-31,2023-03-31 01:00:00,stavanger,0.9987923488927256,0.5446754673415415,3.2583850517400132,2.111889373800698,4.408679383388543,5.367724,1,False
2023-03-31,2023-03-31 01:00:00,tromsø,0.8245777498190383,1.0679314191582754,1.3279437216372885,0.5583273117225723,1.9241989999999998,1.788328,1,False
2023-03-31,2023-03-31 01:00:00,trondheim,1.0548144845094476,0.8460363981143249,2.2506731177816555,1.1333532997688762,3.2095312613091003,3.446150594444444,1,False
2023-03-31,2023-03-31 02:00:00,bergen,0.6130078431416238,0.4712381518865366,1.8541679836941092,1.157942218979459,2.399834534957385,2.5639956458333333,2,False
2023-03-31,2023-03-31 02:00:00,oslo,0.8245771936307732,0.6226739594815276,6.77658352282943,4.67275775625669,9.686188096615801,10.629633,2,False
2023-03-31,2023-03-31 02:00:00,stavanger,0.9601658218323904,0.5383139485337033,3.258551624953671,2.1118199887355407,4.3953737816823,5.286249000000001,2,False
2023-03-31,2023-03-31 02:00:00,tromsø,0.8082141319960879,1.0280304066130384,1.3280053946061037,0.5583230823735217,1.9019785000000002,1.7792499999999998,2,False
2023-03-31,2023-03-31 02:00:00,trondheim,1.0295425988565858,0.8006774012391833,2.2508115390587626,1.1333577228194138,3.1582654552401697,3.417651594444444,2,False
2023-03-31,2023-03-31 03:00:00,bergen,0.6695647364586284,0.4786946176349285,1.8542589823531441,1.1579039654638283,2.408541378358819,2.629550645833333,3,False
2023-03-31,2023-03-31 03:00:00,oslo,0.8618541223479728,0.597570867033064,6.776992947013602,4.672633046083464,9.569222327689044,10.804121,3,False
2023-03-31,2023-03-31 03:00:00,stavanger,0.9555585838915681,0.5317360085366144,3.258715354388922,2.1117487505507655,4.381608206038969,5.276615,3,False
2023-03-31,2023-03-31 03:00:00,tromsø,0.8288753016680445,1.0515499829831207,1.3280671905381431,0.5583189757621638,1.9151675,1.7908440000000003,3,False
2023-03-31,2023-03-31 03:00:00,trondheim,1.0822143617071058,0.7887511222466206,2.2509517608275837,1.1333640330572659,3.144893913815458,3.477494594444444,3,False
2023-03-31,2023-03-31 04:00:00,bergen,0.7704621375270924,0.4987620926199095,1.85435258862839,1.1578674846608847,2.4318529982544037,2.746445645833333,4,False
2023-03-31,2023-03-31 04:00:00,oslo,1.0142311860489597,0.614876627540033,6.777400596499526,4.672507085846711,9.65041599560186,11.516403000000004,4,False
2023-03-31,2023-03-31 04:00:00,stavanger,1.0755746249964042,0.5566485250827234,3.258883248268488,2.111680304599139,4.434346975269834,5.530152999999999,4,False
2023-03-31,2023-03-31 04:00:00,tromsø,0.9755389291100954,1.03437067508927,1.3281264079943236,0.5583125139890842,1.9056285000000002,1.872782,4,False
2023-03-31,2023-03-31 04:00:00,trondheim,1.2756737673611342,0.900473488290413,2.2511023750463184,1.133381634388366,3.2716824889283,3.696927594444445,4,False
2023-03-31,2023-03-31 05:00:00,bergen,1.0045370009102996,0.6127256172030238,1.8544568284365024,1.1578387021511907,2.5638942618336387,3.017548645833333,5,False
2023-03-31,2023-03-31 05:00:00,oslo,1.199390493584602,0.7348524765857736,6.777835498048954,4.6724019674379305,10.211361655424959,12.38187,5,False
2023-03-31,2023-03-31 05:00:00,stavanger,1.2692614362005439,0.6823873242433958,3.2590624704219384,2.111619760229278,4.700005028424276,5.93926,5,False
2023-03-31,2023-03-31 05:00:00,tromsø,1.1249184531402945,1.1437448973277022,1.3281903036537779,0.5583104220514503,1.966755,1.9562440000000003,5,False
2023-03-31,2023-03-31 05:00:00,trondheim,1.5641478250754357,1.0931532617055386,2.251256456188496,1.1334031923552041,3.4902398527390575,4.024066594444444,5,False
2023-03-31,2023-03-31 06:00:00,bergen,0.9566928553868449,0.7583400913368519,1.8545762704815953,1.1578223555394276,2.732599381333214,2.962256645833333,6,False
2023-03-31,2023-03-31 06:00:00,oslo,1.1258491673121325,0.8460462570687449,6.778316442066682,4.67233507885602,10.731328047303817,12.038660999999998,6,False
2023-03-31,2023-03-31 06:00:00,stavanger,1.2119424420695366,0.8132935916986286,3.2592635537193586,2.1115758945702554,4.976594697158646,5.818372,6,False
2023-03-31,2023-03-31 06:00:00,tromsø,1.1116940784260512,1.2527476516719986,1.328255028611965,0.5583091458639279,2.0276755,1.948924,6,False
2023-03-31,2023-03-31 06:00:00,trondheim,1.4423379231963818,1.2191700069211098,2.251424630595951,1.1334417112361443,3.633282769528396,3.8862305944444446,6,False
2023-03-31,2023-03-31 07:00:00,bergen,0.8320532984708114,0.7538407355036784,1.8547068555833037,1.1578162024242298,2.727515873196861,2.818071645833333,7,False
2023-03-31,2023-03-31 07:00:00,oslo,1.0097847262102237,0.817227185311001,6.778842424991134,4.672309307663896,10.597180609395693,11.496869000000002,7,False
2023-03-31,2023-03-31 07:00:00,stavanger,1.1259227867781147,0.8230334096607931,3.259508176422548,2.111570927861483,4.997401596920989,5.636973999999999,7,False
2023-03-31,2023-03-31 07:00:00,tromsø,1.0331339381632816,1.2105931952512732,1.3283257866178035,0.5583140695268052,2.004217,1.9051390000000001,7,False
2023-03-31,2023-03-31 07:00:00,trondheim,1.1998056786158695,1.1276963082711684,2.251608999784253,1.133501548541682,3.5298545114943605,3.611590594444445,7,False
2023-03-31,2023-03-31 08:00:00,bergen,0.7598783910629315,0.7099164784440594,1.854850140428487,1.1578227723704053,2.676807605652023,2.7346546458333334,8,False
2023-03-31,2023-03-31 08:00:00,oslo,0.92501959586525,0.7713021472581512,6.779417165839243,4.672332190020281,10.383197016705266,11.101416000000002,8,False
2023-03-31,2023-03-31 08:00:00,stavanger,1.0432745791497098,0.765706483881405,3.259768409262214,2.1115817779565216,4.876620267889348,5.462728,8,False
2023-03-31,2023-03-31 08:00:00,tromsø,0.9279696682035355,1.1100844809467416,1.3283957187943263,0.5583181206867164,1.9481760000000001,1.846498,8,False
2023-03-31,2023-03-31 08:00:00,trondheim,1.0228238338402964,1.0063621044819413,2.2517952781051354,1.1335640390643689,3.392571170023003,3.4112315944444447,8,False
2023-03-31,2023-03-31 09:00:00,bergen,0.6952767529729784,0.6857748566872094,1.8549913260454831,1.1578271765101522,2.649000092085289,2.6600016458333333,9,False
2023-03-31,2023-03-31 09:00:00,oslo,0.8583422678676429,0.7010894368084002,6.7799999023756055,4.67236351716378,10.055744609188075,10.790487,9,False
2023-03-31,2023-03-31 09:00:00,stavanger,0.9640790388884518,0.7634568171375419,3.260036137141985,2.1116005853681465,4.87215199911292,5.295786,9,False
2023-03-31,2023-03-31 09:00:00,tromsø,0.8684235900321409,1.0431278930382188,1.3284667908048693,0.5583233974300332,1.9108695,1.8133280000000005,9,False
2023-03-31,2023-03-31 09:00:00,trondheim,0.8361971884212963,0.9391830742727902,2.2519696582394384,1.1336105279122513,3.3166374788720674,3.1998915944444444,9,False
2023-03-31,2023-03-31 10:00:00,bergen,0.657110361372317,0.6347501195549464,1.855125282831088,1.1578243286460186,2.5900544138627737,2.6159436458333336,10,False
2023-03-31,2023-03-31 10:00:00,oslo,0.7716038372617856,0.6635495884405775,6.780576295911132,4.672388251570737,9.880937597275484,10.385808999999998,10,False
2023-03-31,2023-03-31 10:00:00,stavanger,0.8801469142666359,0.7496099998273812,3.260298602264043,2.1116138312937656,4.843185445975658,5.118829,10,False
2023-03-31,2023-03-31 10:00:00,tromsø,0.7682057812837766,0.9453484567277374,1.328530474592295,0.5583211371970485,1.8563385000000001,1.7574360000000002,10,False
2023-03-31,2023-03-31 10:00:00,trondheim,0.7046247199232404,0.8215915655293787,2.2521311828123767,1.1336409141579435,3.1835209962235576,3.050922594444444,10,False
2023-03-31,2023-03-31 11:00:00,bergen,0.6247882260315746,0.4970021718485734,1.8552505501550869,1.1578132646207844,2.4306862572667036,2.578638645833333,11,False
2023-03-31,2023-03-31 11:00:00,oslo,0.6924218696366058,0.5756722614725568,6.78111343199811,4.672373461716058,9.470869229148551,10.016367000000002,11,False
2023-03-31,2023-03-31 11:00:00,stavanger,0.8436969735813721,0.7140930446163672,3.260556029228209,2.111621857797223,4.768450510741098,5.042125,11,False
2023-03-31,2023-03-31 11:00:00,tromsø,0.6836981038263084,0.8018741244754193,1.3285856674937964,0.5583112346954492,1.776281,1.710302,11,False
2023-03-31,2023-03-31 11:00:00,trondheim,0.5890115439252125,0.7328691408302085,2.2522840719074537,1.1336611810477093,3.0831093676544477,2.920023594444445,11,False
2023-03-31,2023-03-31 12:00:00,bergen,0.6263334205004172,0.5079776763406123,1.8553704408800014,1.1577973986665921,2.4435056731278624,2.580537645833333,12,False
2023-03-31,2023-03-31 12:00:00,oslo,0.6444888614313657,0.5507889924914994,6.78161777457467,4.672327802124492,9.35508449729684,9.792881,12,False
2023-03-31,2023-03-31 12:00:00,stavanger,0.8750303849125927,0.7202972300216615,3.260814090425134,2.1116305689881125,4.781815740096336,5.108554999999999,12,False
2023-03-31,2023-03-31 12:00:00,tromsø,0.7387072104594107,0.777764325202778,1.328636412925331,0.5582977683650615,1.7628605,1.7410549999999998,12,False
2023-03-31,2023-03-31 12:00:00,trondheim,0.5692126821145524,0.6757505997982477,2.252434386595844,1.1336785495561654,3.01851834643683,2.8977385944444443,12,False
2023-03-31,2023-03-31 13:00:00,bergen,0.7266013219000379,0.5366052986520863,1.8554950065273677,1.1577857264367881,2.476768962037103,2.6967436458333336,13,False
2023-03-31,2023-03-31 13:00:00,oslo,0.6759035183943248,0.5831348543995667,6.78211647950384,4.67227708475067,9.506684097034354,9.940124999999997,13,False
2023-03-31,2023-03-31 13:00:00,stavanger,0.9088734001348598,0.722357115524406,3.261065956096673,2.111632977286553,4.786419062615601,5.180273,13,False
2023-03-31,2023-03-31 13:00:00,tromsø,0.7802658106915129,0.827949204815806,1.328690053160071,0.5582866003751545,1.7909229999999998,1.7643019999999996,13,False
2023-03-31,2023-03-31 13:00:00,trondheim,0.7102370276907239,0.7258489223763461,2.2525880583274267,1.133699743499777,3.07548279544508,3.0577835944444445,13,False
2023-03-31,2023-03-31 14:00:00,bergen,0.8592098153924186,0.6116970161976478,1.8556163158398298,1.1577711429415787,2.5638214694169337,2.850384645833333,14,False
2023-03-31,2023-03-31 14:00:00,oslo,0.7688790221304236,0.6987556501262011,6.782632715331916,4.672242552169297,10.047388597420273,10.375022,14,False
2023-03-31,2023-03-31 14:00:00,stavanger,1.0409243694754668,0.817237455876497,3.2613106589131036,2.1116282849584116,4.987012386269367,5.459356,14,False
2023-03-31,2023-03-31 14:00:00,tromsø,0.8778767035103491,0.9396994019012949,1.3287512339948029,0.5582820048025341,1.8533685,1.8188540000000004,14,False
2023-03-31,2023-03-31 14:00:00,trondheim,0.8099877120604585,0.8755501804752167,2.2527447341526234,1.1337244338631125,3.2453773668306347,3.1710475944444445,14,False
2023-03-31,2023-03-31 15:00:00,bergen,0.87135234018938,0.7438492678178302,1.8557404976433014,1.157759153972979,2.7169387966354925,2.8645566458333334,15,False
2023-03-31,2023-03-31 15:00:00,oslo,0.8268583315681269,0.8459759333428079,6.783168450218496,4.672226670867381,10.735759768894688,10.646438000000003,15,False
2023-03-31,2023-03-31 15:00:00,stavanger,1.089754927509151,0.9310877800610592,3.261553614427582,2.111621913774823,5.227658974452467,5.562703999999998,15,False
2023-03-31,2023-03-31 15:00:00,tromsø,0.9656213544614582,1.0196222854632888,1.3288124093539624,0.5582774119019905,1.8980444999999997,1.867897,15,False
2023-03-31,2023-03-31 15:00:00,trondheim,0.8908685235018321,1.0109636044488612,2.2529003124991798,1.1337478598694566,3.3990781354489883,3.2629205944444446,15,False
2023-03-31,2023-03-31 16:00:00,bergen,0.9058153686649733,0.7694959568559895,1.8558826249635882,1.157764658393235,2.7467778485879384,2.9046036458333333,16,False
2023-03-31,2023-03-31 16:00:00,oslo,0.9034784418363822,0.8899468696480908,6.783742450165328,4.6722493358608945,10.941796120830102,11.005019,16,False
2023-03-31,2023-03-31 16:00:00,stavanger,1.0979860050083685,0.9554352160879448,3.2618150884929538,2.111634302196205,5.279344864310501,5.580359999999999,16,False
2023-03-31,2023-03-31 16:00:00,tromsø,1.0363603532195609,1.1480333182115265,1.3288827272083137,0.5582819441078232,1.969809,1.9074640000000005,16,False
2023-03-31,2023-03-31 16:00:00,trondheim,0.9426165797107973,1.1589497531232336,2.2530739904965755,1.1337935560986685,3.5670837524298404,3.3218065944444444,16,False
2023-03-31,2023-03-31 17:00:00,bergen,0.9834080466606915,0.8625308658605789,1.8560393944783917,1.157786185725393,2.854665715733532,2.994615645833333,17,False
2023-03-31,2023-03-31 17:00:00,oslo,1.00418217991742,0.9612667848826866,6.7844068122564645,4.67237348120376,11.275804246304329,11.476321,17,False
2023-03-31,2023-03-31 17:00:00,stavanger,1.206745219149874,0.9779084204141478,3.2621001796384856,2.111672604890618,5.327122601118899,5.810351,17,False
2023-03-31,2023-03-31 17:00:00,tromsø,1.0955468098195151,1.2695447360657413,1.3289597782500886,0.5582940101397172,2.037739,1.940597,17,False
2023-03-31,2023-03-31 17:00:00,trondheim,1.0327367626151391,1.3085236252860977,2.2532724827157216,1.1338737557511618,3.736973080207995,3.4242655944444453,17,False
2023-03-31,2023-03-31 18:00:00,bergen,0.958034150460944,0.9564132783985495,1.8562218142247147,1.1578395520398925,2.963594936050696,2.965471645833333,18,False
2023-03-31,2023-03-31 18:00:00,oslo,1.0604297567445278,1.0096376278796717,6.785123692325856,4.672563435871081,11.502719555836023,11.740049,18,False
2023-03-31,2023-03-31 18:00:00,stavanger,1.2222441967924127,1.0163597325991203,3.2624296731237705,2.1117656632364485,5.408743257922771,5.843523,18,False
2023-03-31,2023-03-31 18:00:00,tromsø,1.1964202829171668,1.4564380844966147,1.3290489664698937,0.5583213884517151,2.1422095,1.997036,18,False
2023-03-31,2023-03-31 18:00:00,trondheim,1.1243549385345748,1.4151239036081933,2.253487021926079,1.133978718659898,3.858207412884691,3.5284815944444445,18,False
2023-03-31,2023-03-31 19:00:00,bergen,0.9604871696982775,0.9673600003392651,1.8564029635378545,1.157891242466925,2.9765006362434914,2.9685426458333333,19,False
2023-03-31,2023-03-31 19:00:00,oslo,1.0533516307990787,0.9656148070785541,6.785858577735804,4.67277714140935,11.297961375658872,11.707936,19,False
2023-03-31,2023-03-31 19:00:00,stavanger,1.2046718222377124,0.9555838103442924,3.262759979383583,2.1118598224458203,5.280819035429381,5.806858000000001,19,False
2023-03-31,2023-03-31 19:00:00,tromsø,1.1859515472809516,1.4360543196440088,1.3291393985361821,0.558350468011952,2.1309609999999997,1.991316,19,False
2023-03-31,2023-03-31 19:00:00,trondheim,1.1156208316278504,1.397082178480737,2.2537039368797465,1.134087515844046,3.8381173941029534,3.518915594444444,19,False
2023-03-31,2023-03-31 20:00:00,bergen,0.9350382715334793,0.9412777332318891,1.8565766876504957,1.1579333072721938,2.946513526353371,2.939288645833333,20,False
2023-03-31,2023-03-31 20:00:00,oslo,1.036208821632016,0.9082483955420252,6.786561186024551,4.672948842829886,11.030759474974758,11.628712,20,False
2023-03-31,2023-03-31 20:00:00,stavanger,1.1518863135873958,0.9628978271669163,3.2630683922755352,2.111925959210462,5.2966373095366945,5.695766999999999,20,False
2023-03-31,2023-03-31 20:00:00,tromsø,1.1230332532629477,1.377254184426302,1.3292275951369217,0.5583765245072885,2.0982540000000003,1.956303,20,False
2023-03-31,2023-03-31 20:00:00,trondheim,1.1599522348493618,1.319172146469523,2.2539092543558517,1.134178029545711,3.750085320070241,3.5695015944444446,20,False
2023-03-31,2023-03-31 21:00:00,bergen,0.8482338976956034,0.933906472579353,1.856726592519867,1.1579471841220161,2.938140962676454,2.8389366458333334,21,False
2023-03-31,2023-03-31 21:00:00,oslo,0.9880416827348872,0.864284954976682,6.787192378496401,4.673034247627464,10.826025572811595,11.404344999999998,21,False
2023-03-31,2023-03-31 21:00:00,stavanger,1.0916421140645018,0.9241479824510083,3.26334689476671,2.111956909255943,5.215107611479057,5.568847999999999,21,False
2023-03-31,2023-03-31 21:00:00,tromsø,1.0656119800549513,1.302041020911998,1.3293089247019945,0.5583937553586072,2.0563605,1.92434,21,False
2023-03-31,2023-03-31 21:00:00,trondheim,1.075769589935827,1.1690569327873872,2.2540863476333324,1.1342282383013806,3.580063732982786,3.474254594444444,21,False
2023-03-31,2023-03-31 22:00:00,bergen,0.7590868501851341,0.8033579789851513,1.856846859814334,1.1579317779047633,2.7870805927145876,2.735817645833333,22,False
2023-03-31,2023-03-31 22:00:00,oslo,0.7376594326784917,0.7306041881071424,6.787733664503186,4.67302413931068,10.201864671809343,10.234834,22,False
2023-03-31,2023-03-31 22:00:00,stavanger,0.7518449096703567,0.7980711436689742,3.263589137521635,2.1119500073154125,4.949075495231545,4.851448,22,False
2023-03-31,2023-03-31 22:00:00,tromsø,1.322853646663855,1.1996254504813986,1.3293798628746754,0.5583989876644515,1.9992495,2.06806,22,False
2023-03-31,2023-03-31 22:00:00,trondheim,1.1424746897432707,1.0593542653378585,2.25424053989753,1.1342501205327444,3.455813243043873,3.5500925944444446,22,False
2023-03-31,2023-03-31 23:00:00,bergen,0.6199662695915676,0.6559182609017862,1.8569481033289086,1.1579009660918311,2.6164364913043605,2.5748076458333333,23,False
2023-03-31,2023-03-31 23:00:00,oslo,0.6489688400036232,0.6148877447338569,6.788243760707965,4.672984359734596,9.661604574841757,9.820865,23,False
2023-03-31,2023-03-31 23:00:00,stavanger,0.6539401428165015,0.696564777417399,3.26381164145821,2.1119247284522875,4.734904019854879,4.644884,23,False
2023-03-31,2023-03-31 23:00:00,tromsø,1.2336711599617525,1.108338485205388,1.3294446384660765,0.5583978809679563,1.9483384999999998,2.018324,23,False
2023-03-31,2023-03-31 23:00:00,trondheim,0.9918873372140173,0.8541497337177401,2.254376821437889,1.1342525817161484,3.2231983620793963,3.379427594444444,23,False
2023-04-01,2023-04-01 00:00:00,bergen,0.48895841893307673,0.6735397553302852,1.8570350832183027,1.1578603429109142,2.6369000552891597,2.4231806458333334,0,True
2023-04-01,2023-04-01 00:00:00,oslo,0.5450478358424485,0.7078063088899867,6.788744372699386,4.672935951326004,10.096277920086763,9.335717999999998,0,True
2023-04-01,2023-04-01 00:00:00,stavanger,0.5534707178018596,0.6834840380214126,3.2640235783811153,2.1118902663199886,4.707466865463617,4.432893,0,True
2023-04-01,2023-04-01 00:00:00,tromsø,1.128559677572017,1.0210000168981253,1.32950482232185,0.5583924272697013,1.8996235000000001,1.959684,0,True
2023-04-01,2023-04-01 00:00:00,trondheim,0.8375041068679527,1.0660282885957622,2.2545066765314483,1.134248668302675,3.4636478432441713,3.204444594444445,0,True
2023-04-01,2023-04-01 01:00:00,bergen,0.4592100582605511,0.6320481510350124,1.8571206018643585,1.1578188116848784,2.588917841023341,2.3888026458333336,1,True
2023-04-01,2023-04-01 01:00:00,oslo,0.48638911144051045,0.6559567875107892,6.7892361965317924,4.6728796965394155,9.85444335069818,9.062074,1,True
2023-04-01,2023-04-01 01:00:00,stavanger,0.5342267231923427,0.689709350200823,3.2642366578221464,2.111856807604237,4.720804044312049,4.392447,1,True
2023-04-01,2023-04-01 01:00:00,tromsø,1.1062856578985272,1.0229798704868447,1.3295667269081044,0.5583885759355629,1.9007870000000002,1.9473040000000004,1,True
2023-04-01,2023-04-01 01:00:00,trondheim,0.77115955987344,1.0367724152344187,2.2546292166892767,1.1342378714707455,3.4305757541443476,3.129307594444444,1,True
2023-04-01,2023-04-01 02:00:00,bergen,0.41781539966190806,0.5963401245490031,1.8572055986848315,1.1577769693025597,2.547634460758687,2.340942645833333,2,True
2023-04-01,2023-04-01 02:00:00,oslo,0.4905557180802218,0.6376217923432369,6.7897340527246985,4.672828921954262,9.76923160525449,9.082017,2,True
2023-04-01,2023-04-01 02:00:00,stavanger,0.5199356233920492,0.6708191471035827,3.2644546056096173,2.111827589783055,4.6811089882177015,4.362468999999999,2,True
2023-04-01,2023-04-01 02:00:00,tromsø,1.0840013036039848,1.0252991234044428,1.3296303973814578,0.5583864157783999,1.9021435,1.9349219999999998,2,True
2023-04-01,2023-04-01 02:00:00,trondheim,0.7701220675060484,0.996547949527922,2.2547538171112818,1.1342289932839809,3.385067394663552,3.128248594444445,2,True
2023-04-01,2023-04-01 03:00:00,bergen,0.3981041102829972,0.5985053002161478,1.8572945298143453,1.1577376472987224,2.550206647982404,2.3181946458333336,3,True
2023-04-01,2023-04-01 03:00:00,oslo,0.5050200854742344,0.6513263081583356,6.790259305224673,4.672803642174594,9.833779250231075,9.150119,3,True
2023-04-01,2023-04-01 03:00:00,stavanger,0.5132542774315478,0.639805255295896,3.2646772880479222,2.11180258911069,4.6158196827084215,4.348569000000001,3,True
2023-04-01,2023-04-01 03:00:00,tromsø,1.034524536584846,1.0367944593472354,1.3296988335888666,0.5583890434519009,1.9086335,1.907366,3,True
2023-04-01,2023-04-01 03:00:00,trondheim,0.7955074353208377,0.9770606408846405,2.2548850228875916,1.1342264465359155,3.3630930416482814,3.157170594444445,3,True
2023-04-01,2023-04-01 04:00:00,bergen,0.38006506164262294,0.6767729327369273,1.8574103056534985,1.1577184660914097,2.640922827233879,2.297418645833333,4,True
2023-04-01,2023-04-01 04:00:00,oslo,0.4735158082769443,0.6796095732882762,6.79090175,4.6729025965398545,9.966651089652128,9.003595,4,True
2023-04-01,2023-04-01 04:00:00,stavanger,0.48507428868247104,0.691844712980372,3.2649485857733884,2.111825833954225,4.726004123729984,4.289341,4,True
2023-04-01,2023-04-01 04:00:00,tromsø,1.0829054914125487,1.1509116819308254,1.3297791083726416,0.5584050468139968,1.972454,1.934479,4,True
2023-04-01,2023-04-01 04:00:00,trondheim,0.8142756111211924,1.0508665100609478,2.255047634511596,1.1342584099517927,3.447001811284916,3.178646594444444,4,True
2023-04-01,2023-04-01 05:00:00,bergen,0.3856093089261878,0.7265175678195118,1.8575545594372715,1.1577264242900218,2.6986631454128385,2.3039846458333333,5,True
2023-04-01,2023-04-01 05:00:00,oslo,0.481383238766301,0.6327400332058523,6.791670493220139,4.673163345996709,9.748568023942468,9.041253,5,True
2023-04-01,2023-04-01 05:00:00,stavanger,0.47388448178276354,0.7041903711565666,3.2652836736656448,2.1119267771109316,4.752482174694883,4.266093000000001,5,True
2023-04-01,2023-04-01 05:00:00,tromsø,1.1225549920323943,1.3013857255092245,1.329876586959085,0.5584442788909041,2.056628,1.956761,5,True
2023-04-01,2023-04-01 05:00:00,trondheim,0.8884119315306774,1.0678794534769898,2.255241052500033,1.134331390853921,3.466570238226912,3.2629945944444447,5,True
2023-04-01,2023-04-01 06:00:00,bergen,0.5264559612380456,0.787672202596242,1.8576947169574785,1.1577301308214507,2.769606559113646,2.4671886458333336,6,True
2023-04-01,2023-04-01 06:00:00,oslo,0.6005689771695685,0.6984335191947595,6.792373312426315,4.673336110035591,10.056387898138421,9.599034,6,True
2023-04-01,2023-04-01 06:00:00,stavanger,0.5434321763870736,0.740581632173612,3.2655805303417043,2.1119792303958174,4.829673555905007,4.413298,6,True
2023-04-01,2023-04-01 06:00:00,tromsø,1.1548381455659988,1.2714593421791558,1.3299679922188163,0.5584748046793068,2.0400460000000002,1.9749160000000003,6,True
2023-04-01,2023-04-01 06:00:00,trondheim,1.0320198369007971,1.1275154373941045,2.2554223256127357,1.1343873702538565,3.5344615975588605,3.4261325944444447,6,True
2023-04-01,2023-04-01 07:00:00,bergen,0.6963070627699492,0.7951630364335494,1.8578116303052183,1.1577119616183578,2.7783813890211126,2.6639346458333333,7,True
2023-04-01,2023-04-01 07:00:00,oslo,0.7367358622757255,0.7343146620987301,6.792983054343982,4.673398054793542,10.224727767802564,10.236043,7,True
2023-04-01,2023-04-01 07:00:00,stavanger,0.6731791617800569,0.8069658551400525,3.2658372801318323,2.1119871210937524,4.97013877335003,4.687583,7,True
2023-04-01,2023-04-01 07:00:00,tromsø,1.19801708506241,1.1810166740245334,1.330044635388424,0.5584864965233118,1.9896265,1.9991209999999997,7,True
2023-04-01,2023-04-01 07:00:00,trondheim,1.097878845022404,1.0354083332575983,2.25557783831683,1.1344109250071206,3.4301563634076633,3.5010235944444443,7,True
2023-04-01,2023-04-01 08:00:00,bergen,0.8433428025163917,0.8227562477352848,1.8579113903259077,1.1576801895910525,2.810399999191315,2.8342326458333336,8,True
2023-04-01,2023-04-01 08:00:00,oslo,0.8482386159490123,0.7806373571129019,6.7935084339933995,4.673373142263174,10.441718092572142,10.757644,8,True
2023-04-01,2023-04-01 08:00:00,stavanger,0.8023418403538143,0.8726906220982269,3.266061921187922,2.1119639953773746,5.10915309416286,4.960578999999999,8,True
2023-04-01,2023-04-01 08:00:00,tromsø,1.1999322489149427,1.0950038966771063,1.3301098178925035,0.5584858501081922,1.9416540000000002,2.000255,8,True
2023-04-01,2023-04-01 08:00:00,trondheim,1.1486856841113122,1.0259014700502609,2.255705169028302,1.1344046882801309,3.419492606366796,3.558779594444444,8,True
2023-04-01,2023-04-01 09:00:00,bergen,0.8959508255819308,0.8380864179388757,1.8580009295428206,1.157641342220814,2.828204415302615,2.8951906458333334,9,True
2023-04-01,2023-04-01 09:00:00,oslo,0.902376976786752,0.7883435777453952,6.793997373364761,4.673314739979023,10.478175035410116,11.011088999999998,9,True
2023-04-01,2023-04-01 09:00:00,stavanger,0.8237811633045875,0.944841280105843,3.2662644803015124,2.111921948687751,5.261695517783274,5.006025999999999,9,True
2023-04-01,2023-04-01 09:00:00,tromsø,1.116813509615988,0.9592484562398554,1.3301625901001768,0.5584740912690823,1.8658780000000001,1.953874,9,True
2023-04-01,2023-04-01 09:00:00,trondheim,1.0763802953028512,1.0036819104283052,2.255810252048386,1.134379129499496,3.394366063894438,3.476833594444445,9,True
2023-04-01,2023-04-01 10:00:00,bergen,0.897490716068061,0.7789957128471623,1.8580851697874932,1.1575991343926646,2.759849932674965,2.8970196458333333,10,True
2023-04-01,2023-04-01 10:00:00,oslo,0.8907409412771818,0.7699897841164739,6.794449910558567,4.673225285314578,10.392785639125586,10.957083,10,True
2023-04-01,2023-04-01 10:00:00,stavanger,0.8426994433583626,0.917689679771128,3.2664507081496974,2.11186717385013,5.204489418639381,5.04612,10,True
2023-04-01,2023-04-01 10:00:00,tromsø,1.0268208595530097,0.8166958552779509,1.3302025124911618,0.5584532902442803,1.786289,1.9036340000000003,10,True
2023-04-01,2023-04-01 10:00:00,trondheim,0.9710571531696109,0.882879133434516,2.2559007751855997,1.1343429330224477,3.2573884809100253,3.3574125944444444,10,True
2023-04-01,2023-04-01 11:00:00,bergen,0.834813515679164,0.7472951066471883,1.8581600323391658,1.1575514714900133,2.723192582675905,2.8244996458333333,11,True
2023-04-01,2023-04-01 11:00:00,oslo,0.8811629867921321,0.7629042334560149,6.7948575318722755,4.673100810916284,10.359985923887045,10.912621000000003,11,True
2023-04-01,2023-04-01 11:00:00,stavanger,0.8063788248840318,0.8762295228922496,3.2666134546198107,2.1117959609431582,5.117031421922814,4.969520999999999,11,True
2023-04-01,2023-04-01 11:00:00,tromsø,0.9378463399140123,0.7511303004055528,1.3302396544126311,0.5584308679344925,1.749694,1.853962,11,True
2023-04-01,2023-04-01 11:00:00,trondheim,0.8152850334282542,0.7957506478236677,2.2559794103710904,1.1342992280683573,3.158598755932372,3.180756594444444,11,True
2023-04-01,2023-04-01 12:00:00,bergen,0.8488267526748792,0.718050062839181,1.8582359429910853,1.1575044021009748,2.689382051656319,2.8407566458333333,12,True
2023-04-01,2023-04-01 12:00:00,oslo,0.8516182715499568,0.7480214240923687,6.795248937912347,4.6729646310250725,10.290726595944992,10.774831,12,True
2023-04-01,2023-04-01 12:00:00,stavanger,0.7490042723809273,0.8388458934809598,3.2667874299432533,2.1117323737404936,5.0382054597862655,4.848484,12,True
2023-04-01,2023-04-01 12:00:00,tromsø,0.8481739171475288,0.7202006304809234,1.3302786205230914,0.5584095076511614,1.7324454999999999,1.803907,12,True
2023-04-01,2023-04-01 12:00:00,trondheim,0.7898524674221159,0.7637134886651582,2.2560497231873105,1.1342508990078892,3.1222924342902174,3.151940594444445,12,True
2023-04-01,2023-04-01 13:00:00,bergen,0.8737498980440553,0.6924902607751707,1.858322091147858,1.1574634308392027,2.659854244207421,2.8696556458333338,13,True
2023-04-01,2023-04-01 13:00:00,oslo,0.8288759729245573,0.7315791455265351,6.79566974296148,4.672850201426997,10.214229500494941,10.668882999999996,13,True
2023-04-01,2023-04-01 13:00:00,stavanger,0.7218709206761268,0.823790686587773,3.2669798714051517,2.111682414311803,5.006564177346398,4.791341999999999,13,True
2023-04-01,2023-04-01 13:00:00,tromsø,0.7581547841191459,0.7151177729880935,1.3303228340204971,0.5583914720941381,1.7296385000000003,1.7536700000000005,13,True
2023-04-01,2023-04-01 13:00:00,trondheim,0.7012380433916324,0.7261601397148139,2.2561380804580438,1.1342132981541702,3.0797585675120756,3.0514915944444443,13,True
2023-04-01,2023-04-01 14:00:00,bergen,0.8571357044153342,0.660773033655568,1.858427150694935,1.1574357362876533,2.623229473423094,2.8505066458333337,14,True
2023-04-01,2023-04-01 14:00:00,oslo,0.8739590546714652,0.6994898466456444,6.796185556654888,4.672816674323828,10.064773375580872,10.880036,14,True
2023-04-01,2023-04-01 14:00:00,stavanger,0.7990560417548299,0.8024388280951172,3.267207536555752,2.1116622305222053,4.961687302148712,4.954544,14,True
2023-04-01,2023-04-01 14:00:00,tromsø,0.8994974637090559,0.8949996682789723,1.3303814089517079,0.5583846662304217,1.8301355,1.832647,14,True
2023-04-01,2023-04-01 14:00:00,trondheim,0.6997469735079165,0.7168054513282879,2.256252019270056,1.134195080824326,3.0692492360746613,3.049901594444445,14,True
2023-04-01,2023-04-01 15:00:00,bergen,0.936318585295049,0.6835653846036732,1.8585372482682645,1.157412033238212,2.6497040499136624,2.9422436458333334,15,True
2023-04-01,2023-04-01 15:00:00,oslo,0.9388200801239004,0.7410496856134756,6.7967598826993285,4.672841165393165,10.259567359235641,11.183717,15,True
2023-04-01,2023-04-01 15:00:00,stavanger,0.8470015824608872,0.767829579354816,3.2674400337249243,2.1116465462538465,4.888824713081066,5.056007999999999,15,True
2023-04-01,2023-04-01 15:00:00,tromsø,1.1357068954537344,1.0297145307956428,1.330442161347309,0.558379843594535,1.905414,1.964598,15,True
2023-04-01,2023-04-01 15:00:00,trondheim,0.7864544846477615,0.76742413377251,2.256373135225206,1.1341831938548121,3.126772690308574,3.1483565944444445,15,True
2023-04-01,2023-04-01 16:00:00,bergen,1.0606508936772479,0.7502303951101819,1.8586387444290706,1.157381668862111,2.726941651152774,3.0862166458333333,16,True
2023-04-01,2023-04-01 16:00:00,oslo,1.0801886978367208,0.8054598572985963,6.797362536622704,4.672896016673819,10.561192695383978,11.844971999999997,16,True
2023-04-01,2023-04-01 16:00:00,stavanger,0.9428970567043308,0.8429684530842846,3.2676809192602843,2.1116388757209386,5.047725875799402,5.258738999999999,16,True
2023-04-01,2023-04-01 16:00:00,tromsø,1.283122269595934,1.0739291265161794,1.3304990267310408,0.5583715521472309,1.9301504999999999,2.046958,16,True
2023-04-01,2023-04-01 16:00:00,trondheim,0.990978337086932,0.7780451353436283,2.2564990165793297,1.1341757289761203,3.1389389251340134,3.3804425944444443,16,True
2023-04-01,2023-04-01 17:00:00,bergen,1.1186998695603663,0.8607696755897077,1.8587578905377957,1.157365608529439,2.8549831099303655,3.153502645833333,17,True
2023-04-01,2023-04-01 17:00:00,oslo,1.2267624169705384,0.8732238790901288,6.798044238902626,4.673043192221507,10.87865714237001,12.530758000000002,17,True
2023-04-01,2023-04-01 17:00:00,stavanger,1.0734044879197302,0.9403356024568158,3.2679621208475607,2.1116735626336807,5.253643952558834,5.534641999999999,17,True
2023-04-01,2023-04-01 17:00:00,tromsø,1.4722966304659508,1.2653471884602872,1.330568619686801,0.5583755089169932,2.0371075000000003,2.1526630000000004,17,True
2023-04-01,2023-04-01 17:00:00,trondheim,1.2095614504911276,0.9362953907979846,2.256646552029449,1.134190447172372,3.318583840004046,3.628519594444444,17,True
2023-04-01,2023-04-01 18:00:00,bergen,1.194070284859031,0.8846319246268897,1.8589002826681578,1.1573718739080163,2.882748390992436,3.240883645833333,18,True
2023-04-01,2023-04-01 18:00:00,oslo,1.2007112326178504,0.9616332011850082,6.798790372969155,4.6732740350874495,11.29276584334508,12.410043000000002,18,True
2023-04-01,2023-04-01 18:00:00,stavanger,1.1000511568426279,0.9642110285983755,3.2682763533504042,2.1117478329982116,5.304446903546,5.591307,18,True
2023-04-01,2023-04-01 18:00:00,tromsø,1.4502620423175046,1.3489410773759238,1.3306506476336237,0.558393813487869,2.0838910000000004,2.1404680000000003,18,True
2023-04-01,2023-04-01 18:00:00,trondheim,1.3465046021789968,1.1059048730510697,2.2568211481022553,1.1342378212972224,3.511180281873682,3.784077594444444,18,True
2023-04-01,2023-04-01 19:00:00,bergen,1.1051364571118567,0.9356527472959744,1.8590633017809497,1.1574012745856967,2.9419889840709192,3.138149645833334,19,True
2023-04-01,2023-04-01 19:00:00,oslo,1.0961673808402173,0.967327278918807,6.799560341024132,4.67353777216859,11.320400917100237,11.92254,19,True
2023-04-01,2023-04-01 19:00:00,stavanger,0.9972784957198138,0.9120889625771066,3.2686000686707866,2.111834297408656,5.194780822129,5.374687000000001,19,True
2023-04-01,2023-04-01 19:00:00,tromsø,1.4279217974095526,1.4076943443070258,1.330741864390818,0.5584242337750922,2.1168324999999997,2.128128,19,True
2023-04-01,2023-04-01 19:00:00,trondheim,1.2811986431786782,1.130676600669875,2.2570167034226016,1.1343142601339498,3.53955929516222,3.710298594444444,19,True
2023-04-01,2023-04-01 20:00:00,bergen,1.0115319359392805,0.9415960327652685,1.8592291206773774,1.1574340696112577,2.9490644488106974,3.030010645833333,20,True
2023-04-01,2023-04-01 20:00:00,oslo,0.9888397091862263,0.8966808354707908,6.800292918549905,4.673750496178461,10.991155418245231,11.421882999999996,20,True
2023-04-01,2023-04-01 20:00:00,stavanger,0.9001110670805227,0.9227293166588361,3.2689107250892575,2.111904124317012,5.217626574569271,5.169859,20,True
2023-04-01,2023-04-01 20:00:00,tromsø,1.3348488068231514,1.3648798567637126,1.330833564854049,0.5584553331699634,2.093058,2.076287,20,True
2023-04-01,2023-04-01 20:00:00,trondheim,1.2144754704097462,1.0599906415124039,2.2572132091771944,1.1343921049327055,3.4596582242114193,3.634904594444444,20,True
2023-04-01,2023-04-01 21:00:00,bergen,0.9444323976489803,0.8914974059010707,1.859372488751422,1.1574414005735918,2.891228494845281,2.952497645833333,21,True
2023-04-01,2023-04-01 21:00:00,oslo,0.9340875154436419,0.8210555509913804,6.800944000117688,4.673860776105966,10.638443334900373,11.166739000000002,21,True
2023-04-01,2023-04-01 21:00:00,stavanger,0.8193829002664631,0.8967175100576255,3.2691843240388767,2.111930423979279,5.162989315244521,4.999663999999999,21,True
2023-04-01,2023-04-01 21:00:00,tromsø,1.2568176938149738,1.2781838002149588,1.330918989761092,0.5584779826804708,2.0447565,2.032824,21,True
2023-04-01,2023-04-01 21:00:00,trondheim,1.1366402125783805,0.9480856221901118,2.2573922844255487,1.1344454434652311,3.3329436985340197,3.5468485944444446,21,True
2023-04-01,2023-04-01 22:00:00,bergen,0.8545185952873594,0.7834495889485503,1.859488457939123,1.1574226627117616,2.7662707672803895,2.848527645833333,22,True
2023-04-01,2023-04-01 22:00:00,oslo,0.8671652904349619,0.7392124695635541,6.801529452577077,4.673897343596349,10.25653265042347,10.854571000000002,22,True
2023-04-01,2023-04-01 22:00:00,stavanger,0.7930513763674836,0.8291401883402247,3.2694237572791636,2.111921487851676,5.02050273747627,4.944285999999999,22,True
2023-04-01,2023-04-01 22:00:00,tromsø,1.129067039826226,1.1274394274358803,1.3309929865850787,0.5584867781739266,1.960653,1.961562,22,True
2023-04-01,2023-04-01 22:00:00,trondheim,1.1054042211467703,0.8847289098220799,2.257544135838825,1.1344650532496148,3.261238165631604,3.5115865944444447,22,True
2023-04-01,2023-04-01 23:00:00,bergen,0.7515163679459586,0.7434630474271358,1.8595946396296623,1.1573959574307215,2.720075765220954,2.7293966458333334,23,True
2023-04-01,2023-04-01 23:00:00,oslo,0.8131422945731199,0.7521353900216629,6.802087100247087,4.673905078013567,10.317496519023052,10.602636999999996,23,True
2023-04-01,2023-04-01 23:00:00,stavanger,0.7548842690435702,0.8629759839024889,3.269657502924854,2.1119071657103636,5.092182667164471,4.863903,23,True
2023-04-01,2023-04-01 23:00:00,tromsø,1.1018345133350103,1.0978308838498148,1.331064873514531,0.5584932392641144,1.9441959999999998,1.946432,23,True
2023-04-01,2023-04-01 23:00:00,trondheim,1.0195330448437911,0.8332369541998133,2.2576787911463443,1.1344662236772456,3.2029579720057364,3.414304594444444,23,True
2023-04-02,2023-04-02 00:00:00,bergen,0.7143950139885916,0.718449159229933,1.859688351042157,1.15736011394444,2.6911927518317995,2.686500645833333,0,True
2023-04-02,2023-04-02 00:00:00,oslo,0.7612258585698567,0.8257006736006026,6.802627652470588,4.673895805659778,10.661866567542898,10.360518000000004,0,True
2023-04-02,2023-04-02 00:00:00,stavanger,0.6968464617013309,0.8772691777129372,3.269888630748039,2.1118904236938176,5.122585006161741,4.741552,0,True
2023-04-02,2023-04-02 00:00:00,tromsø,1.018203024894929,1.0087400626935497,1.3311305388235295,0.5584931956327197,1.894505,1.89979,0,True
2023-04-02,2023-04-02 00:00:00,trondheim,0.9999142270739071,0.8458775892274596,2.257818889358497,1.134473012155773,3.2174441859244367,3.392194594444444,0,True
2023-04-02,2023-04-02 01:00:00,bergen,0.6451119330398716,0.6499131674226943,1.8597798917191115,1.1573228084560594,2.6119392238933172,2.606382645833333,1,True
2023-04-02,2023-04-02 01:00:00,oslo,0.7404168715770005,0.7749133790542743,6.803163742147983,4.673882228644119,10.425017613248318,10.263785,1,True
2023-04-02,2023-04-02 01:00:00,stavanger,0.6570049715730212,0.8217475656601472,3.2701158447663023,2.11187010033072,5.0055399587035225,4.657625,1,True
2023-04-02,2023-04-02 01:00:00,tromsø,0.9820051988862668,0.9930375571112666,1.3311965113516058,0.558493467519731,1.8858015,1.87964,1,True
2023-04-02,2023-04-02 01:00:00,trondheim,1.0186995394134977,0.802608051142255,2.2579587654560247,1.1344795833065708,3.1685012128743892,3.413652594444445,1,True
2023-04-02,2023-04-02 02:00:00,bergen,0.6446008074186357,0.6017622038187623,1.8598686531580804,1.157283677106493,2.5562782291371646,2.6058546458333334,2,True
2023-04-02,2023-04-02 02:00:00,oslo,0.726646518323087,0.7367284408590461,6.803719429428369,4.67388817661899,10.247105778538408,10.199984,2,True
2023-04-02,2023-04-02 02:00:00,stavanger,0.6611508827826025,0.7723056262556689,3.2703434186495337,2.1118501354396244,4.901337160058352,4.666595,2,True
2023-04-02,2023-04-02 02:00:00,tromsø,0.9276005099719749,0.9870762523493476,1.3312652674664784,0.5584966016773465,1.882544,1.849327,2,True
2023-04-02,2023-04-02 02:00:00,trondheim,1.0204033481050623,0.8296006796591701,2.258106014200907,1.134494102154146,3.199283092417306,3.415747594444444,2,True
2023-04-02,2023-04-02 03:00:00,bergen,0.6598400087526289,0.6166561779279166,1.8599629352929357,1.1572482729319724,2.5735872321928484,2.623561645833333,3,True
2023-04-02,2023-04-02 03:00:00,oslo,0.7347080524321395,0.7139009148459393,6.804299102904857,4.673918961045166,10.141014125110782,10.238265,3,True
2023-04-02,2023-04-02 03:00:00,stavanger,0.6498142782145481,0.7608115071634967,3.2705806875641934,2.11183927230161,4.877292307211043,4.6428840000000005,3,True
2023-04-02,2023-04-02 03:00:00,tromsø,0.9295369137290486,1.025433985562113,1.3313389288486415,0.5585050614812768,1.904049,1.85049,3,True
2023-04-02,2023-04-02 03:00:00,trondheim,1.0378713969961728,0.9302328119814195,2.258270557959609,1.1345288442217054,3.313646514993996,3.435765594444444,3,True
2023-04-02,2023-04-02 04:00:00,bergen,0.678957532747312,0.6428802756566772,1.8600820321544764,1.1572323389646753,2.604043877226908,2.6457936458333333,4,True
2023-04-02,2023-04-02 04:00:00,oslo,0.7314950762412776,0.7889307015035719,6.80500125482126,4.674092630598905,10.49253643277233,10.224077,4,True
2023-04-02,2023-04-02 04:00:00,stavanger,0.6664989398848,0.8546815780030396,3.270863101523793,2.111875674880287,5.0758443358767105,4.678426000000001,4,True
2023-04-02,2023-04-02 04:00:00,tromsø,0.8905301120904228,1.0949649212789097,1.3314242811618062,0.5585276815296395,1.9429925,1.82881,4,True
2023-04-02,2023-04-02 04:00:00,trondheim,1.1183244304880955,1.0130438374558777,2.2584632530485655,1.1346012899334454,3.407864097785132,3.5273155944444445,4,True
2023-04-02,2023-04-02 05:00:00,bergen,0.7566809146581714,0.8035917389730539,1.860237392014991,1.1572529937720504,2.790196337712046,2.7359086458333333,5,True
2023-04-02,2023-04-02 05:00:00,oslo,0.7807497652642936,0.857531190804407,6.805812903233392,4.674417155324009,10.814271412754938,10.455362999999998,5,True
2023-04-02,2023-04-02 05:00:00,stavanger,0.7118235515039838,0.9217159628606946,3.2712039873437195,2.1119854906175672,5.217854727376107,4.774565,5,True
2023-04-02,2023-04-02 05:00:00,tromsø,0.9613434330423037,1.2080204717654917,1.3315198293944739,0.5585643508337117,2.006277,1.868492,5,True
2023-04-02,2023-04-02 05:00:00,trondheim,1.1442087420165405,1.061761053471589,2.2586922771921745,1.134731163619707,3.4635056328840763,3.557061594444445,5,True
2023-04-02,2023-04-02 06:00:00,bergen,0.8678318103998176,0.8876296372379555,1.8603856364605376,1.1572657251525504,2.8876089922656156,2.864697645833333,6,True
2023-04-02,2023-04-02 06:00:00,oslo,0.864042945576356,0.8810895166095264,6.806560684810722,4.6746511106516895,10.925346772213004,10.845659999999992,6,True
2023-04-02,2023-04-02 06:00:00,stavanger,0.7993644524556247,0.951743445229431,3.2715186966092564,2.1120607730357728,5.281658693272258,4.959825,6,True
2023-04-02,2023-04-02 06:00:00,tromsø,0.9739376727586544,1.1364593766553026,1.3316051431930402,0.5585869322274098,1.9664165000000002,1.875634,6,True
2023-04-02,2023-04-02 06:00:00,trondheim,1.2542574310260892,1.0763790872868892,2.2589051842362906,1.1348343450066007,3.4804171407363103,3.682279594444444,6,True
2023-04-02,2023-04-02 07:00:00,bergen,0.9493741951810751,0.8198762737224895,1.860519491639728,1.1572635529492705,2.809332421146625,2.9591956458333333,7,True
2023-04-02,2023-04-02 07:00:00,oslo,0.9455953634660689,0.8839489320430751,6.807193197131774,4.6747403526443385,10.939424939430406,11.227605999999996,7,True
2023-04-02,2023-04-02 07:00:00,stavanger,0.9738014580880867,0.9223130260574013,3.271783019555464,2.112077326812228,5.219779450114877,5.328527,7,True
2023-04-02,2023-04-02 07:00:00,tromsø,1.065389317848957,1.081699921012973,1.3316772501469378,0.558593689539352,1.935908,1.926797,7,True
2023-04-02,2023-04-02 07:00:00,trondheim,1.370997416485103,1.0544547039215544,2.2590867310107363,1.134891171000696,3.4557780647114615,3.815019594444444,7,True
2023-04-02,2023-04-02 08:00:00,bergen,1.042333460487405,0.7844343421068624,1.8606488774124352,1.157257071894099,2.768441067252197,3.0668966458333333,8,True
2023-04-02,2023-04-02 08:00:00,oslo,1.033942555346577,0.8738538822595053,6.807739891748943,4.6747375695653615,10.892777465457998,11.64115,8,True
2023-04-02,2023-04-02 08:00:00,stavanger,1.0364513735699576,0.8878981836327212,3.272021996398488,2.1120682160529323,5.147323529140288,5.461078,8,True
2023-04-02,2023-04-02 08:00:00,tromsø,1.0530302437669534,1.00033062173275,1.331739473906911,0.5585903439856632,1.8905145,1.9199520000000003,8,True
2023-04-02,2023-04-02 08:00:00,trondheim,1.3867269451678197,1.0306281578702472,2.2592391578870217,1.1349115570599682,3.4289109652853904,3.833051594444445,8,True
2023-04-02,2023-04-02 09:00:00,bergen,1.0271268546130619,0.7764366998998196,1.8607783678071257,1.1572507063638133,2.7593102872129798,3.049421645833333,9,True
2023-04-02,2023-04-02 09:00:00,oslo,1.0485669445696288,0.864240595031781,6.808232347631919,4.674683555259248,10.848283645014453,11.709950999999998,9,True
2023-04-02,2023-04-02 09:00:00,stavanger,1.066629848659889,0.9543557495904127,3.2722447652319113,2.1120440587692744,5.28788615610664,5.5250140000000005,9,True
2023-04-02,2023-04-02 09:00:00,tromsø,1.0704756308678,0.9323687440630345,1.3317916198143143,0.5585782272324606,1.8525924999999999,1.9297360000000001,9,True
2023-04-02,2023-04-02 09:00:00,trondheim,1.2920281244207474,0.9821651435910596,2.2593656369605384,1.1349048289032428,3.374029601202479,3.7256945944444446,9,True
2023-04-02,2023-04-02 10:00:00,bergen,0.9744002894759881,0.7948033366352627,1.8609112352898551,1.1572476144787371,2.7806955005907534,2.9885336458333334,10,True
2023-04-02,2023-04-02 10:00:00,oslo,1.0372638067919884,0.8301522750580429,6.808667822444183,4.674581476579164,10.689282270170562,11.657442,10,True
2023-04-02,2023-04-02 10:00:00,stavanger,1.0457178054553273,0.9304148211606048,3.2724526539786525,2.1120070199624204,5.237495287746929,5.481016,10,True
2023-04-02,2023-04-02 10:00:00,tromsø,0.9587621635673889,0.8006920108641663,1.3318338036427733,0.5585589593613391,1.7790675,1.867359,10,True
2023-04-02,2023-04-02 10:00:00,trondheim,1.1950384376104102,0.9004583913405948,2.259478412513709,1.1348858239594757,3.281395875911504,3.615710594444444,10,True
2023-04-02,2023-04-02 11:00:00,bergen,0.9109778807642429,0.7393471427796953,1.8610411060935848,1.1572416432936163,2.716644408568399,2.9152626458333333,11,True
2023-04-02,2023-04-02 11:00:00,oslo,0.9663809840562368,0.7973429309470847,6.80906145787804,4.674447879925466,10.536199431017197,11.326359000000002,11,True
2023-04-02,2023-04-02 11:00:00,stavanger,1.0257053860712524,0.9134594248700071,3.272651547921318,2.1119626371233666,5.201843723774972,5.438903000000001,11,True
2023-04-02,2023-04-02 11:00:00,tromsø,0.8303050132272373,0.704675947013475,1.3318718082481495,0.558537145222475,1.7254595,1.795628,11,True
2023-04-02,2023-04-02 11:00:00,trondheim,1.1264516339020378,0.8304484393991151,2.2595718437417593,1.134851876661983,3.20200781366486,3.537927594444444,11,True
2023-04-02,2023-04-02 12:00:00,bergen,0.871754229960933,0.7373235230385051,1.861176147862821,1.1572407259965027,2.7144369569582,2.8700056458333334,12,True
2023-04-02,2023-04-02 12:00:00,oslo,0.9071749791725195,0.7894664692375879,6.809450775023496,4.674311265555848,10.499662785959352,11.049868999999996,12,True
2023-04-02,2023-04-02 12:00:00,stavanger,1.0284170988697519,0.9081229283223052,3.272851911108827,2.1119194646590054,5.190734399735838,5.444786000000001,12,True
2023-04-02,2023-04-02 12:00:00,tromsø,0.7630665377037646,0.6754351557302206,1.3319103815789475,0.5585156698176493,1.7091515,1.7580950000000002,12,True
2023-04-02,2023-04-02 12:00:00,trondheim,1.108658430361711,0.7978892571628182,2.2596634885667943,1.134816704065629,3.1651215455896766,3.517787594444445,12,True
2023-04-02,2023-04-02 13:00:00,bergen,0.9060034122978963,0.7505227700334796,1.8613335865445984,1.1572639187190943,2.7298865084814525,2.909818645833333,13,True
2023-04-02,2023-04-02 13:00:00,oslo,0.8971087828527097,0.7758238658799026,6.8098830092799245,4.67420681958538,10.43624421397286,11.003155,13,True
2023-04-02,2023-04-02 13:00:00,stavanger,1.00372241192465,0.8762439408052884,3.273087929561651,2.111907680106162,5.123634237794829,5.392857,13,True
2023-04-02,2023-04-02 13:00:00,tromsø,0.8070724457106024,0.7317954079570739,1.3319534576530012,0.5584970032648426,1.740659,1.782701,13,True
2023-04-02,2023-04-02 13:00:00,trondheim,1.1348659459235155,0.8313278596824736,2.2597737042493833,1.134795607200161,3.203160907560166,3.547614594444444,13,True
2023-04-02,2023-04-02 14:00:00,bergen,0.8821866906945285,0.828477890681796,1.8615218120624852,1.1573262717974717,2.8203410405518814,2.882499645833333,14,True
2023-04-02,2023-04-02 14:00:00,oslo,0.9289568974532233,0.7870362910371581,6.810432194738079,4.6742069703837545,10.48920271224894,11.152569000000002,14,True
2023-04-02,2023-04-02 14:00:00,stavanger,0.9750947902675748,0.8926323706772996,3.2733720783836424,2.1119463893876964,5.158563790686145,5.33272,14,True
2023-04-02,2023-04-02 14:00:00,tromsø,0.9214922885103436,0.8662491628248752,1.3320066627906977,0.5584857775003784,1.8157945,1.846647,14,True
2023-04-02,2023-04-02 14:00:00,trondheim,1.1555635454646647,0.8988239421156536,2.2599121228411376,1.1348008309452202,3.2798982792274396,3.571246594444444,14,True
2023-04-02,2023-04-02 15:00:00,bergen,0.9031891403546009,0.8375854411012371,1.8617156600758467,1.1573965397182173,2.8311341513247754,2.907063645833333,15,True
2023-04-02,2023-04-02 15:00:00,oslo,0.9643570022332874,0.8255602019583718,6.81103806236054,4.67426681944599,10.669926721829688,11.318699999999998,15,True
2023-04-02,2023-04-02 15:00:00,stavanger,0.9681568177734595,0.9136625147028085,3.2736684045047957,2.1119993765035465,5.203323065891789,5.318415,15,True
2023-04-02,2023-04-02 15:00:00,tromsø,0.9215355330531387,0.9047211090442998,1.3320649053435114,0.5584788390648108,1.8373325,1.846723,15,True
2023-04-02,2023-04-02 15:00:00,trondheim,1.1389618455826136,0.8682564932807116,2.260053382673387,1.1348090515796887,3.2453587103411774,3.5525575944444445,15,True
2023-04-02,2023-04-02 16:00:00,bergen,1.0344793705051158,0.8326810138872744,1.8619052756213794,1.1574608487623121,2.8257009487036067,3.059274645833333,16,True
2023-04-02,2023-04-02 16:00:00,oslo,1.0337584832152904,0.8547253749808522,6.81165839020667,4.674342884001262,10.806937864523727,11.6438,16,True
2023-04-02,2023-04-02 16:00:00,stavanger,1.0424662354387886,0.9672327300262212,3.2739682654248865,2.1120566400391545,5.3168185753399655,5.475716,16,True
2023-04-02,2023-04-02 16:00:00,tromsø,1.0602737756779146,1.004020637138567,1.3321270668154064,0.558475505824894,1.8928479999999999,1.924264,16,True
2023-04-02,2023-04-02 16:00:00,trondheim,1.2881671399863976,0.9342373312183945,2.260200330678527,1.1348234389687608,3.3203947517047827,3.722042594444444,16,True
2023-04-02,2023-04-02 17:00:00,bergen,1.1416247390848338,0.9974425507148394,1.8620984895899377,1.1575302382661472,3.0166684029756796,3.1835636458333334,17,True
2023-04-02,2023-04-02 17:00:00,oslo,1.1975404765961442,0.9558358408637516,6.8123367729247395,4.674487699143618,11.280379653442942,12.410225,17,True
2023-04-02,2023-04-02 17:00:00,stavanger,1.1372177493913729,1.0537497800557287,3.2742889379310007,2.1121399691083838,5.499955965825874,5.676252000000001,17,True
2023-04-02,2023-04-02 17:00:00,tromsø,1.1624925298196185,1.1217668859250793,1.3321979617236117,0.5584810410584986,1.9586835,1.981428,17,True
2023-04-02,2023-04-02 17:00:00,trondheim,1.4687011793042002,1.061667843513707,2.2603658805509896,1.1348596551703527,3.4652098833464073,3.9271355944444446,17,True
2023-04-02,2023-04-02 18:00:00,bergen,1.3293077816974865,1.117111307960691,1.862304152205134,1.1576179082192373,3.1554922077746452,3.401134645833333,18,True
2023-04-02,2023-04-02 18:00:00,oslo,1.2927741911138584,1.0407336753185115,6.813060970063395,4.674691118894988,11.678169439209782,12.856381,18,True
2023-04-02,2023-04-02 18:00:00,stavanger,1.3153248913537827,1.1348726256465096,3.274624381821828,2.112242865957363,5.671750989113969,6.052909999999999,18,True
2023-04-02,2023-04-02 18:00:00,tromsø,1.3466549799601149,1.292478472853004,1.3322791628316506,0.5584985377551013,2.0541264999999997,2.084384,18,True
2023-04-02,2023-04-02 18:00:00,trondheim,1.5924913519255468,1.1537253626746973,2.260561891787652,1.134937216752492,3.5699677437984327,4.067939594444446,18,True
2023-04-02,2023-04-02 19:00:00,bergen,1.320042710139211,1.1709394071950252,1.8625121443983057,1.157709132967267,3.2181193902592637,3.390737645833333,19,True
2023-04-02,2023-04-02 19:00:00,oslo,1.3254898233046684,1.1337070014999784,6.813795170794695,4.674907887075497,12.113770973739655,13.010337999999996,19,True
2023-04-02,2023-04-02 19:00:00,stavanger,1.3186575768257887,1.1798135785842374,3.2749716879162265,2.1123621181390067,5.767165197783587,6.060453999999999,19,True
2023-04-02,2023-04-02 19:00:00,tromsø,1.3656072103941805,1.3707206530528608,1.3323693766874045,0.5585278237454784,2.097955,2.095099,19,True
2023-04-02,2023-04-02 19:00:00,trondheim,1.6143286430896444,1.2135058177480604,2.260779250597684,1.1350479047066069,3.6381664863818974,4.0931195944444445,19,True
2023-04-02,2023-04-02 20:00:00,bergen,1.265750503662071,1.1570080799641027,1.8627157180487088,1.1577936754081484,3.2022923554272724,3.328193645833333,20,True
2023-04-02,2023-04-02 20:00:00,oslo,1.2671255851220953,1.0278550627495058,6.814474858920188,4.675054478131313,11.619753272897206,12.738356,20,True
2023-04-02,2023-04-02 20:00:00,stavanger,1.2309472050419124,1.1886829322300527,3.2753048406523866,2.1124619713150694,5.7863523309396605,5.875634,20,True
2023-04-02,2023-04-02 20:00:00,tromsø,1.3317835814431622,1.365133674054844,1.3324610700704225,0.5585591685425992,2.094969,2.076341,20,True
2023-04-02,2023-04-02 20:00:00,trondheim,1.5238384963627136,1.161510648378066,2.2609883549807646,1.1351453868586001,3.579471809274268,3.9907665944444446,20,True
2023-04-02,2023-04-02 21:00:00,bergen,1.0915364275608899,1.004888839952405,1.862893659244318,1.157842243903046,3.0263964085679396,3.126720645833333,21,True
2023-04-02,2023-04-02 21:00:00,oslo,1.1378527919896875,0.9413205078995915,6.815072729491844,4.67510587305952,11.215845764404595,12.134655000000004,21,True
2023-04-02,2023-04-02 21:00:00,stavanger,1.111120031475514,1.038080519552804,3.2755841320688104,2.1124953213328106,5.468524372790842,5.622819999999999,21,True
2023-04-02,2023-04-02 21:00:00,tromsø,1.2277396504633717,1.245143645414348,1.3325438437976764,0.5585786497515937,2.0280545,2.018333,21,True
2023-04-02,2023-04-02 21:00:00,trondheim,1.3106345058030497,1.0236164938591834,2.261184309004877,1.1352228854435107,3.4232171787512686,3.7490465944444447,21,True
